
#include "diceware_wordlist.hpp"

unsigned char diceware_wordlist_txt[] = {
  0x31, 0x31, 0x31, 0x31, 0x31, 0x09, 0x61, 0x0a, 0x31, 0x31, 0x31, 0x31,
  0x32, 0x09, 0x61, 0x26, 0x70, 0x0a, 0x31, 0x31, 0x31, 0x31, 0x33, 0x09,
  0x61, 0x27, 0x73, 0x0a, 0x31, 0x31, 0x31, 0x31, 0x34, 0x09, 0x61, 0x61,
  0x0a, 0x31, 0x31, 0x31, 0x31, 0x35, 0x09, 0x61, 0x61, 0x61, 0x0a, 0x31,
  0x31, 0x31, 0x31, 0x36, 0x09, 0x61, 0x61, 0x61, 0x61, 0x0a, 0x31, 0x31,
  0x31, 0x32, 0x31, 0x09, 0x61, 0x61, 0x72, 0x6f, 0x6e, 0x0a, 0x31, 0x31,
  0x31, 0x32, 0x32, 0x09, 0x61, 0x62, 0x0a, 0x31, 0x31, 0x31, 0x32, 0x33,
  0x09, 0x61, 0x62, 0x61, 0x0a, 0x31, 0x31, 0x31, 0x32, 0x34, 0x09, 0x61,
  0x62, 0x61, 0x62, 0x61, 0x0a, 0x31, 0x31, 0x31, 0x32, 0x35, 0x09, 0x61,
  0x62, 0x61, 0x63, 0x6b, 0x0a, 0x31, 0x31, 0x31, 0x32, 0x36, 0x09, 0x61,
  0x62, 0x61, 0x73, 0x65, 0x0a, 0x31, 0x31, 0x31, 0x33, 0x31, 0x09, 0x61,
  0x62, 0x61, 0x73, 0x68, 0x0a, 0x31, 0x31, 0x31, 0x33, 0x32, 0x09, 0x61,
  0x62, 0x61, 0x74, 0x65, 0x0a, 0x31, 0x31, 0x31, 0x33, 0x33, 0x09, 0x61,
  0x62, 0x62, 0x61, 0x73, 0x0a, 0x31, 0x31, 0x31, 0x33, 0x34, 0x09, 0x61,
  0x62, 0x62, 0x65, 0x0a, 0x31, 0x31, 0x31, 0x33, 0x35, 0x09, 0x61, 0x62,
  0x62, 0x65, 0x79, 0x0a, 0x31, 0x31, 0x31, 0x33, 0x36, 0x09, 0x61, 0x62,
  0x62, 0x6f, 0x74, 0x0a, 0x31, 0x31, 0x31, 0x34, 0x31, 0x09, 0x61, 0x62,
  0x62, 0x6f, 0x74, 0x74, 0x0a, 0x31, 0x31, 0x31, 0x34, 0x32, 0x09, 0x61,
  0x62, 0x63, 0x0a, 0x31, 0x31, 0x31, 0x34, 0x33, 0x09, 0x61, 0x62, 0x65,
  0x0a, 0x31, 0x31, 0x31, 0x34, 0x34, 0x09, 0x61, 0x62, 0x65, 0x64, 0x0a,
  0x31, 0x31, 0x31, 0x34, 0x35, 0x09, 0x61, 0x62, 0x65, 0x6c, 0x0a, 0x31,
  0x31, 0x31, 0x34, 0x36, 0x09, 0x61, 0x62, 0x65, 0x74, 0x0a, 0x31, 0x31,
  0x31, 0x35, 0x31, 0x09, 0x61, 0x62, 0x69, 0x64, 0x65, 0x0a, 0x31, 0x31,
  0x31, 0x35, 0x32, 0x09, 0x61, 0x62, 0x6a, 0x65, 0x63, 0x74, 0x0a, 0x31,
  0x31, 0x31, 0x35, 0x33, 0x09, 0x61, 0x62, 0x6c, 0x61, 0x7a, 0x65, 0x0a,
  0x31, 0x31, 0x31, 0x35, 0x34, 0x09, 0x61, 0x62, 0x6c, 0x65, 0x0a, 0x31,
  0x31, 0x31, 0x35, 0x35, 0x09, 0x61, 0x62, 0x6e, 0x65, 0x72, 0x0a, 0x31,
  0x31, 0x31, 0x35, 0x36, 0x09, 0x61, 0x62, 0x6f, 0x0a, 0x31, 0x31, 0x31,
  0x36, 0x31, 0x09, 0x61, 0x62, 0x6f, 0x64, 0x65, 0x0a, 0x31, 0x31, 0x31,
  0x36, 0x32, 0x09, 0x61, 0x62, 0x6f, 0x72, 0x74, 0x0a, 0x31, 0x31, 0x31,
  0x36, 0x33, 0x09, 0x61, 0x62, 0x6f, 0x75, 0x74, 0x0a, 0x31, 0x31, 0x31,
  0x36, 0x34, 0x09, 0x61, 0x62, 0x6f, 0x76, 0x65, 0x0a, 0x31, 0x31, 0x31,
  0x36, 0x35, 0x09, 0x61, 0x62, 0x72, 0x61, 0x64, 0x65, 0x0a, 0x31, 0x31,
  0x31, 0x36, 0x36, 0x09, 0x61, 0x62, 0x72, 0x61, 0x6d, 0x0a, 0x31, 0x31,
  0x32, 0x31, 0x31, 0x09, 0x61, 0x62, 0x73, 0x6f, 0x72, 0x62, 0x0a, 0x31,
  0x31, 0x32, 0x31, 0x32, 0x09, 0x61, 0x62, 0x75, 0x73, 0x65, 0x0a, 0x31,
  0x31, 0x32, 0x31, 0x33, 0x09, 0x61, 0x62, 0x75, 0x74, 0x0a, 0x31, 0x31,
  0x32, 0x31, 0x34, 0x09, 0x61, 0x62, 0x79, 0x73, 0x73, 0x0a, 0x31, 0x31,
  0x32, 0x31, 0x35, 0x09, 0x61, 0x63, 0x0a, 0x31, 0x31, 0x32, 0x31, 0x36,
  0x09, 0x61, 0x63, 0x61, 0x64, 0x69, 0x61, 0x0a, 0x31, 0x31, 0x32, 0x32,
  0x31, 0x09, 0x61, 0x63, 0x63, 0x72, 0x61, 0x0a, 0x31, 0x31, 0x32, 0x32,
  0x32, 0x09, 0x61, 0x63, 0x63, 0x72, 0x75, 0x65, 0x0a, 0x31, 0x31, 0x32,
  0x32, 0x33, 0x09, 0x61, 0x63, 0x65, 0x0a, 0x31, 0x31, 0x32, 0x32, 0x34,
  0x09, 0x61, 0x63, 0x65, 0x74, 0x69, 0x63, 0x0a, 0x31, 0x31, 0x32, 0x32,
  0x35, 0x09, 0x61, 0x63, 0x68, 0x65, 0x0a, 0x31, 0x31, 0x32, 0x32, 0x36,
  0x09, 0x61, 0x63, 0x69, 0x64, 0x0a, 0x31, 0x31, 0x32, 0x33, 0x31, 0x09,
  0x61, 0x63, 0x69, 0x64, 0x69, 0x63, 0x0a, 0x31, 0x31, 0x32, 0x33, 0x32,
  0x09, 0x61, 0x63, 0x6d, 0x0a, 0x31, 0x31, 0x32, 0x33, 0x33, 0x09, 0x61,
  0x63, 0x6d, 0x65, 0x0a, 0x31, 0x31, 0x32, 0x33, 0x34, 0x09, 0x61, 0x63,
  0x6f, 0x72, 0x6e, 0x0a, 0x31, 0x31, 0x32, 0x33, 0x35, 0x09, 0x61, 0x63,
  0x72, 0x65, 0x0a, 0x31, 0x31, 0x32, 0x33, 0x36, 0x09, 0x61, 0x63, 0x72,
  0x69, 0x64, 0x0a, 0x31, 0x31, 0x32, 0x34, 0x31, 0x09, 0x61, 0x63, 0x74,
  0x0a, 0x31, 0x31, 0x32, 0x34, 0x32, 0x09, 0x61, 0x63, 0x74, 0x6f, 0x6e,
  0x0a, 0x31, 0x31, 0x32, 0x34, 0x33, 0x09, 0x61, 0x63, 0x74, 0x6f, 0x72,
  0x0a, 0x31, 0x31, 0x32, 0x34, 0x34, 0x09, 0x61, 0x63, 0x74, 0x73, 0x0a,
  0x31, 0x31, 0x32, 0x34, 0x35, 0x09, 0x61, 0x63, 0x75, 0x69, 0x74, 0x79,
  0x0a, 0x31, 0x31, 0x32, 0x34, 0x36, 0x09, 0x61, 0x63, 0x75, 0x74, 0x65,
  0x0a, 0x31, 0x31, 0x32, 0x35, 0x31, 0x09, 0x61, 0x64, 0x0a, 0x31, 0x31,
  0x32, 0x35, 0x32, 0x09, 0x61, 0x64, 0x61, 0x0a, 0x31, 0x31, 0x32, 0x35,
  0x33, 0x09, 0x61, 0x64, 0x61, 0x67, 0x65, 0x0a, 0x31, 0x31, 0x32, 0x35,
  0x34, 0x09, 0x61, 0x64, 0x61, 0x67, 0x69, 0x6f, 0x0a, 0x31, 0x31, 0x32,
  0x35, 0x35, 0x09, 0x61, 0x64, 0x61, 0x69, 0x72, 0x0a, 0x31, 0x31, 0x32,
  0x35, 0x36, 0x09, 0x61, 0x64, 0x61, 0x6d, 0x0a, 0x31, 0x31, 0x32, 0x36,
  0x31, 0x09, 0x61, 0x64, 0x61, 0x6d, 0x73, 0x0a, 0x31, 0x31, 0x32, 0x36,
  0x32, 0x09, 0x61, 0x64, 0x61, 0x70, 0x74, 0x0a, 0x31, 0x31, 0x32, 0x36,
  0x33, 0x09, 0x61, 0x64, 0x64, 0x0a, 0x31, 0x31, 0x32, 0x36, 0x34, 0x09,
  0x61, 0x64, 0x64, 0x65, 0x64, 0x0a, 0x31, 0x31, 0x32, 0x36, 0x35, 0x09,
  0x61, 0x64, 0x64, 0x69, 0x63, 0x74, 0x0a, 0x31, 0x31, 0x32, 0x36, 0x36,
  0x09, 0x61, 0x64, 0x64, 0x69, 0x73, 0x0a, 0x31, 0x31, 0x33, 0x31, 0x31,
  0x09, 0x61, 0x64, 0x64, 0x6c, 0x65, 0x0a, 0x31, 0x31, 0x33, 0x31, 0x32,
  0x09, 0x61, 0x64, 0x65, 0x6c, 0x65, 0x0a, 0x31, 0x31, 0x33, 0x31, 0x33,
  0x09, 0x61, 0x64, 0x65, 0x6e, 0x0a, 0x31, 0x31, 0x33, 0x31, 0x34, 0x09,
  0x61, 0x64, 0x65, 0x70, 0x74, 0x0a, 0x31, 0x31, 0x33, 0x31, 0x35, 0x09,
  0x61, 0x64, 0x69, 0x65, 0x75, 0x0a, 0x31, 0x31, 0x33, 0x31, 0x36, 0x09,
  0x61, 0x64, 0x6a, 0x75, 0x73, 0x74, 0x0a, 0x31, 0x31, 0x33, 0x32, 0x31,
  0x09, 0x61, 0x64, 0x6c, 0x65, 0x72, 0x0a, 0x31, 0x31, 0x33, 0x32, 0x32,
  0x09, 0x61, 0x64, 0x6d, 0x69, 0x74, 0x0a, 0x31, 0x31, 0x33, 0x32, 0x33,
  0x09, 0x61, 0x64, 0x6d, 0x69, 0x78, 0x0a, 0x31, 0x31, 0x33, 0x32, 0x34,
  0x09, 0x61, 0x64, 0x6f, 0x0a, 0x31, 0x31, 0x33, 0x32, 0x35, 0x09, 0x61,
  0x64, 0x6f, 0x62, 0x65, 0x0a, 0x31, 0x31, 0x33, 0x32, 0x36, 0x09, 0x61,
  0x64, 0x6f, 0x6e, 0x69, 0x73, 0x0a, 0x31, 0x31, 0x33, 0x33, 0x31, 0x09,
  0x61, 0x64, 0x6f, 0x70, 0x74, 0x0a, 0x31, 0x31, 0x33, 0x33, 0x32, 0x09,
  0x61, 0x64, 0x6f, 0x72, 0x65, 0x0a, 0x31, 0x31, 0x33, 0x33, 0x33, 0x09,
  0x61, 0x64, 0x6f, 0x72, 0x6e, 0x0a, 0x31, 0x31, 0x33, 0x33, 0x34, 0x09,
  0x61, 0x64, 0x75, 0x6c, 0x74, 0x0a, 0x31, 0x31, 0x33, 0x33, 0x35, 0x09,
  0x61, 0x64, 0x76, 0x65, 0x6e, 0x74, 0x0a, 0x31, 0x31, 0x33, 0x33, 0x36,
  0x09, 0x61, 0x64, 0x76, 0x65, 0x72, 0x74, 0x0a, 0x31, 0x31, 0x33, 0x34,
  0x31, 0x09, 0x61, 0x64, 0x76, 0x69, 0x73, 0x65, 0x0a, 0x31, 0x31, 0x33,
  0x34, 0x32, 0x09, 0x61, 0x65, 0x0a, 0x31, 0x31, 0x33, 0x34, 0x33, 0x09,
  0x61, 0x65, 0x67, 0x69, 0x73, 0x0a, 0x31, 0x31, 0x33, 0x34, 0x34, 0x09,
  0x61, 0x65, 0x6e, 0x65, 0x69, 0x64, 0x0a, 0x31, 0x31, 0x33, 0x34, 0x35,
  0x09, 0x61, 0x66, 0x0a, 0x31, 0x31, 0x33, 0x34, 0x36, 0x09, 0x61, 0x66,
  0x61, 0x72, 0x0a, 0x31, 0x31, 0x33, 0x35, 0x31, 0x09, 0x61, 0x66, 0x66,
  0x61, 0x69, 0x72, 0x0a, 0x31, 0x31, 0x33, 0x35, 0x32, 0x09, 0x61, 0x66,
  0x66, 0x69, 0x6e, 0x65, 0x0a, 0x31, 0x31, 0x33, 0x35, 0x33, 0x09, 0x61,
  0x66, 0x66, 0x69, 0x78, 0x0a, 0x31, 0x31, 0x33, 0x35, 0x34, 0x09, 0x61,
  0x66, 0x69, 0x72, 0x65, 0x0a, 0x31, 0x31, 0x33, 0x35, 0x35, 0x09, 0x61,
  0x66, 0x6f, 0x6f, 0x74, 0x0a, 0x31, 0x31, 0x33, 0x35, 0x36, 0x09, 0x61,
  0x66, 0x72, 0x61, 0x69, 0x64, 0x0a, 0x31, 0x31, 0x33, 0x36, 0x31, 0x09,
  0x61, 0x66, 0x72, 0x69, 0x63, 0x61, 0x0a, 0x31, 0x31, 0x33, 0x36, 0x32,
  0x09, 0x61, 0x66, 0x72, 0x6f, 0x0a, 0x31, 0x31, 0x33, 0x36, 0x33, 0x09,
  0x61, 0x66, 0x74, 0x0a, 0x31, 0x31, 0x33, 0x36, 0x34, 0x09, 0x61, 0x67,
  0x0a, 0x31, 0x31, 0x33, 0x36, 0x35, 0x09, 0x61, 0x67, 0x61, 0x69, 0x6e,
  0x0a, 0x31, 0x31, 0x33, 0x36, 0x36, 0x09, 0x61, 0x67, 0x61, 0x74, 0x65,
  0x0a, 0x31, 0x31, 0x34, 0x31, 0x31, 0x09, 0x61, 0x67, 0x61, 0x76, 0x65,
  0x0a, 0x31, 0x31, 0x34, 0x31, 0x32, 0x09, 0x61, 0x67, 0x65, 0x0a, 0x31,
  0x31, 0x34, 0x31, 0x33, 0x09, 0x61, 0x67, 0x65, 0x65, 0x0a, 0x31, 0x31,
  0x34, 0x31, 0x34, 0x09, 0x61, 0x67, 0x65, 0x6e, 0x64, 0x61, 0x0a, 0x31,
  0x31, 0x34, 0x31, 0x35, 0x09, 0x61, 0x67, 0x65, 0x6e, 0x74, 0x0a, 0x31,
  0x31, 0x34, 0x31, 0x36, 0x09, 0x61, 0x67, 0x69, 0x6c, 0x65, 0x0a, 0x31,
  0x31, 0x34, 0x32, 0x31, 0x09, 0x61, 0x67, 0x69, 0x6e, 0x67, 0x0a, 0x31,
  0x31, 0x34, 0x32, 0x32, 0x09, 0x61, 0x67, 0x6e, 0x65, 0x73, 0x0a, 0x31,
  0x31, 0x34, 0x32, 0x33, 0x09, 0x61, 0x67, 0x6e, 0x65, 0x77, 0x0a, 0x31,
  0x31, 0x34, 0x32, 0x34, 0x09, 0x61, 0x67, 0x6f, 0x0a, 0x31, 0x31, 0x34,
  0x32, 0x35, 0x09, 0x61, 0x67, 0x6f, 0x6e, 0x65, 0x0a, 0x31, 0x31, 0x34,
  0x32, 0x36, 0x09, 0x61, 0x67, 0x6f, 0x6e, 0x79, 0x0a, 0x31, 0x31, 0x34,
  0x33, 0x31, 0x09, 0x61, 0x67, 0x72, 0x65, 0x65, 0x0a, 0x31, 0x31, 0x34,
  0x33, 0x32, 0x09, 0x61, 0x67, 0x75, 0x65, 0x0a, 0x31, 0x31, 0x34, 0x33,
  0x33, 0x09, 0x61, 0x67, 0x77, 0x61, 0x79, 0x0a, 0x31, 0x31, 0x34, 0x33,
  0x34, 0x09, 0x61, 0x68, 0x0a, 0x31, 0x31, 0x34, 0x33, 0x35, 0x09, 0x61,
  0x68, 0x65, 0x61, 0x64, 0x0a, 0x31, 0x31, 0x34, 0x33, 0x36, 0x09, 0x61,
  0x68, 0x65, 0x6d, 0x0a, 0x31, 0x31, 0x34, 0x34, 0x31, 0x09, 0x61, 0x68,
  0x6f, 0x79, 0x0a, 0x31, 0x31, 0x34, 0x34, 0x32, 0x09, 0x61, 0x69, 0x0a,
  0x31, 0x31, 0x34, 0x34, 0x33, 0x09, 0x61, 0x69, 0x64, 0x0a, 0x31, 0x31,
  0x34, 0x34, 0x34, 0x09, 0x61, 0x69, 0x64, 0x61, 0x0a, 0x31, 0x31, 0x34,
  0x34, 0x35, 0x09, 0x61, 0x69, 0x64, 0x65, 0x0a, 0x31, 0x31, 0x34, 0x34,
  0x36, 0x09, 0x61, 0x69, 0x64, 0x65, 0x73, 0x0a, 0x31, 0x31, 0x34, 0x35,
  0x31, 0x09, 0x61, 0x69, 0x6b, 0x65, 0x6e, 0x0a, 0x31, 0x31, 0x34, 0x35,
  0x32, 0x09, 0x61, 0x69, 0x6c, 0x0a, 0x31, 0x31, 0x34, 0x35, 0x33, 0x09,
  0x61, 0x69, 0x6c, 0x65, 0x0a, 0x31, 0x31, 0x34, 0x35, 0x34, 0x09, 0x61,
  0x69, 0x6d, 0x0a, 0x31, 0x31, 0x34, 0x35, 0x35, 0x09, 0x61, 0x69, 0x6e,
  0x27, 0x74, 0x0a, 0x31, 0x31, 0x34, 0x35, 0x36, 0x09, 0x61, 0x69, 0x6e,
  0x75, 0x0a, 0x31, 0x31, 0x34, 0x36, 0x31, 0x09, 0x61, 0x69, 0x72, 0x0a,
  0x31, 0x31, 0x34, 0x36, 0x32, 0x09, 0x61, 0x69, 0x72, 0x65, 0x73, 0x0a,
  0x31, 0x31, 0x34, 0x36, 0x33, 0x09, 0x61, 0x69, 0x72, 0x6d, 0x61, 0x6e,
  0x0a, 0x31, 0x31, 0x34, 0x36, 0x34, 0x09, 0x61, 0x69, 0x72, 0x77, 0x61,
  0x79, 0x0a, 0x31, 0x31, 0x34, 0x36, 0x35, 0x09, 0x61, 0x69, 0x72, 0x79,
  0x0a, 0x31, 0x31, 0x34, 0x36, 0x36, 0x09, 0x61, 0x69, 0x73, 0x6c, 0x65,
  0x0a, 0x31, 0x31, 0x35, 0x31, 0x31, 0x09, 0x61, 0x6a, 0x0a, 0x31, 0x31,
  0x35, 0x31, 0x32, 0x09, 0x61, 0x6a, 0x61, 0x72, 0x0a, 0x31, 0x31, 0x35,
  0x31, 0x33, 0x09, 0x61, 0x6a, 0x61, 0x78, 0x0a, 0x31, 0x31, 0x35, 0x31,
  0x34, 0x09, 0x61, 0x6b, 0x0a, 0x31, 0x31, 0x35, 0x31, 0x35, 0x09, 0x61,
  0x6b, 0x65, 0x72, 0x73, 0x0a, 0x31, 0x31, 0x35, 0x31, 0x36, 0x09, 0x61,
  0x6b, 0x69, 0x6e, 0x0a, 0x31, 0x31, 0x35, 0x32, 0x31, 0x09, 0x61, 0x6b,
  0x72, 0x6f, 0x6e, 0x0a, 0x31, 0x31, 0x35, 0x32, 0x32, 0x09, 0x61, 0x6c,
  0x0a, 0x31, 0x31, 0x35, 0x32, 0x33, 0x09, 0x61, 0x6c, 0x61, 0x0a, 0x31,
  0x31, 0x35, 0x32, 0x34, 0x09, 0x61, 0x6c, 0x61, 0x69, 0x0a, 0x31, 0x31,
  0x35, 0x32, 0x35, 0x09, 0x61, 0x6c, 0x61, 0x6d, 0x6f, 0x0a, 0x31, 0x31,
  0x35, 0x32, 0x36, 0x09, 0x61, 0x6c, 0x61, 0x6e, 0x0a, 0x31, 0x31, 0x35,
  0x33, 0x31, 0x09, 0x61, 0x6c, 0x61, 0x72, 0x6d, 0x0a, 0x31, 0x31, 0x35,
  0x33, 0x32, 0x09, 0x61, 0x6c, 0x61, 0x73, 0x6b, 0x61, 0x0a, 0x31, 0x31,
  0x35, 0x33, 0x33, 0x09, 0x61, 0x6c, 0x62, 0x0a, 0x31, 0x31, 0x35, 0x33,
  0x34, 0x09, 0x61, 0x6c, 0x62, 0x61, 0x0a, 0x31, 0x31, 0x35, 0x33, 0x35,
  0x09, 0x61, 0x6c, 0x62, 0x75, 0x6d, 0x0a, 0x31, 0x31, 0x35, 0x33, 0x36,
  0x09, 0x61, 0x6c, 0x63, 0x6f, 0x61, 0x0a, 0x31, 0x31, 0x35, 0x34, 0x31,
  0x09, 0x61, 0x6c, 0x64, 0x65, 0x6e, 0x0a, 0x31, 0x31, 0x35, 0x34, 0x32,
  0x09, 0x61, 0x6c, 0x64, 0x65, 0x72, 0x0a, 0x31, 0x31, 0x35, 0x34, 0x33,
  0x09, 0x61, 0x6c, 0x65, 0x0a, 0x31, 0x31, 0x35, 0x34, 0x34, 0x09, 0x61,
  0x6c, 0x65, 0x63, 0x0a, 0x31, 0x31, 0x35, 0x34, 0x35, 0x09, 0x61, 0x6c,
  0x65, 0x63, 0x6b, 0x0a, 0x31, 0x31, 0x35, 0x34, 0x36, 0x09, 0x61, 0x6c,
  0x65, 0x70, 0x68, 0x0a, 0x31, 0x31, 0x35, 0x35, 0x31, 0x09, 0x61, 0x6c,
  0x65, 0x72, 0x74, 0x0a, 0x31, 0x31, 0x35, 0x35, 0x32, 0x09, 0x61, 0x6c,
  0x65, 0x78, 0x0a, 0x31, 0x31, 0x35, 0x35, 0x33, 0x09, 0x61, 0x6c, 0x65,
  0x78, 0x65, 0x69, 0x0a, 0x31, 0x31, 0x35, 0x35, 0x34, 0x09, 0x61, 0x6c,
  0x67, 0x61, 0x0a, 0x31, 0x31, 0x35, 0x35, 0x35, 0x09, 0x61, 0x6c, 0x67,
  0x61, 0x65, 0x0a, 0x31, 0x31, 0x35, 0x35, 0x36, 0x09, 0x61, 0x6c, 0x67,
  0x61, 0x6c, 0x0a, 0x31, 0x31, 0x35, 0x36, 0x31, 0x09, 0x61, 0x6c, 0x67,
  0x65, 0x72, 0x0a, 0x31, 0x31, 0x35, 0x36, 0x32, 0x09, 0x61, 0x6c, 0x67,
  0x6f, 0x6c, 0x0a, 0x31, 0x31, 0x35, 0x36, 0x33, 0x09, 0x61, 0x6c, 0x69,
  0x0a, 0x31, 0x31, 0x35, 0x36, 0x34, 0x09, 0x61, 0x6c, 0x69, 0x61, 0x0a,
  0x31, 0x31, 0x35, 0x36, 0x35, 0x09, 0x61, 0x6c, 0x69, 0x61, 0x73, 0x0a,
  0x31, 0x31, 0x35, 0x36, 0x36, 0x09, 0x61, 0x6c, 0x69, 0x62, 0x69, 0x0a,
  0x31, 0x31, 0x36, 0x31, 0x31, 0x09, 0x61, 0x6c, 0x69, 0x63, 0x65, 0x0a,
  0x31, 0x31, 0x36, 0x31, 0x32, 0x09, 0x61, 0x6c, 0x69, 0x65, 0x6e, 0x0a,
  0x31, 0x31, 0x36, 0x31, 0x33, 0x09, 0x61, 0x6c, 0x69, 0x67, 0x68, 0x74,
  0x0a, 0x31, 0x31, 0x36, 0x31, 0x34, 0x09, 0x61, 0x6c, 0x69, 0x67, 0x6e,
  0x0a, 0x31, 0x31, 0x36, 0x31, 0x35, 0x09, 0x61, 0x6c, 0x69, 0x6b, 0x65,
  0x0a, 0x31, 0x31, 0x36, 0x31, 0x36, 0x09, 0x61, 0x6c, 0x69, 0x76, 0x65,
  0x0a, 0x31, 0x31, 0x36, 0x32, 0x31, 0x09, 0x61, 0x6c, 0x6c, 0x0a, 0x31,
  0x31, 0x36, 0x32, 0x32, 0x09, 0x61, 0x6c, 0x6c, 0x61, 0x68, 0x0a, 0x31,
  0x31, 0x36, 0x32, 0x33, 0x09, 0x61, 0x6c, 0x6c, 0x61, 0x6e, 0x0a, 0x31,
  0x31, 0x36, 0x32, 0x34, 0x09, 0x61, 0x6c, 0x6c, 0x61, 0x79, 0x0a, 0x31,
  0x31, 0x36, 0x32, 0x35, 0x09, 0x61, 0x6c, 0x6c, 0x65, 0x6e, 0x0a, 0x31,
  0x31, 0x36, 0x32, 0x36, 0x09, 0x61, 0x6c, 0x6c, 0x65, 0x79, 0x0a, 0x31,
  0x31, 0x36, 0x33, 0x31, 0x09, 0x61, 0x6c, 0x6c, 0x69, 0x65, 0x64, 0x0a,
  0x31, 0x31, 0x36, 0x33, 0x32, 0x09, 0x61, 0x6c, 0x6c, 0x69, 0x73, 0x0a,
  0x31, 0x31, 0x36, 0x33, 0x33, 0x09, 0x61, 0x6c, 0x6c, 0x6f, 0x74, 0x0a,
  0x31, 0x31, 0x36, 0x33, 0x34, 0x09, 0x61, 0x6c, 0x6c, 0x6f, 0x77, 0x0a,
  0x31, 0x31, 0x36, 0x33, 0x35, 0x09, 0x61, 0x6c, 0x6c, 0x6f, 0x79, 0x0a,
  0x31, 0x31, 0x36, 0x33, 0x36, 0x09, 0x61, 0x6c, 0x6c, 0x75, 0x72, 0x65,
  0x0a, 0x31, 0x31, 0x36, 0x34, 0x31, 0x09, 0x61, 0x6c, 0x6c, 0x79, 0x0a,
  0x31, 0x31, 0x36, 0x34, 0x32, 0x09, 0x61, 0x6c, 0x6c, 0x79, 0x6c, 0x0a,
  0x31, 0x31, 0x36, 0x34, 0x33, 0x09, 0x61, 0x6c, 0x6c, 0x79, 0x6e, 0x0a,
  0x31, 0x31, 0x36, 0x34, 0x34, 0x09, 0x61, 0x6c, 0x6d, 0x61, 0x0a, 0x31,
  0x31, 0x36, 0x34, 0x35, 0x09, 0x61, 0x6c, 0x6d, 0x6f, 0x73, 0x74, 0x0a,
  0x31, 0x31, 0x36, 0x34, 0x36, 0x09, 0x61, 0x6c, 0x6f, 0x65, 0x0a, 0x31,
  0x31, 0x36, 0x35, 0x31, 0x09, 0x61, 0x6c, 0x6f, 0x66, 0x74, 0x0a, 0x31,
  0x31, 0x36, 0x35, 0x32, 0x09, 0x61, 0x6c, 0x6f, 0x68, 0x61, 0x0a, 0x31,
  0x31, 0x36, 0x35, 0x33, 0x09, 0x61, 0x6c, 0x6f, 0x6e, 0x65, 0x0a, 0x31,
  0x31, 0x36, 0x35, 0x34, 0x09, 0x61, 0x6c, 0x6f, 0x6e, 0x67, 0x0a, 0x31,
  0x31, 0x36, 0x35, 0x35, 0x09, 0x61, 0x6c, 0x6f, 0x6f, 0x66, 0x0a, 0x31,
  0x31, 0x36, 0x35, 0x36, 0x09, 0x61, 0x6c, 0x6f, 0x75, 0x64, 0x0a, 0x31,
  0x31, 0x36, 0x36, 0x31, 0x09, 0x61, 0x6c, 0x70, 0x0a, 0x31, 0x31, 0x36,
  0x36, 0x32, 0x09, 0x61, 0x6c, 0x70, 0x68, 0x61, 0x0a, 0x31, 0x31, 0x36,
  0x36, 0x33, 0x09, 0x61, 0x6c, 0x70, 0x73, 0x0a, 0x31, 0x31, 0x36, 0x36,
  0x34, 0x09, 0x61, 0x6c, 0x73, 0x6f, 0x0a, 0x31, 0x31, 0x36, 0x36, 0x35,
  0x09, 0x61, 0x6c, 0x73, 0x6f, 0x70, 0x0a, 0x31, 0x31, 0x36, 0x36, 0x36,
  0x09, 0x61, 0x6c, 0x74, 0x61, 0x69, 0x72, 0x0a, 0x31, 0x32, 0x31, 0x31,
  0x31, 0x09, 0x61, 0x6c, 0x74, 0x61, 0x72, 0x0a, 0x31, 0x32, 0x31, 0x31,
  0x32, 0x09, 0x61, 0x6c, 0x74, 0x65, 0x72, 0x0a, 0x31, 0x32, 0x31, 0x31,
  0x33, 0x09, 0x61, 0x6c, 0x74, 0x6f, 0x0a, 0x31, 0x32, 0x31, 0x31, 0x34,
  0x09, 0x61, 0x6c, 0x74, 0x6f, 0x6e, 0x0a, 0x31, 0x32, 0x31, 0x31, 0x35,
  0x09, 0x61, 0x6c, 0x75, 0x6d, 0x0a, 0x31, 0x32, 0x31, 0x31, 0x36, 0x09,
  0x61, 0x6c, 0x75, 0x6d, 0x6e, 0x69, 0x0a, 0x31, 0x32, 0x31, 0x32, 0x31,
  0x09, 0x61, 0x6c, 0x76, 0x61, 0x0a, 0x31, 0x32, 0x31, 0x32, 0x32, 0x09,
  0x61, 0x6c, 0x76, 0x69, 0x6e, 0x0a, 0x31, 0x32, 0x31, 0x32, 0x33, 0x09,
  0x61, 0x6c, 0x77, 0x61, 0x79, 0x0a, 0x31, 0x32, 0x31, 0x32, 0x34, 0x09,
  0x61, 0x6d, 0x0a, 0x31, 0x32, 0x31, 0x32, 0x35, 0x09, 0x61, 0x6d, 0x61,
  0x0a, 0x31, 0x32, 0x31, 0x32, 0x36, 0x09, 0x61, 0x6d, 0x61, 0x73, 0x73,
  0x0a, 0x31, 0x32, 0x31, 0x33, 0x31, 0x09, 0x61, 0x6d, 0x61, 0x7a, 0x65,
  0x0a, 0x31, 0x32, 0x31, 0x33, 0x32, 0x09, 0x61, 0x6d, 0x62, 0x65, 0x72,
  0x0a, 0x31, 0x32, 0x31, 0x33, 0x33, 0x09, 0x61, 0x6d, 0x62, 0x6c, 0x65,
  0x0a, 0x31, 0x32, 0x31, 0x33, 0x34, 0x09, 0x61, 0x6d, 0x62, 0x75, 0x73,
  0x68, 0x0a, 0x31, 0x32, 0x31, 0x33, 0x35, 0x09, 0x61, 0x6d, 0x65, 0x6e,
  0x0a, 0x31, 0x32, 0x31, 0x33, 0x36, 0x09, 0x61, 0x6d, 0x65, 0x6e, 0x64,
  0x0a, 0x31, 0x32, 0x31, 0x34, 0x31, 0x09, 0x61, 0x6d, 0x65, 0x73, 0x0a,
  0x31, 0x32, 0x31, 0x34, 0x32, 0x09, 0x61, 0x6d, 0x69, 0x0a, 0x31, 0x32,
  0x31, 0x34, 0x33, 0x09, 0x61, 0x6d, 0x69, 0x64, 0x0a, 0x31, 0x32, 0x31,
  0x34, 0x34, 0x09, 0x61, 0x6d, 0x69, 0x64, 0x65, 0x0a, 0x31, 0x32, 0x31,
  0x34, 0x35, 0x09, 0x61, 0x6d, 0x69, 0x67, 0x6f, 0x0a, 0x31, 0x32, 0x31,
  0x34, 0x36, 0x09, 0x61, 0x6d, 0x69, 0x6e, 0x6f, 0x0a, 0x31, 0x32, 0x31,
  0x35, 0x31, 0x09, 0x61, 0x6d, 0x69, 0x73, 0x73, 0x0a, 0x31, 0x32, 0x31,
  0x35, 0x32, 0x09, 0x61, 0x6d, 0x69, 0x74, 0x79, 0x0a, 0x31, 0x32, 0x31,
  0x35, 0x33, 0x09, 0x61, 0x6d, 0x6d, 0x61, 0x6e, 0x0a, 0x31, 0x32, 0x31,
  0x35, 0x34, 0x09, 0x61, 0x6d, 0x6d, 0x6f, 0x0a, 0x31, 0x32, 0x31, 0x35,
  0x35, 0x09, 0x61, 0x6d, 0x6f, 0x63, 0x6f, 0x0a, 0x31, 0x32, 0x31, 0x35,
  0x36, 0x09, 0x61, 0x6d, 0x6f, 0x6b, 0x0a, 0x31, 0x32, 0x31, 0x36, 0x31,
  0x09, 0x61, 0x6d, 0x6f, 0x6e, 0x67, 0x0a, 0x31, 0x32, 0x31, 0x36, 0x32,
  0x09, 0x61, 0x6d, 0x6f, 0x72, 0x74, 0x0a, 0x31, 0x32, 0x31, 0x36, 0x33,
  0x09, 0x61, 0x6d, 0x6f, 0x73, 0x0a, 0x31, 0x32, 0x31, 0x36, 0x34, 0x09,
  0x61, 0x6d, 0x70, 0x0a, 0x31, 0x32, 0x31, 0x36, 0x35, 0x09, 0x61, 0x6d,
  0x70, 0x65, 0x72, 0x65, 0x0a, 0x31, 0x32, 0x31, 0x36, 0x36, 0x09, 0x61,
  0x6d, 0x70, 0x65, 0x78, 0x0a, 0x31, 0x32, 0x32, 0x31, 0x31, 0x09, 0x61,
  0x6d, 0x70, 0x6c, 0x65, 0x0a, 0x31, 0x32, 0x32, 0x31, 0x32, 0x09, 0x61,
  0x6d, 0x70, 0x6c, 0x79, 0x0a, 0x31, 0x32, 0x32, 0x31, 0x33, 0x09, 0x61,
  0x6d, 0x72, 0x61, 0x0a, 0x31, 0x32, 0x32, 0x31, 0x34, 0x09, 0x61, 0x6d,
  0x75, 0x6c, 0x65, 0x74, 0x0a, 0x31, 0x32, 0x32, 0x31, 0x35, 0x09, 0x61,
  0x6d, 0x75, 0x73, 0x65, 0x0a, 0x31, 0x32, 0x32, 0x31, 0x36, 0x09, 0x61,
  0x6d, 0x79, 0x0a, 0x31, 0x32, 0x32, 0x32, 0x31, 0x09, 0x61, 0x6e, 0x0a,
  0x31, 0x32, 0x32, 0x32, 0x32, 0x09, 0x61, 0x6e, 0x61, 0x0a, 0x31, 0x32,
  0x32, 0x32, 0x33, 0x09, 0x61, 0x6e, 0x64, 0x0a, 0x31, 0x32, 0x32, 0x32,
  0x34, 0x09, 0x61, 0x6e, 0x64, 0x65, 0x73, 0x0a, 0x31, 0x32, 0x32, 0x32,
  0x35, 0x09, 0x61, 0x6e, 0x64, 0x72, 0x65, 0x0a, 0x31, 0x32, 0x32, 0x32,
  0x36, 0x09, 0x61, 0x6e, 0x64, 0x72, 0x65, 0x77, 0x0a, 0x31, 0x32, 0x32,
  0x33, 0x31, 0x09, 0x61, 0x6e, 0x64, 0x79, 0x0a, 0x31, 0x32, 0x32, 0x33,
  0x32, 0x09, 0x61, 0x6e, 0x65, 0x6e, 0x74, 0x0a, 0x31, 0x32, 0x32, 0x33,
  0x33, 0x09, 0x61, 0x6e, 0x65, 0x77, 0x0a, 0x31, 0x32, 0x32, 0x33, 0x34,
  0x09, 0x61, 0x6e, 0x67, 0x65, 0x6c, 0x0a, 0x31, 0x32, 0x32, 0x33, 0x35,
  0x09, 0x61, 0x6e, 0x67, 0x65, 0x6c, 0x6f, 0x0a, 0x31, 0x32, 0x32, 0x33,
  0x36, 0x09, 0x61, 0x6e, 0x67, 0x65, 0x72, 0x0a, 0x31, 0x32, 0x32, 0x34,
  0x31, 0x09, 0x61, 0x6e, 0x67, 0x69, 0x65, 0x0a, 0x31, 0x32, 0x32, 0x34,
  0x32, 0x09, 0x61, 0x6e, 0x67, 0x6c, 0x65, 0x0a, 0x31, 0x32, 0x32, 0x34,
  0x33, 0x09, 0x61, 0x6e, 0x67, 0x6c, 0x6f, 0x0a, 0x31, 0x32, 0x32, 0x34,
  0x34, 0x09, 0x61, 0x6e, 0x67, 0x6f, 0x6c, 0x61, 0x0a, 0x31, 0x32, 0x32,
  0x34, 0x35, 0x09, 0x61, 0x6e, 0x67, 0x72, 0x79, 0x0a, 0x31, 0x32, 0x32,
  0x34, 0x36, 0x09, 0x61, 0x6e, 0x67, 0x73, 0x74, 0x0a, 0x31, 0x32, 0x32,
  0x35, 0x31, 0x09, 0x61, 0x6e, 0x67, 0x75, 0x73, 0x0a, 0x31, 0x32, 0x32,
  0x35, 0x32, 0x09, 0x61, 0x6e, 0x69, 0x0a, 0x31, 0x32, 0x32, 0x35, 0x33,
  0x09, 0x61, 0x6e, 0x69, 0x6f, 0x6e, 0x0a, 0x31, 0x32, 0x32, 0x35, 0x34,
  0x09, 0x61, 0x6e, 0x69, 0x73, 0x65, 0x0a, 0x31, 0x32, 0x32, 0x35, 0x35,
  0x09, 0x61, 0x6e, 0x69, 0x74, 0x61, 0x0a, 0x31, 0x32, 0x32, 0x35, 0x36,
  0x09, 0x61, 0x6e, 0x6b, 0x6c, 0x65, 0x0a, 0x31, 0x32, 0x32, 0x36, 0x31,
  0x09, 0x61, 0x6e, 0x6e, 0x0a, 0x31, 0x32, 0x32, 0x36, 0x32, 0x09, 0x61,
  0x6e, 0x6e, 0x61, 0x0a, 0x31, 0x32, 0x32, 0x36, 0x33, 0x09, 0x61, 0x6e,
  0x6e, 0x61, 0x6c, 0x0a, 0x31, 0x32, 0x32, 0x36, 0x34, 0x09, 0x61, 0x6e,
  0x6e, 0x65, 0x0a, 0x31, 0x32, 0x32, 0x36, 0x35, 0x09, 0x61, 0x6e, 0x6e,
  0x65, 0x78, 0x0a, 0x31, 0x32, 0x32, 0x36, 0x36, 0x09, 0x61, 0x6e, 0x6e,
  0x69, 0x65, 0x0a, 0x31, 0x32, 0x33, 0x31, 0x31, 0x09, 0x61, 0x6e, 0x6e,
  0x6f, 0x79, 0x0a, 0x31, 0x32, 0x33, 0x31, 0x32, 0x09, 0x61, 0x6e, 0x6e,
  0x75, 0x6c, 0x0a, 0x31, 0x32, 0x33, 0x31, 0x33, 0x09, 0x61, 0x6e, 0x6e,
  0x75, 0x6c, 0x69, 0x0a, 0x31, 0x32, 0x33, 0x31, 0x34, 0x09, 0x61, 0x6e,
  0x6e, 0x75, 0x6d, 0x0a, 0x31, 0x32, 0x33, 0x31, 0x35, 0x09, 0x61, 0x6e,
  0x6f, 0x64, 0x65, 0x0a, 0x31, 0x32, 0x33, 0x31, 0x36, 0x09, 0x61, 0x6e,
  0x73, 0x69, 0x0a, 0x31, 0x32, 0x33, 0x32, 0x31, 0x09, 0x61, 0x6e, 0x73,
  0x77, 0x65, 0x72, 0x0a, 0x31, 0x32, 0x33, 0x32, 0x32, 0x09, 0x61, 0x6e,
  0x74, 0x0a, 0x31, 0x32, 0x33, 0x32, 0x33, 0x09, 0x61, 0x6e, 0x74, 0x65,
  0x0a, 0x31, 0x32, 0x33, 0x32, 0x34, 0x09, 0x61, 0x6e, 0x74, 0x69, 0x0a,
  0x31, 0x32, 0x33, 0x32, 0x35, 0x09, 0x61, 0x6e, 0x74, 0x69, 0x63, 0x0a,
  0x31, 0x32, 0x33, 0x32, 0x36, 0x09, 0x61, 0x6e, 0x74, 0x6f, 0x6e, 0x0a,
  0x31, 0x32, 0x33, 0x33, 0x31, 0x09, 0x61, 0x6e, 0x75, 0x73, 0x0a, 0x31,
  0x32, 0x33, 0x33, 0x32, 0x09, 0x61, 0x6e, 0x76, 0x69, 0x6c, 0x0a, 0x31,
  0x32, 0x33, 0x33, 0x33, 0x09, 0x61, 0x6e, 0x79, 0x0a, 0x31, 0x32, 0x33,
  0x33, 0x34, 0x09, 0x61, 0x6e, 0x79, 0x68, 0x6f, 0x77, 0x0a, 0x31, 0x32,
  0x33, 0x33, 0x35, 0x09, 0x61, 0x6e, 0x79, 0x77, 0x61, 0x79, 0x0a, 0x31,
  0x32, 0x33, 0x33, 0x36, 0x09, 0x61, 0x6f, 0x0a, 0x31, 0x32, 0x33, 0x34,
  0x31, 0x09, 0x61, 0x6f, 0x6b, 0x0a, 0x31, 0x32, 0x33, 0x34, 0x32, 0x09,
  0x61, 0x6f, 0x72, 0x74, 0x61, 0x0a, 0x31, 0x32, 0x33, 0x34, 0x33, 0x09,
  0x61, 0x70, 0x0a, 0x31, 0x32, 0x33, 0x34, 0x34, 0x09, 0x61, 0x70, 0x61,
  0x72, 0x74, 0x0a, 0x31, 0x32, 0x33, 0x34, 0x35, 0x09, 0x61, 0x70, 0x61,
  0x74, 0x68, 0x79, 0x0a, 0x31, 0x32, 0x33, 0x34, 0x36, 0x09, 0x61, 0x70,
  0x65, 0x0a, 0x31, 0x32, 0x33, 0x35, 0x31, 0x09, 0x61, 0x70, 0x65, 0x78,
  0x0a, 0x31, 0x32, 0x33, 0x35, 0x32, 0x09, 0x61, 0x70, 0x68, 0x69, 0x64,
  0x0a, 0x31, 0x32, 0x33, 0x35, 0x33, 0x09, 0x61, 0x70, 0x6c, 0x6f, 0x6d,
  0x62, 0x0a, 0x31, 0x32, 0x33, 0x35, 0x34, 0x09, 0x61, 0x70, 0x70, 0x65,
  0x61, 0x6c, 0x0a, 0x31, 0x32, 0x33, 0x35, 0x35, 0x09, 0x61, 0x70, 0x70,
  0x65, 0x6e, 0x64, 0x0a, 0x31, 0x32, 0x33, 0x35, 0x36, 0x09, 0x61, 0x70,
  0x70, 0x6c, 0x65, 0x0a, 0x31, 0x32, 0x33, 0x36, 0x31, 0x09, 0x61, 0x70,
  0x70, 0x6c, 0x79, 0x0a, 0x31, 0x32, 0x33, 0x36, 0x32, 0x09, 0x61, 0x70,
  0x72, 0x69, 0x6c, 0x0a, 0x31, 0x32, 0x33, 0x36, 0x33, 0x09, 0x61, 0x70,
  0x72, 0x6f, 0x6e, 0x0a, 0x31, 0x32, 0x33, 0x36, 0x34, 0x09, 0x61, 0x70,
  0x73, 0x65, 0x0a, 0x31, 0x32, 0x33, 0x36, 0x35, 0x09, 0x61, 0x70, 0x74,
  0x0a, 0x31, 0x32, 0x33, 0x36, 0x36, 0x09, 0x61, 0x71, 0x0a, 0x31, 0x32,
  0x34, 0x31, 0x31, 0x09, 0x61, 0x71, 0x75, 0x61, 0x0a, 0x31, 0x32, 0x34,
  0x31, 0x32, 0x09, 0x61, 0x72, 0x0a, 0x31, 0x32, 0x34, 0x31, 0x33, 0x09,
  0x61, 0x72, 0x61, 0x62, 0x0a, 0x31, 0x32, 0x34, 0x31, 0x34, 0x09, 0x61,
  0x72, 0x61, 0x62, 0x79, 0x0a, 0x31, 0x32, 0x34, 0x31, 0x35, 0x09, 0x61,
  0x72, 0x63, 0x0a, 0x31, 0x32, 0x34, 0x31, 0x36, 0x09, 0x61, 0x72, 0x63,
  0x61, 0x6e, 0x61, 0x0a, 0x31, 0x32, 0x34, 0x32, 0x31, 0x09, 0x61, 0x72,
  0x63, 0x68, 0x0a, 0x31, 0x32, 0x34, 0x32, 0x32, 0x09, 0x61, 0x72, 0x63,
  0x68, 0x65, 0x72, 0x0a, 0x31, 0x32, 0x34, 0x32, 0x33, 0x09, 0x61, 0x72,
  0x64, 0x65, 0x6e, 0x0a, 0x31, 0x32, 0x34, 0x32, 0x34, 0x09, 0x61, 0x72,
  0x64, 0x65, 0x6e, 0x74, 0x0a, 0x31, 0x32, 0x34, 0x32, 0x35, 0x09, 0x61,
  0x72, 0x65, 0x0a, 0x31, 0x32, 0x34, 0x32, 0x36, 0x09, 0x61, 0x72, 0x65,
  0x61, 0x0a, 0x31, 0x32, 0x34, 0x33, 0x31, 0x09, 0x61, 0x72, 0x65, 0x6e,
  0x61, 0x0a, 0x31, 0x32, 0x34, 0x33, 0x32, 0x09, 0x61, 0x72, 0x65, 0x73,
  0x0a, 0x31, 0x32, 0x34, 0x33, 0x33, 0x09, 0x61, 0x72, 0x67, 0x69, 0x76,
  0x65, 0x0a, 0x31, 0x32, 0x34, 0x33, 0x34, 0x09, 0x61, 0x72, 0x67, 0x6f,
  0x0a, 0x31, 0x32, 0x34, 0x33, 0x35, 0x09, 0x61, 0x72, 0x67, 0x6f, 0x6e,
  0x0a, 0x31, 0x32, 0x34, 0x33, 0x36, 0x09, 0x61, 0x72, 0x67, 0x6f, 0x74,
  0x0a, 0x31, 0x32, 0x34, 0x34, 0x31, 0x09, 0x61, 0x72, 0x67, 0x75, 0x65,
  0x0a, 0x31, 0x32, 0x34, 0x34, 0x32, 0x09, 0x61, 0x72, 0x67, 0x75, 0x73,
  0x0a, 0x31, 0x32, 0x34, 0x34, 0x33, 0x09, 0x61, 0x72, 0x68, 0x61, 0x74,
  0x0a, 0x31, 0x32, 0x34, 0x34, 0x34, 0x09, 0x61, 0x72, 0x69, 0x64, 0x0a,
  0x31, 0x32, 0x34, 0x34, 0x35, 0x09, 0x61, 0x72, 0x69, 0x65, 0x73, 0x0a,
  0x31, 0x32, 0x34, 0x34, 0x36, 0x09, 0x61, 0x72, 0x69, 0x73, 0x65, 0x0a,
  0x31, 0x32, 0x34, 0x35, 0x31, 0x09, 0x61, 0x72, 0x6b, 0x0a, 0x31, 0x32,
  0x34, 0x35, 0x32, 0x09, 0x61, 0x72, 0x6c, 0x65, 0x6e, 0x0a, 0x31, 0x32,
  0x34, 0x35, 0x33, 0x09, 0x61, 0x72, 0x6c, 0x65, 0x6e, 0x65, 0x0a, 0x31,
  0x32, 0x34, 0x35, 0x34, 0x09, 0x61, 0x72, 0x6d, 0x0a, 0x31, 0x32, 0x34,
  0x35, 0x35, 0x09, 0x61, 0x72, 0x6d, 0x63, 0x6f, 0x0a, 0x31, 0x32, 0x34,
  0x35, 0x36, 0x09, 0x61, 0x72, 0x6d, 0x79, 0x0a, 0x31, 0x32, 0x34, 0x36,
  0x31, 0x09, 0x61, 0x72, 0x6e, 0x6f, 0x6c, 0x64, 0x0a, 0x31, 0x32, 0x34,
  0x36, 0x32, 0x09, 0x61, 0x72, 0x6f, 0x6d, 0x61, 0x0a, 0x31, 0x32, 0x34,
  0x36, 0x33, 0x09, 0x61, 0x72, 0x6f, 0x73, 0x65, 0x0a, 0x31, 0x32, 0x34,
  0x36, 0x34, 0x09, 0x61, 0x72, 0x70, 0x61, 0x0a, 0x31, 0x32, 0x34, 0x36,
  0x35, 0x09, 0x61, 0x72, 0x72, 0x61, 0x79, 0x0a, 0x31, 0x32, 0x34, 0x36,
  0x36, 0x09, 0x61, 0x72, 0x72, 0x65, 0x61, 0x72, 0x0a, 0x31, 0x32, 0x35,
  0x31, 0x31, 0x09, 0x61, 0x72, 0x72, 0x6f, 0x77, 0x0a, 0x31, 0x32, 0x35,
  0x31, 0x32, 0x09, 0x61, 0x72, 0x73, 0x6f, 0x6e, 0x0a, 0x31, 0x32, 0x35,
  0x31, 0x33, 0x09, 0x61, 0x72, 0x74, 0x0a, 0x31, 0x32, 0x35, 0x31, 0x34,
  0x09, 0x61, 0x72, 0x74, 0x65, 0x72, 0x79, 0x0a, 0x31, 0x32, 0x35, 0x31,
  0x35, 0x09, 0x61, 0x72, 0x74, 0x68, 0x75, 0x72, 0x0a, 0x31, 0x32, 0x35,
  0x31, 0x36, 0x09, 0x61, 0x72, 0x74, 0x69, 0x65, 0x0a, 0x31, 0x32, 0x35,
  0x32, 0x31, 0x09, 0x61, 0x72, 0x74, 0x79, 0x0a, 0x31, 0x32, 0x35, 0x32,
  0x32, 0x09, 0x61, 0x72, 0x75, 0x62, 0x61, 0x0a, 0x31, 0x32, 0x35, 0x32,
  0x33, 0x09, 0x61, 0x72, 0x75, 0x6d, 0x0a, 0x31, 0x32, 0x35, 0x32, 0x34,
  0x09, 0x61, 0x72, 0x79, 0x6c, 0x0a, 0x31, 0x32, 0x35, 0x32, 0x35, 0x09,
  0x61, 0x73, 0x0a, 0x31, 0x32, 0x35, 0x32, 0x36, 0x09, 0x61, 0x73, 0x63,
  0x65, 0x6e, 0x64, 0x0a, 0x31, 0x32, 0x35, 0x33, 0x31, 0x09, 0x61, 0x73,
  0x68, 0x0a, 0x31, 0x32, 0x35, 0x33, 0x32, 0x09, 0x61, 0x73, 0x68, 0x65,
  0x6e, 0x0a, 0x31, 0x32, 0x35, 0x33, 0x33, 0x09, 0x61, 0x73, 0x68, 0x65,
  0x72, 0x0a, 0x31, 0x32, 0x35, 0x33, 0x34, 0x09, 0x61, 0x73, 0x68, 0x6c,
  0x65, 0x79, 0x0a, 0x31, 0x32, 0x35, 0x33, 0x35, 0x09, 0x61, 0x73, 0x68,
  0x79, 0x0a, 0x31, 0x32, 0x35, 0x33, 0x36, 0x09, 0x61, 0x73, 0x69, 0x61,
  0x0a, 0x31, 0x32, 0x35, 0x34, 0x31, 0x09, 0x61, 0x73, 0x69, 0x64, 0x65,
  0x0a, 0x31, 0x32, 0x35, 0x34, 0x32, 0x09, 0x61, 0x73, 0x6b, 0x0a, 0x31,
  0x32, 0x35, 0x34, 0x33, 0x09, 0x61, 0x73, 0x6b, 0x65, 0x77, 0x0a, 0x31,
  0x32, 0x35, 0x34, 0x34, 0x09, 0x61, 0x73, 0x6c, 0x65, 0x65, 0x70, 0x0a,
  0x31, 0x32, 0x35, 0x34, 0x35, 0x09, 0x61, 0x73, 0x70, 0x65, 0x6e, 0x0a,
  0x31, 0x32, 0x35, 0x34, 0x36, 0x09, 0x61, 0x73, 0x70, 0x69, 0x72, 0x65,
  0x0a, 0x31, 0x32, 0x35, 0x35, 0x31, 0x09, 0x61, 0x73, 0x73, 0x0a, 0x31,
  0x32, 0x35, 0x35, 0x32, 0x09, 0x61, 0x73, 0x73, 0x61, 0x69, 0x0a, 0x31,
  0x32, 0x35, 0x35, 0x33, 0x09, 0x61, 0x73, 0x73, 0x61, 0x6d, 0x0a, 0x31,
  0x32, 0x35, 0x35, 0x34, 0x09, 0x61, 0x73, 0x73, 0x61, 0x79, 0x0a, 0x31,
  0x32, 0x35, 0x35, 0x35, 0x09, 0x61, 0x73, 0x73, 0x65, 0x74, 0x0a, 0x31,
  0x32, 0x35, 0x35, 0x36, 0x09, 0x61, 0x73, 0x73, 0x6f, 0x72, 0x74, 0x0a,
  0x31, 0x32, 0x35, 0x36, 0x31, 0x09, 0x61, 0x73, 0x73, 0x75, 0x72, 0x65,
  0x0a, 0x31, 0x32, 0x35, 0x36, 0x32, 0x09, 0x61, 0x73, 0x74, 0x65, 0x72,
  0x0a, 0x31, 0x32, 0x35, 0x36, 0x33, 0x09, 0x61, 0x73, 0x74, 0x6d, 0x0a,
  0x31, 0x32, 0x35, 0x36, 0x34, 0x09, 0x61, 0x73, 0x74, 0x6f, 0x72, 0x0a,
  0x31, 0x32, 0x35, 0x36, 0x35, 0x09, 0x61, 0x73, 0x74, 0x72, 0x61, 0x6c,
  0x0a, 0x31, 0x32, 0x35, 0x36, 0x36, 0x09, 0x61, 0x74, 0x0a, 0x31, 0x32,
  0x36, 0x31, 0x31, 0x09, 0x61, 0x74, 0x26, 0x74, 0x0a, 0x31, 0x32, 0x36,
  0x31, 0x32, 0x09, 0x61, 0x74, 0x65, 0x0a, 0x31, 0x32, 0x36, 0x31, 0x33,
  0x09, 0x61, 0x74, 0x68, 0x65, 0x6e, 0x73, 0x0a, 0x31, 0x32, 0x36, 0x31,
  0x34, 0x09, 0x61, 0x74, 0x6c, 0x61, 0x73, 0x0a, 0x31, 0x32, 0x36, 0x31,
  0x35, 0x09, 0x61, 0x74, 0x6f, 0x6d, 0x0a, 0x31, 0x32, 0x36, 0x31, 0x36,
  0x09, 0x61, 0x74, 0x6f, 0x6d, 0x69, 0x63, 0x0a, 0x31, 0x32, 0x36, 0x32,
  0x31, 0x09, 0x61, 0x74, 0x6f, 0x6e, 0x65, 0x0a, 0x31, 0x32, 0x36, 0x32,
  0x32, 0x09, 0x61, 0x74, 0x6f, 0x70, 0x0a, 0x31, 0x32, 0x36, 0x32, 0x33,
  0x09, 0x61, 0x74, 0x74, 0x69, 0x63, 0x0a, 0x31, 0x32, 0x36, 0x32, 0x34,
  0x09, 0x61, 0x74, 0x74, 0x69, 0x72, 0x65, 0x0a, 0x31, 0x32, 0x36, 0x32,
  0x35, 0x09, 0x61, 0x75, 0x0a, 0x31, 0x32, 0x36, 0x32, 0x36, 0x09, 0x61,
  0x75, 0x62, 0x72, 0x65, 0x79, 0x0a, 0x31, 0x32, 0x36, 0x33, 0x31, 0x09,
  0x61, 0x75, 0x64, 0x69, 0x6f, 0x0a, 0x31, 0x32, 0x36, 0x33, 0x32, 0x09,
  0x61, 0x75, 0x64, 0x69, 0x74, 0x0a, 0x31, 0x32, 0x36, 0x33, 0x33, 0x09,
  0x61, 0x75, 0x67, 0x0a, 0x31, 0x32, 0x36, 0x33, 0x34, 0x09, 0x61, 0x75,
  0x67, 0x65, 0x72, 0x0a, 0x31, 0x32, 0x36, 0x33, 0x35, 0x09, 0x61, 0x75,
  0x67, 0x75, 0x72, 0x0a, 0x31, 0x32, 0x36, 0x33, 0x36, 0x09, 0x61, 0x75,
  0x67, 0x75, 0x73, 0x74, 0x0a, 0x31, 0x32, 0x36, 0x34, 0x31, 0x09, 0x61,
  0x75, 0x6b, 0x0a, 0x31, 0x32, 0x36, 0x34, 0x32, 0x09, 0x61, 0x75, 0x6e,
  0x74, 0x0a, 0x31, 0x32, 0x36, 0x34, 0x33, 0x09, 0x61, 0x75, 0x72, 0x61,
  0x0a, 0x31, 0x32, 0x36, 0x34, 0x34, 0x09, 0x61, 0x75, 0x72, 0x61, 0x6c,
  0x0a, 0x31, 0x32, 0x36, 0x34, 0x35, 0x09, 0x61, 0x75, 0x72, 0x69, 0x63,
  0x0a, 0x31, 0x32, 0x36, 0x34, 0x36, 0x09, 0x61, 0x75, 0x73, 0x74, 0x69,
  0x6e, 0x0a, 0x31, 0x32, 0x36, 0x35, 0x31, 0x09, 0x61, 0x75, 0x74, 0x6f,
  0x0a, 0x31, 0x32, 0x36, 0x35, 0x32, 0x09, 0x61, 0x75, 0x74, 0x75, 0x6d,
  0x6e, 0x0a, 0x31, 0x32, 0x36, 0x35, 0x33, 0x09, 0x61, 0x76, 0x0a, 0x31,
  0x32, 0x36, 0x35, 0x34, 0x09, 0x61, 0x76, 0x61, 0x69, 0x6c, 0x0a, 0x31,
  0x32, 0x36, 0x35, 0x35, 0x09, 0x61, 0x76, 0x65, 0x0a, 0x31, 0x32, 0x36,
  0x35, 0x36, 0x09, 0x61, 0x76, 0x65, 0x72, 0x0a, 0x31, 0x32, 0x36, 0x36,
  0x31, 0x09, 0x61, 0x76, 0x65, 0x72, 0x74, 0x0a, 0x31, 0x32, 0x36, 0x36,
  0x32, 0x09, 0x61, 0x76, 0x65, 0x72, 0x79, 0x0a, 0x31, 0x32, 0x36, 0x36,
  0x33, 0x09, 0x61, 0x76, 0x69, 0x61, 0x74, 0x65, 0x0a, 0x31, 0x32, 0x36,
  0x36, 0x34, 0x09, 0x61, 0x76, 0x69, 0x64, 0x0a, 0x31, 0x32, 0x36, 0x36,
  0x35, 0x09, 0x61, 0x76, 0x69, 0x73, 0x0a, 0x31, 0x32, 0x36, 0x36, 0x36,
  0x09, 0x61, 0x76, 0x69, 0x76, 0x0a, 0x31, 0x33, 0x31, 0x31, 0x31, 0x09,
  0x61, 0x76, 0x6f, 0x69, 0x64, 0x0a, 0x31, 0x33, 0x31, 0x31, 0x32, 0x09,
  0x61, 0x76, 0x6f, 0x6e, 0x0a, 0x31, 0x33, 0x31, 0x31, 0x33, 0x09, 0x61,
  0x76, 0x6f, 0x77, 0x0a, 0x31, 0x33, 0x31, 0x31, 0x34, 0x09, 0x61, 0x77,
  0x0a, 0x31, 0x33, 0x31, 0x31, 0x35, 0x09, 0x61, 0x77, 0x61, 0x69, 0x74,
  0x0a, 0x31, 0x33, 0x31, 0x31, 0x36, 0x09, 0x61, 0x77, 0x61, 0x6b, 0x65,
  0x0a, 0x31, 0x33, 0x31, 0x32, 0x31, 0x09, 0x61, 0x77, 0x61, 0x72, 0x64,
  0x0a, 0x31, 0x33, 0x31, 0x32, 0x32, 0x09, 0x61, 0x77, 0x61, 0x72, 0x65,
  0x0a, 0x31, 0x33, 0x31, 0x32, 0x33, 0x09, 0x61, 0x77, 0x61, 0x73, 0x68,
  0x0a, 0x31, 0x33, 0x31, 0x32, 0x34, 0x09, 0x61, 0x77, 0x61, 0x79, 0x0a,
  0x31, 0x33, 0x31, 0x32, 0x35, 0x09, 0x61, 0x77, 0x65, 0x0a, 0x31, 0x33,
  0x31, 0x32, 0x36, 0x09, 0x61, 0x77, 0x66, 0x75, 0x6c, 0x0a, 0x31, 0x33,
  0x31, 0x33, 0x31, 0x09, 0x61, 0x77, 0x6c, 0x0a, 0x31, 0x33, 0x31, 0x33,
  0x32, 0x09, 0x61, 0x77, 0x6e, 0x0a, 0x31, 0x33, 0x31, 0x33, 0x33, 0x09,
  0x61, 0x77, 0x6f, 0x6b, 0x65, 0x0a, 0x31, 0x33, 0x31, 0x33, 0x34, 0x09,
  0x61, 0x77, 0x72, 0x79, 0x0a, 0x31, 0x33, 0x31, 0x33, 0x35, 0x09, 0x61,
  0x78, 0x0a, 0x31, 0x33, 0x31, 0x33, 0x36, 0x09, 0x61, 0x78, 0x65, 0x0a,
  0x31, 0x33, 0x31, 0x34, 0x31, 0x09, 0x61, 0x78, 0x65, 0x73, 0x0a, 0x31,
  0x33, 0x31, 0x34, 0x32, 0x09, 0x61, 0x78, 0x69, 0x61, 0x6c, 0x0a, 0x31,
  0x33, 0x31, 0x34, 0x33, 0x09, 0x61, 0x78, 0x69, 0x6f, 0x6d, 0x0a, 0x31,
  0x33, 0x31, 0x34, 0x34, 0x09, 0x61, 0x78, 0x69, 0x73, 0x0a, 0x31, 0x33,
  0x31, 0x34, 0x35, 0x09, 0x61, 0x78, 0x6c, 0x65, 0x0a, 0x31, 0x33, 0x31,
  0x34, 0x36, 0x09, 0x61, 0x78, 0x6f, 0x6e, 0x0a, 0x31, 0x33, 0x31, 0x35,
  0x31, 0x09, 0x61, 0x79, 0x0a, 0x31, 0x33, 0x31, 0x35, 0x32, 0x09, 0x61,
  0x79, 0x65, 0x0a, 0x31, 0x33, 0x31, 0x35, 0x33, 0x09, 0x61, 0x79, 0x65,
  0x72, 0x73, 0x0a, 0x31, 0x33, 0x31, 0x35, 0x34, 0x09, 0x61, 0x7a, 0x0a,
  0x31, 0x33, 0x31, 0x35, 0x35, 0x09, 0x61, 0x7a, 0x74, 0x65, 0x63, 0x0a,
  0x31, 0x33, 0x31, 0x35, 0x36, 0x09, 0x61, 0x7a, 0x75, 0x72, 0x65, 0x0a,
  0x31, 0x33, 0x31, 0x36, 0x31, 0x09, 0x62, 0x0a, 0x31, 0x33, 0x31, 0x36,
  0x32, 0x09, 0x62, 0x27, 0x73, 0x0a, 0x31, 0x33, 0x31, 0x36, 0x33, 0x09,
  0x62, 0x61, 0x0a, 0x31, 0x33, 0x31, 0x36, 0x34, 0x09, 0x62, 0x61, 0x62,
  0x65, 0x0a, 0x31, 0x33, 0x31, 0x36, 0x35, 0x09, 0x62, 0x61, 0x62, 0x65,
  0x6c, 0x0a, 0x31, 0x33, 0x31, 0x36, 0x36, 0x09, 0x62, 0x61, 0x62, 0x79,
  0x0a, 0x31, 0x33, 0x32, 0x31, 0x31, 0x09, 0x62, 0x61, 0x63, 0x68, 0x0a,
  0x31, 0x33, 0x32, 0x31, 0x32, 0x09, 0x62, 0x61, 0x63, 0x6b, 0x0a, 0x31,
  0x33, 0x32, 0x31, 0x33, 0x09, 0x62, 0x61, 0x63, 0x6b, 0x75, 0x70, 0x0a,
  0x31, 0x33, 0x32, 0x31, 0x34, 0x09, 0x62, 0x61, 0x63, 0x6f, 0x6e, 0x0a,
  0x31, 0x33, 0x32, 0x31, 0x35, 0x09, 0x62, 0x61, 0x64, 0x0a, 0x31, 0x33,
  0x32, 0x31, 0x36, 0x09, 0x62, 0x61, 0x64, 0x65, 0x0a, 0x31, 0x33, 0x32,
  0x32, 0x31, 0x09, 0x62, 0x61, 0x64, 0x65, 0x6e, 0x0a, 0x31, 0x33, 0x32,
  0x32, 0x32, 0x09, 0x62, 0x61, 0x64, 0x67, 0x65, 0x0a, 0x31, 0x33, 0x32,
  0x32, 0x33, 0x09, 0x62, 0x61, 0x66, 0x66, 0x6c, 0x65, 0x0a, 0x31, 0x33,
  0x32, 0x32, 0x34, 0x09, 0x62, 0x61, 0x67, 0x0a, 0x31, 0x33, 0x32, 0x32,
  0x35, 0x09, 0x62, 0x61, 0x67, 0x67, 0x79, 0x0a, 0x31, 0x33, 0x32, 0x32,
  0x36, 0x09, 0x62, 0x61, 0x68, 0x0a, 0x31, 0x33, 0x32, 0x33, 0x31, 0x09,
  0x62, 0x61, 0x68, 0x61, 0x6d, 0x61, 0x0a, 0x31, 0x33, 0x32, 0x33, 0x32,
  0x09, 0x62, 0x61, 0x69, 0x6c, 0x0a, 0x31, 0x33, 0x32, 0x33, 0x33, 0x09,
  0x62, 0x61, 0x69, 0x72, 0x64, 0x0a, 0x31, 0x33, 0x32, 0x33, 0x34, 0x09,
  0x62, 0x61, 0x69, 0x74, 0x0a, 0x31, 0x33, 0x32, 0x33, 0x35, 0x09, 0x62,
  0x61, 0x6b, 0x65, 0x0a, 0x31, 0x33, 0x32, 0x33, 0x36, 0x09, 0x62, 0x61,
  0x6b, 0x75, 0x0a, 0x31, 0x33, 0x32, 0x34, 0x31, 0x09, 0x62, 0x61, 0x6c,
  0x64, 0x0a, 0x31, 0x33, 0x32, 0x34, 0x32, 0x09, 0x62, 0x61, 0x6c, 0x64,
  0x79, 0x0a, 0x31, 0x33, 0x32, 0x34, 0x33, 0x09, 0x62, 0x61, 0x6c, 0x65,
  0x0a, 0x31, 0x33, 0x32, 0x34, 0x34, 0x09, 0x62, 0x61, 0x6c, 0x69, 0x0a,
  0x31, 0x33, 0x32, 0x34, 0x35, 0x09, 0x62, 0x61, 0x6c, 0x6b, 0x0a, 0x31,
  0x33, 0x32, 0x34, 0x36, 0x09, 0x62, 0x61, 0x6c, 0x6b, 0x61, 0x6e, 0x0a,
  0x31, 0x33, 0x32, 0x35, 0x31, 0x09, 0x62, 0x61, 0x6c, 0x6b, 0x79, 0x0a,
  0x31, 0x33, 0x32, 0x35, 0x32, 0x09, 0x62, 0x61, 0x6c, 0x6c, 0x0a, 0x31,
  0x33, 0x32, 0x35, 0x33, 0x09, 0x62, 0x61, 0x6c, 0x6c, 0x65, 0x64, 0x0a,
  0x31, 0x33, 0x32, 0x35, 0x34, 0x09, 0x62, 0x61, 0x6c, 0x6c, 0x6f, 0x74,
  0x0a, 0x31, 0x33, 0x32, 0x35, 0x35, 0x09, 0x62, 0x61, 0x6c, 0x6d, 0x0a,
  0x31, 0x33, 0x32, 0x35, 0x36, 0x09, 0x62, 0x61, 0x6c, 0x6d, 0x79, 0x0a,
  0x31, 0x33, 0x32, 0x36, 0x31, 0x09, 0x62, 0x61, 0x6c, 0x73, 0x61, 0x0a,
  0x31, 0x33, 0x32, 0x36, 0x32, 0x09, 0x62, 0x61, 0x6d, 0x0a, 0x31, 0x33,
  0x32, 0x36, 0x33, 0x09, 0x62, 0x61, 0x6d, 0x62, 0x69, 0x0a, 0x31, 0x33,
  0x32, 0x36, 0x34, 0x09, 0x62, 0x61, 0x6e, 0x0a, 0x31, 0x33, 0x32, 0x36,
  0x35, 0x09, 0x62, 0x61, 0x6e, 0x61, 0x6c, 0x0a, 0x31, 0x33, 0x32, 0x36,
  0x36, 0x09, 0x62, 0x61, 0x6e, 0x64, 0x0a, 0x31, 0x33, 0x33, 0x31, 0x31,
  0x09, 0x62, 0x61, 0x6e, 0x64, 0x69, 0x74, 0x0a, 0x31, 0x33, 0x33, 0x31,
  0x32, 0x09, 0x62, 0x61, 0x6e, 0x64, 0x79, 0x0a, 0x31, 0x33, 0x33, 0x31,
  0x33, 0x09, 0x62, 0x61, 0x6e, 0x65, 0x0a, 0x31, 0x33, 0x33, 0x31, 0x34,
  0x09, 0x62, 0x61, 0x6e, 0x67, 0x0a, 0x31, 0x33, 0x33, 0x31, 0x35, 0x09,
  0x62, 0x61, 0x6e, 0x69, 0x73, 0x68, 0x0a, 0x31, 0x33, 0x33, 0x31, 0x36,
  0x09, 0x62, 0x61, 0x6e, 0x6a, 0x6f, 0x0a, 0x31, 0x33, 0x33, 0x32, 0x31,
  0x09, 0x62, 0x61, 0x6e, 0x6b, 0x0a, 0x31, 0x33, 0x33, 0x32, 0x32, 0x09,
  0x62, 0x61, 0x6e, 0x6b, 0x73, 0x0a, 0x31, 0x33, 0x33, 0x32, 0x33, 0x09,
  0x62, 0x61, 0x6e, 0x74, 0x75, 0x0a, 0x31, 0x33, 0x33, 0x32, 0x34, 0x09,
  0x62, 0x61, 0x72, 0x0a, 0x31, 0x33, 0x33, 0x32, 0x35, 0x09, 0x62, 0x61,
  0x72, 0x62, 0x0a, 0x31, 0x33, 0x33, 0x32, 0x36, 0x09, 0x62, 0x61, 0x72,
  0x64, 0x0a, 0x31, 0x33, 0x33, 0x33, 0x31, 0x09, 0x62, 0x61, 0x72, 0x65,
  0x0a, 0x31, 0x33, 0x33, 0x33, 0x32, 0x09, 0x62, 0x61, 0x72, 0x66, 0x6c,
  0x79, 0x0a, 0x31, 0x33, 0x33, 0x33, 0x33, 0x09, 0x62, 0x61, 0x72, 0x67,
  0x65, 0x0a, 0x31, 0x33, 0x33, 0x33, 0x34, 0x09, 0x62, 0x61, 0x72, 0x6b,
  0x0a, 0x31, 0x33, 0x33, 0x33, 0x35, 0x09, 0x62, 0x61, 0x72, 0x6c, 0x65,
  0x79, 0x0a, 0x31, 0x33, 0x33, 0x33, 0x36, 0x09, 0x62, 0x61, 0x72, 0x6e,
  0x0a, 0x31, 0x33, 0x33, 0x34, 0x31, 0x09, 0x62, 0x61, 0x72, 0x6e, 0x65,
  0x73, 0x0a, 0x31, 0x33, 0x33, 0x34, 0x32, 0x09, 0x62, 0x61, 0x72, 0x6f,
  0x6e, 0x0a, 0x31, 0x33, 0x33, 0x34, 0x33, 0x09, 0x62, 0x61, 0x72, 0x6f,
  0x6e, 0x79, 0x0a, 0x31, 0x33, 0x33, 0x34, 0x34, 0x09, 0x62, 0x61, 0x72,
  0x72, 0x0a, 0x31, 0x33, 0x33, 0x34, 0x35, 0x09, 0x62, 0x61, 0x72, 0x72,
  0x65, 0x0a, 0x31, 0x33, 0x33, 0x34, 0x36, 0x09, 0x62, 0x61, 0x72, 0x72,
  0x79, 0x0a, 0x31, 0x33, 0x33, 0x35, 0x31, 0x09, 0x62, 0x61, 0x72, 0x74,
  0x65, 0x72, 0x0a, 0x31, 0x33, 0x33, 0x35, 0x32, 0x09, 0x62, 0x61, 0x72,
  0x74, 0x68, 0x0a, 0x31, 0x33, 0x33, 0x35, 0x33, 0x09, 0x62, 0x61, 0x72,
  0x74, 0x6f, 0x6e, 0x0a, 0x31, 0x33, 0x33, 0x35, 0x34, 0x09, 0x62, 0x61,
  0x73, 0x61, 0x6c, 0x0a, 0x31, 0x33, 0x33, 0x35, 0x35, 0x09, 0x62, 0x61,
  0x73, 0x65, 0x0a, 0x31, 0x33, 0x33, 0x35, 0x36, 0x09, 0x62, 0x61, 0x73,
  0x65, 0x6c, 0x0a, 0x31, 0x33, 0x33, 0x36, 0x31, 0x09, 0x62, 0x61, 0x73,
  0x68, 0x0a, 0x31, 0x33, 0x33, 0x36, 0x32, 0x09, 0x62, 0x61, 0x73, 0x69,
  0x63, 0x0a, 0x31, 0x33, 0x33, 0x36, 0x33, 0x09, 0x62, 0x61, 0x73, 0x69,
  0x6c, 0x0a, 0x31, 0x33, 0x33, 0x36, 0x34, 0x09, 0x62, 0x61, 0x73, 0x69,
  0x6e, 0x0a, 0x31, 0x33, 0x33, 0x36, 0x35, 0x09, 0x62, 0x61, 0x73, 0x69,
  0x73, 0x0a, 0x31, 0x33, 0x33, 0x36, 0x36, 0x09, 0x62, 0x61, 0x73, 0x6b,
  0x0a, 0x31, 0x33, 0x34, 0x31, 0x31, 0x09, 0x62, 0x61, 0x73, 0x73, 0x0a,
  0x31, 0x33, 0x34, 0x31, 0x32, 0x09, 0x62, 0x61, 0x73, 0x73, 0x69, 0x0a,
  0x31, 0x33, 0x34, 0x31, 0x33, 0x09, 0x62, 0x61, 0x73, 0x73, 0x6f, 0x0a,
  0x31, 0x33, 0x34, 0x31, 0x34, 0x09, 0x62, 0x61, 0x73, 0x74, 0x65, 0x0a,
  0x31, 0x33, 0x34, 0x31, 0x35, 0x09, 0x62, 0x61, 0x74, 0x0a, 0x31, 0x33,
  0x34, 0x31, 0x36, 0x09, 0x62, 0x61, 0x74, 0x63, 0x68, 0x0a, 0x31, 0x33,
  0x34, 0x32, 0x31, 0x09, 0x62, 0x61, 0x74, 0x65, 0x0a, 0x31, 0x33, 0x34,
  0x32, 0x32, 0x09, 0x62, 0x61, 0x74, 0x65, 0x72, 0x0a, 0x31, 0x33, 0x34,
  0x32, 0x33, 0x09, 0x62, 0x61, 0x74, 0x65, 0x73, 0x0a, 0x31, 0x33, 0x34,
  0x32, 0x34, 0x09, 0x62, 0x61, 0x74, 0x68, 0x0a, 0x31, 0x33, 0x34, 0x32,
  0x35, 0x09, 0x62, 0x61, 0x74, 0x68, 0x65, 0x0a, 0x31, 0x33, 0x34, 0x32,
  0x36, 0x09, 0x62, 0x61, 0x74, 0x69, 0x6b, 0x0a, 0x31, 0x33, 0x34, 0x33,
  0x31, 0x09, 0x62, 0x61, 0x74, 0x6f, 0x6e, 0x0a, 0x31, 0x33, 0x34, 0x33,
  0x32, 0x09, 0x62, 0x61, 0x74, 0x6f, 0x72, 0x0a, 0x31, 0x33, 0x34, 0x33,
  0x33, 0x09, 0x62, 0x61, 0x74, 0x74, 0x0a, 0x31, 0x33, 0x34, 0x33, 0x34,
  0x09, 0x62, 0x61, 0x75, 0x62, 0x6c, 0x65, 0x0a, 0x31, 0x33, 0x34, 0x33,
  0x35, 0x09, 0x62, 0x61, 0x75, 0x64, 0x0a, 0x31, 0x33, 0x34, 0x33, 0x36,
  0x09, 0x62, 0x61, 0x75, 0x65, 0x72, 0x0a, 0x31, 0x33, 0x34, 0x34, 0x31,
  0x09, 0x62, 0x61, 0x77, 0x64, 0x0a, 0x31, 0x33, 0x34, 0x34, 0x32, 0x09,
  0x62, 0x61, 0x77, 0x64, 0x79, 0x0a, 0x31, 0x33, 0x34, 0x34, 0x33, 0x09,
  0x62, 0x61, 0x77, 0x6c, 0x0a, 0x31, 0x33, 0x34, 0x34, 0x34, 0x09, 0x62,
  0x61, 0x78, 0x74, 0x65, 0x72, 0x0a, 0x31, 0x33, 0x34, 0x34, 0x35, 0x09,
  0x62, 0x61, 0x79, 0x0a, 0x31, 0x33, 0x34, 0x34, 0x36, 0x09, 0x62, 0x61,
  0x79, 0x64, 0x61, 0x0a, 0x31, 0x33, 0x34, 0x35, 0x31, 0x09, 0x62, 0x61,
  0x79, 0x65, 0x64, 0x0a, 0x31, 0x33, 0x34, 0x35, 0x32, 0x09, 0x62, 0x61,
  0x79, 0x6f, 0x75, 0x0a, 0x31, 0x33, 0x34, 0x35, 0x33, 0x09, 0x62, 0x61,
  0x7a, 0x61, 0x61, 0x72, 0x0a, 0x31, 0x33, 0x34, 0x35, 0x34, 0x09, 0x62,
  0x62, 0x0a, 0x31, 0x33, 0x34, 0x35, 0x35, 0x09, 0x62, 0x62, 0x62, 0x0a,
  0x31, 0x33, 0x34, 0x35, 0x36, 0x09, 0x62, 0x62, 0x62, 0x62, 0x0a, 0x31,
  0x33, 0x34, 0x36, 0x31, 0x09, 0x62, 0x63, 0x0a, 0x31, 0x33, 0x34, 0x36,
  0x32, 0x09, 0x62, 0x63, 0x64, 0x0a, 0x31, 0x33, 0x34, 0x36, 0x33, 0x09,
  0x62, 0x64, 0x0a, 0x31, 0x33, 0x34, 0x36, 0x34, 0x09, 0x62, 0x65, 0x0a,
  0x31, 0x33, 0x34, 0x36, 0x35, 0x09, 0x62, 0x65, 0x61, 0x63, 0x68, 0x0a,
  0x31, 0x33, 0x34, 0x36, 0x36, 0x09, 0x62, 0x65, 0x61, 0x64, 0x0a, 0x31,
  0x33, 0x35, 0x31, 0x31, 0x09, 0x62, 0x65, 0x61, 0x64, 0x79, 0x0a, 0x31,
  0x33, 0x35, 0x31, 0x32, 0x09, 0x62, 0x65, 0x61, 0x6b, 0x0a, 0x31, 0x33,
  0x35, 0x31, 0x33, 0x09, 0x62, 0x65, 0x61, 0x6d, 0x0a, 0x31, 0x33, 0x35,
  0x31, 0x34, 0x09, 0x62, 0x65, 0x61, 0x6e, 0x0a, 0x31, 0x33, 0x35, 0x31,
  0x35, 0x09, 0x62, 0x65, 0x61, 0x72, 0x0a, 0x31, 0x33, 0x35, 0x31, 0x36,
  0x09, 0x62, 0x65, 0x61, 0x72, 0x64, 0x0a, 0x31, 0x33, 0x35, 0x32, 0x31,
  0x09, 0x62, 0x65, 0x61, 0x73, 0x74, 0x0a, 0x31, 0x33, 0x35, 0x32, 0x32,
  0x09, 0x62, 0x65, 0x61, 0x74, 0x0a, 0x31, 0x33, 0x35, 0x32, 0x33, 0x09,
  0x62, 0x65, 0x61, 0x75, 0x0a, 0x31, 0x33, 0x35, 0x32, 0x34, 0x09, 0x62,
  0x65, 0x61, 0x75, 0x74, 0x79, 0x0a, 0x31, 0x33, 0x35, 0x32, 0x35, 0x09,
  0x62, 0x65, 0x61, 0x75, 0x78, 0x0a, 0x31, 0x33, 0x35, 0x32, 0x36, 0x09,
  0x62, 0x65, 0x62, 0x6f, 0x70, 0x0a, 0x31, 0x33, 0x35, 0x33, 0x31, 0x09,
  0x62, 0x65, 0x63, 0x61, 0x6c, 0x6d, 0x0a, 0x31, 0x33, 0x35, 0x33, 0x32,
  0x09, 0x62, 0x65, 0x63, 0x6b, 0x0a, 0x31, 0x33, 0x35, 0x33, 0x33, 0x09,
  0x62, 0x65, 0x63, 0x6b, 0x65, 0x72, 0x0a, 0x31, 0x33, 0x35, 0x33, 0x34,
  0x09, 0x62, 0x65, 0x63, 0x6b, 0x79, 0x0a, 0x31, 0x33, 0x35, 0x33, 0x35,
  0x09, 0x62, 0x65, 0x64, 0x0a, 0x31, 0x33, 0x35, 0x33, 0x36, 0x09, 0x62,
  0x65, 0x64, 0x69, 0x6d, 0x0a, 0x31, 0x33, 0x35, 0x34, 0x31, 0x09, 0x62,
  0x65, 0x65, 0x0a, 0x31, 0x33, 0x35, 0x34, 0x32, 0x09, 0x62, 0x65, 0x65,
  0x62, 0x65, 0x0a, 0x31, 0x33, 0x35, 0x34, 0x33, 0x09, 0x62, 0x65, 0x65,
  0x63, 0x68, 0x0a, 0x31, 0x33, 0x35, 0x34, 0x34, 0x09, 0x62, 0x65, 0x65,
  0x66, 0x0a, 0x31, 0x33, 0x35, 0x34, 0x35, 0x09, 0x62, 0x65, 0x65, 0x66,
  0x79, 0x0a, 0x31, 0x33, 0x35, 0x34, 0x36, 0x09, 0x62, 0x65, 0x65, 0x6e,
  0x0a, 0x31, 0x33, 0x35, 0x35, 0x31, 0x09, 0x62, 0x65, 0x65, 0x70, 0x0a,
  0x31, 0x33, 0x35, 0x35, 0x32, 0x09, 0x62, 0x65, 0x65, 0x72, 0x0a, 0x31,
  0x33, 0x35, 0x35, 0x33, 0x09, 0x62, 0x65, 0x65, 0x74, 0x0a, 0x31, 0x33,
  0x35, 0x35, 0x34, 0x09, 0x62, 0x65, 0x66, 0x61, 0x6c, 0x6c, 0x0a, 0x31,
  0x33, 0x35, 0x35, 0x35, 0x09, 0x62, 0x65, 0x66, 0x69, 0x74, 0x0a, 0x31,
  0x33, 0x35, 0x35, 0x36, 0x09, 0x62, 0x65, 0x66, 0x6f, 0x67, 0x0a, 0x31,
  0x33, 0x35, 0x36, 0x31, 0x09, 0x62, 0x65, 0x67, 0x0a, 0x31, 0x33, 0x35,
  0x36, 0x32, 0x09, 0x62, 0x65, 0x67, 0x61, 0x6e, 0x0a, 0x31, 0x33, 0x35,
  0x36, 0x33, 0x09, 0x62, 0x65, 0x67, 0x65, 0x74, 0x0a, 0x31, 0x33, 0x35,
  0x36, 0x34, 0x09, 0x62, 0x65, 0x67, 0x67, 0x61, 0x72, 0x0a, 0x31, 0x33,
  0x35, 0x36, 0x35, 0x09, 0x62, 0x65, 0x67, 0x69, 0x6e, 0x0a, 0x31, 0x33,
  0x35, 0x36, 0x36, 0x09, 0x62, 0x65, 0x67, 0x75, 0x6e, 0x0a, 0x31, 0x33,
  0x36, 0x31, 0x31, 0x09, 0x62, 0x65, 0x68, 0x69, 0x6e, 0x64, 0x0a, 0x31,
  0x33, 0x36, 0x31, 0x32, 0x09, 0x62, 0x65, 0x69, 0x67, 0x65, 0x0a, 0x31,
  0x33, 0x36, 0x31, 0x33, 0x09, 0x62, 0x65, 0x69, 0x6e, 0x67, 0x0a, 0x31,
  0x33, 0x36, 0x31, 0x34, 0x09, 0x62, 0x65, 0x69, 0x72, 0x75, 0x74, 0x0a,
  0x31, 0x33, 0x36, 0x31, 0x35, 0x09, 0x62, 0x65, 0x6c, 0x0a, 0x31, 0x33,
  0x36, 0x31, 0x36, 0x09, 0x62, 0x65, 0x6c, 0x61, 0x0a, 0x31, 0x33, 0x36,
  0x32, 0x31, 0x09, 0x62, 0x65, 0x6c, 0x63, 0x68, 0x0a, 0x31, 0x33, 0x36,
  0x32, 0x32, 0x09, 0x62, 0x65, 0x6c, 0x66, 0x72, 0x79, 0x0a, 0x31, 0x33,
  0x36, 0x32, 0x33, 0x09, 0x62, 0x65, 0x6c, 0x69, 0x65, 0x0a, 0x31, 0x33,
  0x36, 0x32, 0x34, 0x09, 0x62, 0x65, 0x6c, 0x6c, 0x0a, 0x31, 0x33, 0x36,
  0x32, 0x35, 0x09, 0x62, 0x65, 0x6c, 0x6c, 0x61, 0x0a, 0x31, 0x33, 0x36,
  0x32, 0x36, 0x09, 0x62, 0x65, 0x6c, 0x6c, 0x65, 0x0a, 0x31, 0x33, 0x36,
  0x33, 0x31, 0x09, 0x62, 0x65, 0x6c, 0x6c, 0x79, 0x0a, 0x31, 0x33, 0x36,
  0x33, 0x32, 0x09, 0x62, 0x65, 0x6c, 0x6f, 0x77, 0x0a, 0x31, 0x33, 0x36,
  0x33, 0x33, 0x09, 0x62, 0x65, 0x6c, 0x74, 0x0a, 0x31, 0x33, 0x36, 0x33,
  0x34, 0x09, 0x62, 0x65, 0x6d, 0x61, 0x0a, 0x31, 0x33, 0x36, 0x33, 0x35,
  0x09, 0x62, 0x65, 0x6d, 0x61, 0x6e, 0x0a, 0x31, 0x33, 0x36, 0x33, 0x36,
  0x09, 0x62, 0x65, 0x6d, 0x6f, 0x61, 0x6e, 0x0a, 0x31, 0x33, 0x36, 0x34,
  0x31, 0x09, 0x62, 0x65, 0x6e, 0x0a, 0x31, 0x33, 0x36, 0x34, 0x32, 0x09,
  0x62, 0x65, 0x6e, 0x63, 0x68, 0x0a, 0x31, 0x33, 0x36, 0x34, 0x33, 0x09,
  0x62, 0x65, 0x6e, 0x64, 0x0a, 0x31, 0x33, 0x36, 0x34, 0x34, 0x09, 0x62,
  0x65, 0x6e, 0x64, 0x65, 0x72, 0x0a, 0x31, 0x33, 0x36, 0x34, 0x35, 0x09,
  0x62, 0x65, 0x6e, 0x6e, 0x79, 0x0a, 0x31, 0x33, 0x36, 0x34, 0x36, 0x09,
  0x62, 0x65, 0x6e, 0x74, 0x0a, 0x31, 0x33, 0x36, 0x35, 0x31, 0x09, 0x62,
  0x65, 0x6e, 0x7a, 0x0a, 0x31, 0x33, 0x36, 0x35, 0x32, 0x09, 0x62, 0x65,
  0x72, 0x65, 0x61, 0x0a, 0x31, 0x33, 0x36, 0x35, 0x33, 0x09, 0x62, 0x65,
  0x72, 0x65, 0x66, 0x74, 0x0a, 0x31, 0x33, 0x36, 0x35, 0x34, 0x09, 0x62,
  0x65, 0x72, 0x65, 0x74, 0x0a, 0x31, 0x33, 0x36, 0x35, 0x35, 0x09, 0x62,
  0x65, 0x72, 0x67, 0x0a, 0x31, 0x33, 0x36, 0x35, 0x36, 0x09, 0x62, 0x65,
  0x72, 0x6c, 0x69, 0x6e, 0x0a, 0x31, 0x33, 0x36, 0x36, 0x31, 0x09, 0x62,
  0x65, 0x72, 0x6e, 0x0a, 0x31, 0x33, 0x36, 0x36, 0x32, 0x09, 0x62, 0x65,
  0x72, 0x6e, 0x65, 0x0a, 0x31, 0x33, 0x36, 0x36, 0x33, 0x09, 0x62, 0x65,
  0x72, 0x6e, 0x65, 0x74, 0x0a, 0x31, 0x33, 0x36, 0x36, 0x34, 0x09, 0x62,
  0x65, 0x72, 0x72, 0x61, 0x0a, 0x31, 0x33, 0x36, 0x36, 0x35, 0x09, 0x62,
  0x65, 0x72, 0x72, 0x79, 0x0a, 0x31, 0x33, 0x36, 0x36, 0x36, 0x09, 0x62,
  0x65, 0x72, 0x74, 0x0a, 0x31, 0x34, 0x31, 0x31, 0x31, 0x09, 0x62, 0x65,
  0x72, 0x74, 0x68, 0x0a, 0x31, 0x34, 0x31, 0x31, 0x32, 0x09, 0x62, 0x65,
  0x72, 0x79, 0x6c, 0x0a, 0x31, 0x34, 0x31, 0x31, 0x33, 0x09, 0x62, 0x65,
  0x73, 0x65, 0x74, 0x0a, 0x31, 0x34, 0x31, 0x31, 0x34, 0x09, 0x62, 0x65,
  0x73, 0x73, 0x0a, 0x31, 0x34, 0x31, 0x31, 0x35, 0x09, 0x62, 0x65, 0x73,
  0x73, 0x65, 0x6c, 0x0a, 0x31, 0x34, 0x31, 0x31, 0x36, 0x09, 0x62, 0x65,
  0x73, 0x74, 0x0a, 0x31, 0x34, 0x31, 0x32, 0x31, 0x09, 0x62, 0x65, 0x73,
  0x74, 0x69, 0x72, 0x0a, 0x31, 0x34, 0x31, 0x32, 0x32, 0x09, 0x62, 0x65,
  0x74, 0x0a, 0x31, 0x34, 0x31, 0x32, 0x33, 0x09, 0x62, 0x65, 0x74, 0x61,
  0x0a, 0x31, 0x34, 0x31, 0x32, 0x34, 0x09, 0x62, 0x65, 0x74, 0x65, 0x6c,
  0x0a, 0x31, 0x34, 0x31, 0x32, 0x35, 0x09, 0x62, 0x65, 0x74, 0x68, 0x0a,
  0x31, 0x34, 0x31, 0x32, 0x36, 0x09, 0x62, 0x65, 0x74, 0x68, 0x65, 0x6c,
  0x0a, 0x31, 0x34, 0x31, 0x33, 0x31, 0x09, 0x62, 0x65, 0x74, 0x73, 0x79,
  0x0a, 0x31, 0x34, 0x31, 0x33, 0x32, 0x09, 0x62, 0x65, 0x74, 0x74, 0x65,
  0x0a, 0x31, 0x34, 0x31, 0x33, 0x33, 0x09, 0x62, 0x65, 0x74, 0x74, 0x79,
  0x0a, 0x31, 0x34, 0x31, 0x33, 0x34, 0x09, 0x62, 0x65, 0x76, 0x65, 0x6c,
  0x0a, 0x31, 0x34, 0x31, 0x33, 0x35, 0x09, 0x62, 0x65, 0x76, 0x79, 0x0a,
  0x31, 0x34, 0x31, 0x33, 0x36, 0x09, 0x62, 0x65, 0x77, 0x61, 0x72, 0x65,
  0x0a, 0x31, 0x34, 0x31, 0x34, 0x31, 0x09, 0x62, 0x65, 0x79, 0x0a, 0x31,
  0x34, 0x31, 0x34, 0x32, 0x09, 0x62, 0x65, 0x7a, 0x65, 0x6c, 0x0a, 0x31,
  0x34, 0x31, 0x34, 0x33, 0x09, 0x62, 0x66, 0x0a, 0x31, 0x34, 0x31, 0x34,
  0x34, 0x09, 0x62, 0x67, 0x0a, 0x31, 0x34, 0x31, 0x34, 0x35, 0x09, 0x62,
  0x68, 0x0a, 0x31, 0x34, 0x31, 0x34, 0x36, 0x09, 0x62, 0x68, 0x6f, 0x79,
  0x0a, 0x31, 0x34, 0x31, 0x35, 0x31, 0x09, 0x62, 0x69, 0x0a, 0x31, 0x34,
  0x31, 0x35, 0x32, 0x09, 0x62, 0x69, 0x61, 0x73, 0x0a, 0x31, 0x34, 0x31,
  0x35, 0x33, 0x09, 0x62, 0x69, 0x62, 0x0a, 0x31, 0x34, 0x31, 0x35, 0x34,
  0x09, 0x62, 0x69, 0x62, 0x62, 0x0a, 0x31, 0x34, 0x31, 0x35, 0x35, 0x09,
  0x62, 0x69, 0x62, 0x6c, 0x65, 0x0a, 0x31, 0x34, 0x31, 0x35, 0x36, 0x09,
  0x62, 0x69, 0x63, 0x65, 0x70, 0x0a, 0x31, 0x34, 0x31, 0x36, 0x31, 0x09,
  0x62, 0x69, 0x63, 0x65, 0x70, 0x73, 0x0a, 0x31, 0x34, 0x31, 0x36, 0x32,
  0x09, 0x62, 0x69, 0x64, 0x0a, 0x31, 0x34, 0x31, 0x36, 0x33, 0x09, 0x62,
  0x69, 0x64, 0x64, 0x79, 0x0a, 0x31, 0x34, 0x31, 0x36, 0x34, 0x09, 0x62,
  0x69, 0x64, 0x65, 0x0a, 0x31, 0x34, 0x31, 0x36, 0x35, 0x09, 0x62, 0x69,
  0x65, 0x6e, 0x0a, 0x31, 0x34, 0x31, 0x36, 0x36, 0x09, 0x62, 0x69, 0x67,
  0x0a, 0x31, 0x34, 0x32, 0x31, 0x31, 0x09, 0x62, 0x69, 0x67, 0x67, 0x73,
  0x0a, 0x31, 0x34, 0x32, 0x31, 0x32, 0x09, 0x62, 0x69, 0x67, 0x6f, 0x74,
  0x0a, 0x31, 0x34, 0x32, 0x31, 0x33, 0x09, 0x62, 0x69, 0x6c, 0x65, 0x0a,
  0x31, 0x34, 0x32, 0x31, 0x34, 0x09, 0x62, 0x69, 0x6c, 0x67, 0x65, 0x0a,
  0x31, 0x34, 0x32, 0x31, 0x35, 0x09, 0x62, 0x69, 0x6c, 0x6b, 0x0a, 0x31,
  0x34, 0x32, 0x31, 0x36, 0x09, 0x62, 0x69, 0x6c, 0x6c, 0x0a, 0x31, 0x34,
  0x32, 0x32, 0x31, 0x09, 0x62, 0x69, 0x6c, 0x6c, 0x6f, 0x77, 0x0a, 0x31,
  0x34, 0x32, 0x32, 0x32, 0x09, 0x62, 0x69, 0x6c, 0x6c, 0x79, 0x0a, 0x31,
  0x34, 0x32, 0x32, 0x33, 0x09, 0x62, 0x69, 0x6e, 0x0a, 0x31, 0x34, 0x32,
  0x32, 0x34, 0x09, 0x62, 0x69, 0x6e, 0x61, 0x72, 0x79, 0x0a, 0x31, 0x34,
  0x32, 0x32, 0x35, 0x09, 0x62, 0x69, 0x6e, 0x64, 0x0a, 0x31, 0x34, 0x32,
  0x32, 0x36, 0x09, 0x62, 0x69, 0x6e, 0x67, 0x0a, 0x31, 0x34, 0x32, 0x33,
  0x31, 0x09, 0x62, 0x69, 0x6e, 0x67, 0x65, 0x0a, 0x31, 0x34, 0x32, 0x33,
  0x32, 0x09, 0x62, 0x69, 0x6e, 0x67, 0x6c, 0x65, 0x0a, 0x31, 0x34, 0x32,
  0x33, 0x33, 0x09, 0x62, 0x69, 0x6e, 0x69, 0x0a, 0x31, 0x34, 0x32, 0x33,
  0x34, 0x09, 0x62, 0x69, 0x6f, 0x74, 0x61, 0x0a, 0x31, 0x34, 0x32, 0x33,
  0x35, 0x09, 0x62, 0x69, 0x72, 0x63, 0x68, 0x0a, 0x31, 0x34, 0x32, 0x33,
  0x36, 0x09, 0x62, 0x69, 0x72, 0x64, 0x0a, 0x31, 0x34, 0x32, 0x34, 0x31,
  0x09, 0x62, 0x69, 0x72, 0x64, 0x69, 0x65, 0x0a, 0x31, 0x34, 0x32, 0x34,
  0x32, 0x09, 0x62, 0x69, 0x72, 0x74, 0x68, 0x0a, 0x31, 0x34, 0x32, 0x34,
  0x33, 0x09, 0x62, 0x69, 0x73, 0x6f, 0x6e, 0x0a, 0x31, 0x34, 0x32, 0x34,
  0x34, 0x09, 0x62, 0x69, 0x73, 0x71, 0x75, 0x65, 0x0a, 0x31, 0x34, 0x32,
  0x34, 0x35, 0x09, 0x62, 0x69, 0x74, 0x0a, 0x31, 0x34, 0x32, 0x34, 0x36,
  0x09, 0x62, 0x69, 0x74, 0x63, 0x68, 0x0a, 0x31, 0x34, 0x32, 0x35, 0x31,
  0x09, 0x62, 0x69, 0x74, 0x65, 0x0a, 0x31, 0x34, 0x32, 0x35, 0x32, 0x09,
  0x62, 0x69, 0x74, 0x74, 0x0a, 0x31, 0x34, 0x32, 0x35, 0x33, 0x09, 0x62,
  0x69, 0x74, 0x74, 0x65, 0x6e, 0x0a, 0x31, 0x34, 0x32, 0x35, 0x34, 0x09,
  0x62, 0x69, 0x7a, 0x0a, 0x31, 0x34, 0x32, 0x35, 0x35, 0x09, 0x62, 0x69,
  0x7a, 0x65, 0x74, 0x0a, 0x31, 0x34, 0x32, 0x35, 0x36, 0x09, 0x62, 0x6a,
  0x0a, 0x31, 0x34, 0x32, 0x36, 0x31, 0x09, 0x62, 0x6b, 0x0a, 0x31, 0x34,
  0x32, 0x36, 0x32, 0x09, 0x62, 0x6c, 0x0a, 0x31, 0x34, 0x32, 0x36, 0x33,
  0x09, 0x62, 0x6c, 0x61, 0x62, 0x0a, 0x31, 0x34, 0x32, 0x36, 0x34, 0x09,
  0x62, 0x6c, 0x61, 0x63, 0x6b, 0x0a, 0x31, 0x34, 0x32, 0x36, 0x35, 0x09,
  0x62, 0x6c, 0x61, 0x64, 0x65, 0x0a, 0x31, 0x34, 0x32, 0x36, 0x36, 0x09,
  0x62, 0x6c, 0x61, 0x69, 0x72, 0x0a, 0x31, 0x34, 0x33, 0x31, 0x31, 0x09,
  0x62, 0x6c, 0x61, 0x6b, 0x65, 0x0a, 0x31, 0x34, 0x33, 0x31, 0x32, 0x09,
  0x62, 0x6c, 0x61, 0x6d, 0x65, 0x0a, 0x31, 0x34, 0x33, 0x31, 0x33, 0x09,
  0x62, 0x6c, 0x61, 0x6e, 0x63, 0x0a, 0x31, 0x34, 0x33, 0x31, 0x34, 0x09,
  0x62, 0x6c, 0x61, 0x6e, 0x64, 0x0a, 0x31, 0x34, 0x33, 0x31, 0x35, 0x09,
  0x62, 0x6c, 0x61, 0x6e, 0x6b, 0x0a, 0x31, 0x34, 0x33, 0x31, 0x36, 0x09,
  0x62, 0x6c, 0x61, 0x72, 0x65, 0x0a, 0x31, 0x34, 0x33, 0x32, 0x31, 0x09,
  0x62, 0x6c, 0x61, 0x73, 0x74, 0x0a, 0x31, 0x34, 0x33, 0x32, 0x32, 0x09,
  0x62, 0x6c, 0x61, 0x74, 0x0a, 0x31, 0x34, 0x33, 0x32, 0x33, 0x09, 0x62,
  0x6c, 0x61, 0x74, 0x7a, 0x0a, 0x31, 0x34, 0x33, 0x32, 0x34, 0x09, 0x62,
  0x6c, 0x61, 0x7a, 0x65, 0x0a, 0x31, 0x34, 0x33, 0x32, 0x35, 0x09, 0x62,
  0x6c, 0x65, 0x61, 0x6b, 0x0a, 0x31, 0x34, 0x33, 0x32, 0x36, 0x09, 0x62,
  0x6c, 0x65, 0x61, 0x74, 0x0a, 0x31, 0x34, 0x33, 0x33, 0x31, 0x09, 0x62,
  0x6c, 0x65, 0x64, 0x0a, 0x31, 0x34, 0x33, 0x33, 0x32, 0x09, 0x62, 0x6c,
  0x65, 0x65, 0x64, 0x0a, 0x31, 0x34, 0x33, 0x33, 0x33, 0x09, 0x62, 0x6c,
  0x65, 0x6e, 0x64, 0x0a, 0x31, 0x34, 0x33, 0x33, 0x34, 0x09, 0x62, 0x6c,
  0x65, 0x73, 0x73, 0x0a, 0x31, 0x34, 0x33, 0x33, 0x35, 0x09, 0x62, 0x6c,
  0x65, 0x73, 0x74, 0x0a, 0x31, 0x34, 0x33, 0x33, 0x36, 0x09, 0x62, 0x6c,
  0x65, 0x77, 0x0a, 0x31, 0x34, 0x33, 0x34, 0x31, 0x09, 0x62, 0x6c, 0x69,
  0x6d, 0x70, 0x0a, 0x31, 0x34, 0x33, 0x34, 0x32, 0x09, 0x62, 0x6c, 0x69,
  0x6e, 0x64, 0x0a, 0x31, 0x34, 0x33, 0x34, 0x33, 0x09, 0x62, 0x6c, 0x69,
  0x6e, 0x6b, 0x0a, 0x31, 0x34, 0x33, 0x34, 0x34, 0x09, 0x62, 0x6c, 0x69,
  0x6e, 0x6e, 0x0a, 0x31, 0x34, 0x33, 0x34, 0x35, 0x09, 0x62, 0x6c, 0x69,
  0x70, 0x0a, 0x31, 0x34, 0x33, 0x34, 0x36, 0x09, 0x62, 0x6c, 0x69, 0x73,
  0x73, 0x0a, 0x31, 0x34, 0x33, 0x35, 0x31, 0x09, 0x62, 0x6c, 0x69, 0x74,
  0x68, 0x65, 0x0a, 0x31, 0x34, 0x33, 0x35, 0x32, 0x09, 0x62, 0x6c, 0x69,
  0x74, 0x7a, 0x0a, 0x31, 0x34, 0x33, 0x35, 0x33, 0x09, 0x62, 0x6c, 0x6f,
  0x61, 0x74, 0x0a, 0x31, 0x34, 0x33, 0x35, 0x34, 0x09, 0x62, 0x6c, 0x6f,
  0x62, 0x0a, 0x31, 0x34, 0x33, 0x35, 0x35, 0x09, 0x62, 0x6c, 0x6f, 0x63,
  0x0a, 0x31, 0x34, 0x33, 0x35, 0x36, 0x09, 0x62, 0x6c, 0x6f, 0x63, 0x68,
  0x0a, 0x31, 0x34, 0x33, 0x36, 0x31, 0x09, 0x62, 0x6c, 0x6f, 0x63, 0x6b,
  0x0a, 0x31, 0x34, 0x33, 0x36, 0x32, 0x09, 0x62, 0x6c, 0x6f, 0x6b, 0x65,
  0x0a, 0x31, 0x34, 0x33, 0x36, 0x33, 0x09, 0x62, 0x6c, 0x6f, 0x6e, 0x64,
  0x0a, 0x31, 0x34, 0x33, 0x36, 0x34, 0x09, 0x62, 0x6c, 0x6f, 0x6e, 0x64,
  0x65, 0x0a, 0x31, 0x34, 0x33, 0x36, 0x35, 0x09, 0x62, 0x6c, 0x6f, 0x6f,
  0x64, 0x0a, 0x31, 0x34, 0x33, 0x36, 0x36, 0x09, 0x62, 0x6c, 0x6f, 0x6f,
  0x6d, 0x0a, 0x31, 0x34, 0x34, 0x31, 0x31, 0x09, 0x62, 0x6c, 0x6f, 0x6f,
  0x70, 0x0a, 0x31, 0x34, 0x34, 0x31, 0x32, 0x09, 0x62, 0x6c, 0x6f, 0x74,
  0x0a, 0x31, 0x34, 0x34, 0x31, 0x33, 0x09, 0x62, 0x6c, 0x6f, 0x74, 0x63,
  0x68, 0x0a, 0x31, 0x34, 0x34, 0x31, 0x34, 0x09, 0x62, 0x6c, 0x6f, 0x77,
  0x0a, 0x31, 0x34, 0x34, 0x31, 0x35, 0x09, 0x62, 0x6c, 0x6f, 0x77, 0x6e,
  0x0a, 0x31, 0x34, 0x34, 0x31, 0x36, 0x09, 0x62, 0x6c, 0x75, 0x65, 0x0a,
  0x31, 0x34, 0x34, 0x32, 0x31, 0x09, 0x62, 0x6c, 0x75, 0x65, 0x74, 0x0a,
  0x31, 0x34, 0x34, 0x32, 0x32, 0x09, 0x62, 0x6c, 0x75, 0x66, 0x66, 0x0a,
  0x31, 0x34, 0x34, 0x32, 0x33, 0x09, 0x62, 0x6c, 0x75, 0x6d, 0x0a, 0x31,
  0x34, 0x34, 0x32, 0x34, 0x09, 0x62, 0x6c, 0x75, 0x6e, 0x74, 0x0a, 0x31,
  0x34, 0x34, 0x32, 0x35, 0x09, 0x62, 0x6c, 0x75, 0x72, 0x0a, 0x31, 0x34,
  0x34, 0x32, 0x36, 0x09, 0x62, 0x6c, 0x75, 0x72, 0x74, 0x0a, 0x31, 0x34,
  0x34, 0x33, 0x31, 0x09, 0x62, 0x6c, 0x75, 0x73, 0x68, 0x0a, 0x31, 0x34,
  0x34, 0x33, 0x32, 0x09, 0x62, 0x6c, 0x76, 0x64, 0x0a, 0x31, 0x34, 0x34,
  0x33, 0x33, 0x09, 0x62, 0x6c, 0x79, 0x74, 0x68, 0x65, 0x0a, 0x31, 0x34,
  0x34, 0x33, 0x34, 0x09, 0x62, 0x6d, 0x0a, 0x31, 0x34, 0x34, 0x33, 0x35,
  0x09, 0x62, 0x6d, 0x77, 0x0a, 0x31, 0x34, 0x34, 0x33, 0x36, 0x09, 0x62,
  0x6e, 0x0a, 0x31, 0x34, 0x34, 0x34, 0x31, 0x09, 0x62, 0x6f, 0x0a, 0x31,
  0x34, 0x34, 0x34, 0x32, 0x09, 0x62, 0x6f, 0x61, 0x0a, 0x31, 0x34, 0x34,
  0x34, 0x33, 0x09, 0x62, 0x6f, 0x61, 0x72, 0x0a, 0x31, 0x34, 0x34, 0x34,
  0x34, 0x09, 0x62, 0x6f, 0x61, 0x72, 0x64, 0x0a, 0x31, 0x34, 0x34, 0x34,
  0x35, 0x09, 0x62, 0x6f, 0x61, 0x73, 0x74, 0x0a, 0x31, 0x34, 0x34, 0x34,
  0x36, 0x09, 0x62, 0x6f, 0x61, 0x74, 0x0a, 0x31, 0x34, 0x34, 0x35, 0x31,
  0x09, 0x62, 0x6f, 0x62, 0x0a, 0x31, 0x34, 0x34, 0x35, 0x32, 0x09, 0x62,
  0x6f, 0x62, 0x62, 0x69, 0x6e, 0x0a, 0x31, 0x34, 0x34, 0x35, 0x33, 0x09,
  0x62, 0x6f, 0x62, 0x62, 0x79, 0x0a, 0x31, 0x34, 0x34, 0x35, 0x34, 0x09,
  0x62, 0x6f, 0x62, 0x63, 0x61, 0x74, 0x0a, 0x31, 0x34, 0x34, 0x35, 0x35,
  0x09, 0x62, 0x6f, 0x63, 0x61, 0x0a, 0x31, 0x34, 0x34, 0x35, 0x36, 0x09,
  0x62, 0x6f, 0x63, 0x6b, 0x0a, 0x31, 0x34, 0x34, 0x36, 0x31, 0x09, 0x62,
  0x6f, 0x64, 0x65, 0x0a, 0x31, 0x34, 0x34, 0x36, 0x32, 0x09, 0x62, 0x6f,
  0x64, 0x79, 0x0a, 0x31, 0x34, 0x34, 0x36, 0x33, 0x09, 0x62, 0x6f, 0x67,
  0x0a, 0x31, 0x34, 0x34, 0x36, 0x34, 0x09, 0x62, 0x6f, 0x67, 0x65, 0x79,
  0x0a, 0x31, 0x34, 0x34, 0x36, 0x35, 0x09, 0x62, 0x6f, 0x67, 0x67, 0x79,
  0x0a, 0x31, 0x34, 0x34, 0x36, 0x36, 0x09, 0x62, 0x6f, 0x67, 0x75, 0x73,
  0x0a, 0x31, 0x34, 0x35, 0x31, 0x31, 0x09, 0x62, 0x6f, 0x67, 0x79, 0x0a,
  0x31, 0x34, 0x35, 0x31, 0x32, 0x09, 0x62, 0x6f, 0x68, 0x72, 0x0a, 0x31,
  0x34, 0x35, 0x31, 0x33, 0x09, 0x62, 0x6f, 0x69, 0x6c, 0x0a, 0x31, 0x34,
  0x35, 0x31, 0x34, 0x09, 0x62, 0x6f, 0x69, 0x73, 0x0a, 0x31, 0x34, 0x35,
  0x31, 0x35, 0x09, 0x62, 0x6f, 0x69, 0x73, 0x65, 0x0a, 0x31, 0x34, 0x35,
  0x31, 0x36, 0x09, 0x62, 0x6f, 0x6c, 0x64, 0x0a, 0x31, 0x34, 0x35, 0x32,
  0x31, 0x09, 0x62, 0x6f, 0x6c, 0x65, 0x0a, 0x31, 0x34, 0x35, 0x32, 0x32,
  0x09, 0x62, 0x6f, 0x6c, 0x6f, 0x0a, 0x31, 0x34, 0x35, 0x32, 0x33, 0x09,
  0x62, 0x6f, 0x6c, 0x74, 0x0a, 0x31, 0x34, 0x35, 0x32, 0x34, 0x09, 0x62,
  0x6f, 0x6d, 0x62, 0x0a, 0x31, 0x34, 0x35, 0x32, 0x35, 0x09, 0x62, 0x6f,
  0x6d, 0x62, 0x61, 0x79, 0x0a, 0x31, 0x34, 0x35, 0x32, 0x36, 0x09, 0x62,
  0x6f, 0x6e, 0x0a, 0x31, 0x34, 0x35, 0x33, 0x31, 0x09, 0x62, 0x6f, 0x6e,
  0x61, 0x0a, 0x31, 0x34, 0x35, 0x33, 0x32, 0x09, 0x62, 0x6f, 0x6e, 0x64,
  0x0a, 0x31, 0x34, 0x35, 0x33, 0x33, 0x09, 0x62, 0x6f, 0x6e, 0x65, 0x0a,
  0x31, 0x34, 0x35, 0x33, 0x34, 0x09, 0x62, 0x6f, 0x6e, 0x67, 0x0a, 0x31,
  0x34, 0x35, 0x33, 0x35, 0x09, 0x62, 0x6f, 0x6e, 0x67, 0x6f, 0x0a, 0x31,
  0x34, 0x35, 0x33, 0x36, 0x09, 0x62, 0x6f, 0x6e, 0x6e, 0x0a, 0x31, 0x34,
  0x35, 0x34, 0x31, 0x09, 0x62, 0x6f, 0x6e, 0x75, 0x73, 0x0a, 0x31, 0x34,
  0x35, 0x34, 0x32, 0x09, 0x62, 0x6f, 0x6e, 0x79, 0x0a, 0x31, 0x34, 0x35,
  0x34, 0x33, 0x09, 0x62, 0x6f, 0x6e, 0x7a, 0x65, 0x0a, 0x31, 0x34, 0x35,
  0x34, 0x34, 0x09, 0x62, 0x6f, 0x6f, 0x0a, 0x31, 0x34, 0x35, 0x34, 0x35,
  0x09, 0x62, 0x6f, 0x6f, 0x62, 0x79, 0x0a, 0x31, 0x34, 0x35, 0x34, 0x36,
  0x09, 0x62, 0x6f, 0x6f, 0x67, 0x69, 0x65, 0x0a, 0x31, 0x34, 0x35, 0x35,
  0x31, 0x09, 0x62, 0x6f, 0x6f, 0x6b, 0x0a, 0x31, 0x34, 0x35, 0x35, 0x32,
  0x09, 0x62, 0x6f, 0x6f, 0x6b, 0x79, 0x0a, 0x31, 0x34, 0x35, 0x35, 0x33,
  0x09, 0x62, 0x6f, 0x6f, 0x6d, 0x0a, 0x31, 0x34, 0x35, 0x35, 0x34, 0x09,
  0x62, 0x6f, 0x6f, 0x6e, 0x0a, 0x31, 0x34, 0x35, 0x35, 0x35, 0x09, 0x62,
  0x6f, 0x6f, 0x6e, 0x65, 0x0a, 0x31, 0x34, 0x35, 0x35, 0x36, 0x09, 0x62,
  0x6f, 0x6f, 0x72, 0x0a, 0x31, 0x34, 0x35, 0x36, 0x31, 0x09, 0x62, 0x6f,
  0x6f, 0x73, 0x74, 0x0a, 0x31, 0x34, 0x35, 0x36, 0x32, 0x09, 0x62, 0x6f,
  0x6f, 0x74, 0x0a, 0x31, 0x34, 0x35, 0x36, 0x33, 0x09, 0x62, 0x6f, 0x6f,
  0x74, 0x68, 0x0a, 0x31, 0x34, 0x35, 0x36, 0x34, 0x09, 0x62, 0x6f, 0x6f,
  0x74, 0x79, 0x0a, 0x31, 0x34, 0x35, 0x36, 0x35, 0x09, 0x62, 0x6f, 0x6f,
  0x7a, 0x65, 0x0a, 0x31, 0x34, 0x35, 0x36, 0x36, 0x09, 0x62, 0x6f, 0x70,
  0x0a, 0x31, 0x34, 0x36, 0x31, 0x31, 0x09, 0x62, 0x6f, 0x72, 0x61, 0x78,
  0x0a, 0x31, 0x34, 0x36, 0x31, 0x32, 0x09, 0x62, 0x6f, 0x72, 0x64, 0x65,
  0x72, 0x0a, 0x31, 0x34, 0x36, 0x31, 0x33, 0x09, 0x62, 0x6f, 0x72, 0x65,
  0x0a, 0x31, 0x34, 0x36, 0x31, 0x34, 0x09, 0x62, 0x6f, 0x72, 0x67, 0x0a,
  0x31, 0x34, 0x36, 0x31, 0x35, 0x09, 0x62, 0x6f, 0x72, 0x69, 0x63, 0x0a,
  0x31, 0x34, 0x36, 0x31, 0x36, 0x09, 0x62, 0x6f, 0x72, 0x69, 0x73, 0x0a,
  0x31, 0x34, 0x36, 0x32, 0x31, 0x09, 0x62, 0x6f, 0x72, 0x6e, 0x0a, 0x31,
  0x34, 0x36, 0x32, 0x32, 0x09, 0x62, 0x6f, 0x72, 0x6e, 0x65, 0x0a, 0x31,
  0x34, 0x36, 0x32, 0x33, 0x09, 0x62, 0x6f, 0x72, 0x6e, 0x65, 0x6f, 0x0a,
  0x31, 0x34, 0x36, 0x32, 0x34, 0x09, 0x62, 0x6f, 0x72, 0x6f, 0x6e, 0x0a,
  0x31, 0x34, 0x36, 0x32, 0x35, 0x09, 0x62, 0x6f, 0x73, 0x63, 0x68, 0x0a,
  0x31, 0x34, 0x36, 0x32, 0x36, 0x09, 0x62, 0x6f, 0x73, 0x65, 0x0a, 0x31,
  0x34, 0x36, 0x33, 0x31, 0x09, 0x62, 0x6f, 0x73, 0x6f, 0x6d, 0x0a, 0x31,
  0x34, 0x36, 0x33, 0x32, 0x09, 0x62, 0x6f, 0x73, 0x6f, 0x6e, 0x0a, 0x31,
  0x34, 0x36, 0x33, 0x33, 0x09, 0x62, 0x6f, 0x73, 0x73, 0x0a, 0x31, 0x34,
  0x36, 0x33, 0x34, 0x09, 0x62, 0x6f, 0x73, 0x74, 0x6f, 0x6e, 0x0a, 0x31,
  0x34, 0x36, 0x33, 0x35, 0x09, 0x62, 0x6f, 0x74, 0x63, 0x68, 0x0a, 0x31,
  0x34, 0x36, 0x33, 0x36, 0x09, 0x62, 0x6f, 0x74, 0x68, 0x0a, 0x31, 0x34,
  0x36, 0x34, 0x31, 0x09, 0x62, 0x6f, 0x74, 0x74, 0x6c, 0x65, 0x0a, 0x31,
  0x34, 0x36, 0x34, 0x32, 0x09, 0x62, 0x6f, 0x75, 0x67, 0x68, 0x0a, 0x31,
  0x34, 0x36, 0x34, 0x33, 0x09, 0x62, 0x6f, 0x75, 0x6e, 0x63, 0x79, 0x0a,
  0x31, 0x34, 0x36, 0x34, 0x34, 0x09, 0x62, 0x6f, 0x75, 0x6e, 0x64, 0x0a,
  0x31, 0x34, 0x36, 0x34, 0x35, 0x09, 0x62, 0x6f, 0x75, 0x72, 0x6e, 0x0a,
  0x31, 0x34, 0x36, 0x34, 0x36, 0x09, 0x62, 0x6f, 0x75, 0x74, 0x0a, 0x31,
  0x34, 0x36, 0x35, 0x31, 0x09, 0x62, 0x6f, 0x76, 0x69, 0x6e, 0x65, 0x0a,
  0x31, 0x34, 0x36, 0x35, 0x32, 0x09, 0x62, 0x6f, 0x77, 0x0a, 0x31, 0x34,
  0x36, 0x35, 0x33, 0x09, 0x62, 0x6f, 0x77, 0x65, 0x6c, 0x0a, 0x31, 0x34,
  0x36, 0x35, 0x34, 0x09, 0x62, 0x6f, 0x77, 0x65, 0x6e, 0x0a, 0x31, 0x34,
  0x36, 0x35, 0x35, 0x09, 0x62, 0x6f, 0x77, 0x69, 0x65, 0x0a, 0x31, 0x34,
  0x36, 0x35, 0x36, 0x09, 0x62, 0x6f, 0x77, 0x6c, 0x0a, 0x31, 0x34, 0x36,
  0x36, 0x31, 0x09, 0x62, 0x6f, 0x78, 0x0a, 0x31, 0x34, 0x36, 0x36, 0x32,
  0x09, 0x62, 0x6f, 0x78, 0x79, 0x0a, 0x31, 0x34, 0x36, 0x36, 0x33, 0x09,
  0x62, 0x6f, 0x79, 0x0a, 0x31, 0x34, 0x36, 0x36, 0x34, 0x09, 0x62, 0x6f,
  0x79, 0x61, 0x72, 0x0a, 0x31, 0x34, 0x36, 0x36, 0x35, 0x09, 0x62, 0x6f,
  0x79, 0x63, 0x65, 0x0a, 0x31, 0x34, 0x36, 0x36, 0x36, 0x09, 0x62, 0x6f,
  0x79, 0x64, 0x0a, 0x31, 0x35, 0x31, 0x31, 0x31, 0x09, 0x62, 0x6f, 0x79,
  0x6c, 0x65, 0x0a, 0x31, 0x35, 0x31, 0x31, 0x32, 0x09, 0x62, 0x70, 0x0a,
  0x31, 0x35, 0x31, 0x31, 0x33, 0x09, 0x62, 0x71, 0x0a, 0x31, 0x35, 0x31,
  0x31, 0x34, 0x09, 0x62, 0x72, 0x0a, 0x31, 0x35, 0x31, 0x31, 0x35, 0x09,
  0x62, 0x72, 0x61, 0x63, 0x65, 0x0a, 0x31, 0x35, 0x31, 0x31, 0x36, 0x09,
  0x62, 0x72, 0x61, 0x63, 0x74, 0x0a, 0x31, 0x35, 0x31, 0x32, 0x31, 0x09,
  0x62, 0x72, 0x61, 0x64, 0x0a, 0x31, 0x35, 0x31, 0x32, 0x32, 0x09, 0x62,
  0x72, 0x61, 0x64, 0x79, 0x0a, 0x31, 0x35, 0x31, 0x32, 0x33, 0x09, 0x62,
  0x72, 0x61, 0x65, 0x0a, 0x31, 0x35, 0x31, 0x32, 0x34, 0x09, 0x62, 0x72,
  0x61, 0x67, 0x0a, 0x31, 0x35, 0x31, 0x32, 0x35, 0x09, 0x62, 0x72, 0x61,
  0x67, 0x67, 0x0a, 0x31, 0x35, 0x31, 0x32, 0x36, 0x09, 0x62, 0x72, 0x61,
  0x69, 0x64, 0x0a, 0x31, 0x35, 0x31, 0x33, 0x31, 0x09, 0x62, 0x72, 0x61,
  0x69, 0x6e, 0x0a, 0x31, 0x35, 0x31, 0x33, 0x32, 0x09, 0x62, 0x72, 0x61,
  0x69, 0x6e, 0x79, 0x0a, 0x31, 0x35, 0x31, 0x33, 0x33, 0x09, 0x62, 0x72,
  0x61, 0x6b, 0x65, 0x0a, 0x31, 0x35, 0x31, 0x33, 0x34, 0x09, 0x62, 0x72,
  0x61, 0x6e, 0x0a, 0x31, 0x35, 0x31, 0x33, 0x35, 0x09, 0x62, 0x72, 0x61,
  0x6e, 0x64, 0x0a, 0x31, 0x35, 0x31, 0x33, 0x36, 0x09, 0x62, 0x72, 0x61,
  0x6e, 0x64, 0x74, 0x0a, 0x31, 0x35, 0x31, 0x34, 0x31, 0x09, 0x62, 0x72,
  0x61, 0x6e, 0x74, 0x0a, 0x31, 0x35, 0x31, 0x34, 0x32, 0x09, 0x62, 0x72,
  0x61, 0x73, 0x68, 0x0a, 0x31, 0x35, 0x31, 0x34, 0x33, 0x09, 0x62, 0x72,
  0x61, 0x73, 0x73, 0x0a, 0x31, 0x35, 0x31, 0x34, 0x34, 0x09, 0x62, 0x72,
  0x61, 0x73, 0x73, 0x79, 0x0a, 0x31, 0x35, 0x31, 0x34, 0x35, 0x09, 0x62,
  0x72, 0x61, 0x75, 0x6e, 0x0a, 0x31, 0x35, 0x31, 0x34, 0x36, 0x09, 0x62,
  0x72, 0x61, 0x76, 0x65, 0x0a, 0x31, 0x35, 0x31, 0x35, 0x31, 0x09, 0x62,
  0x72, 0x61, 0x76, 0x6f, 0x0a, 0x31, 0x35, 0x31, 0x35, 0x32, 0x09, 0x62,
  0x72, 0x61, 0x77, 0x6c, 0x0a, 0x31, 0x35, 0x31, 0x35, 0x33, 0x09, 0x62,
  0x72, 0x61, 0x79, 0x0a, 0x31, 0x35, 0x31, 0x35, 0x34, 0x09, 0x62, 0x72,
  0x65, 0x61, 0x64, 0x0a, 0x31, 0x35, 0x31, 0x35, 0x35, 0x09, 0x62, 0x72,
  0x65, 0x61, 0x6b, 0x0a, 0x31, 0x35, 0x31, 0x35, 0x36, 0x09, 0x62, 0x72,
  0x65, 0x61, 0x6d, 0x0a, 0x31, 0x35, 0x31, 0x36, 0x31, 0x09, 0x62, 0x72,
  0x65, 0x61, 0x74, 0x68, 0x0a, 0x31, 0x35, 0x31, 0x36, 0x32, 0x09, 0x62,
  0x72, 0x65, 0x64, 0x0a, 0x31, 0x35, 0x31, 0x36, 0x33, 0x09, 0x62, 0x72,
  0x65, 0x65, 0x64, 0x0a, 0x31, 0x35, 0x31, 0x36, 0x34, 0x09, 0x62, 0x72,
  0x65, 0x65, 0x7a, 0x65, 0x0a, 0x31, 0x35, 0x31, 0x36, 0x35, 0x09, 0x62,
  0x72, 0x65, 0x6d, 0x65, 0x6e, 0x0a, 0x31, 0x35, 0x31, 0x36, 0x36, 0x09,
  0x62, 0x72, 0x65, 0x6e, 0x74, 0x0a, 0x31, 0x35, 0x32, 0x31, 0x31, 0x09,
  0x62, 0x72, 0x65, 0x73, 0x74, 0x0a, 0x31, 0x35, 0x32, 0x31, 0x32, 0x09,
  0x62, 0x72, 0x65, 0x74, 0x74, 0x0a, 0x31, 0x35, 0x32, 0x31, 0x33, 0x09,
  0x62, 0x72, 0x65, 0x76, 0x65, 0x0a, 0x31, 0x35, 0x32, 0x31, 0x34, 0x09,
  0x62, 0x72, 0x65, 0x77, 0x0a, 0x31, 0x35, 0x32, 0x31, 0x35, 0x09, 0x62,
  0x72, 0x69, 0x61, 0x6e, 0x0a, 0x31, 0x35, 0x32, 0x31, 0x36, 0x09, 0x62,
  0x72, 0x69, 0x61, 0x72, 0x0a, 0x31, 0x35, 0x32, 0x32, 0x31, 0x09, 0x62,
  0x72, 0x69, 0x62, 0x65, 0x0a, 0x31, 0x35, 0x32, 0x32, 0x32, 0x09, 0x62,
  0x72, 0x69, 0x63, 0x65, 0x0a, 0x31, 0x35, 0x32, 0x32, 0x33, 0x09, 0x62,
  0x72, 0x69, 0x63, 0x6b, 0x0a, 0x31, 0x35, 0x32, 0x32, 0x34, 0x09, 0x62,
  0x72, 0x69, 0x64, 0x65, 0x0a, 0x31, 0x35, 0x32, 0x32, 0x35, 0x09, 0x62,
  0x72, 0x69, 0x65, 0x66, 0x0a, 0x31, 0x35, 0x32, 0x32, 0x36, 0x09, 0x62,
  0x72, 0x69, 0x67, 0x0a, 0x31, 0x35, 0x32, 0x33, 0x31, 0x09, 0x62, 0x72,
  0x69, 0x67, 0x67, 0x73, 0x0a, 0x31, 0x35, 0x32, 0x33, 0x32, 0x09, 0x62,
  0x72, 0x69, 0x6d, 0x0a, 0x31, 0x35, 0x32, 0x33, 0x33, 0x09, 0x62, 0x72,
  0x69, 0x6e, 0x65, 0x0a, 0x31, 0x35, 0x32, 0x33, 0x34, 0x09, 0x62, 0x72,
  0x69, 0x6e, 0x67, 0x0a, 0x31, 0x35, 0x32, 0x33, 0x35, 0x09, 0x62, 0x72,
  0x69, 0x6e, 0x6b, 0x0a, 0x31, 0x35, 0x32, 0x33, 0x36, 0x09, 0x62, 0x72,
  0x69, 0x6e, 0x79, 0x0a, 0x31, 0x35, 0x32, 0x34, 0x31, 0x09, 0x62, 0x72,
  0x69, 0x73, 0x6b, 0x0a, 0x31, 0x35, 0x32, 0x34, 0x32, 0x09, 0x62, 0x72,
  0x6f, 0x61, 0x64, 0x0a, 0x31, 0x35, 0x32, 0x34, 0x33, 0x09, 0x62, 0x72,
  0x6f, 0x63, 0x6b, 0x0a, 0x31, 0x35, 0x32, 0x34, 0x34, 0x09, 0x62, 0x72,
  0x6f, 0x69, 0x6c, 0x0a, 0x31, 0x35, 0x32, 0x34, 0x35, 0x09, 0x62, 0x72,
  0x6f, 0x6b, 0x65, 0x0a, 0x31, 0x35, 0x32, 0x34, 0x36, 0x09, 0x62, 0x72,
  0x6f, 0x6b, 0x65, 0x6e, 0x0a, 0x31, 0x35, 0x32, 0x35, 0x31, 0x09, 0x62,
  0x72, 0x6f, 0x6e, 0x78, 0x0a, 0x31, 0x35, 0x32, 0x35, 0x32, 0x09, 0x62,
  0x72, 0x6f, 0x6f, 0x64, 0x0a, 0x31, 0x35, 0x32, 0x35, 0x33, 0x09, 0x62,
  0x72, 0x6f, 0x6f, 0x6b, 0x0a, 0x31, 0x35, 0x32, 0x35, 0x34, 0x09, 0x62,
  0x72, 0x6f, 0x6f, 0x6b, 0x65, 0x0a, 0x31, 0x35, 0x32, 0x35, 0x35, 0x09,
  0x62, 0x72, 0x6f, 0x6f, 0x6d, 0x0a, 0x31, 0x35, 0x32, 0x35, 0x36, 0x09,
  0x62, 0x72, 0x6f, 0x74, 0x68, 0x0a, 0x31, 0x35, 0x32, 0x36, 0x31, 0x09,
  0x62, 0x72, 0x6f, 0x77, 0x0a, 0x31, 0x35, 0x32, 0x36, 0x32, 0x09, 0x62,
  0x72, 0x6f, 0x77, 0x6e, 0x0a, 0x31, 0x35, 0x32, 0x36, 0x33, 0x09, 0x62,
  0x72, 0x6f, 0x77, 0x73, 0x65, 0x0a, 0x31, 0x35, 0x32, 0x36, 0x34, 0x09,
  0x62, 0x72, 0x75, 0x63, 0x65, 0x0a, 0x31, 0x35, 0x32, 0x36, 0x35, 0x09,
  0x62, 0x72, 0x75, 0x69, 0x74, 0x0a, 0x31, 0x35, 0x32, 0x36, 0x36, 0x09,
  0x62, 0x72, 0x75, 0x6e, 0x63, 0x68, 0x0a, 0x31, 0x35, 0x33, 0x31, 0x31,
  0x09, 0x62, 0x72, 0x75, 0x6e, 0x6f, 0x0a, 0x31, 0x35, 0x33, 0x31, 0x32,
  0x09, 0x62, 0x72, 0x75, 0x6e, 0x74, 0x0a, 0x31, 0x35, 0x33, 0x31, 0x33,
  0x09, 0x62, 0x72, 0x75, 0x73, 0x68, 0x0a, 0x31, 0x35, 0x33, 0x31, 0x34,
  0x09, 0x62, 0x72, 0x75, 0x74, 0x65, 0x0a, 0x31, 0x35, 0x33, 0x31, 0x35,
  0x09, 0x62, 0x72, 0x79, 0x61, 0x6e, 0x0a, 0x31, 0x35, 0x33, 0x31, 0x36,
  0x09, 0x62, 0x72, 0x79, 0x61, 0x6e, 0x74, 0x0a, 0x31, 0x35, 0x33, 0x32,
  0x31, 0x09, 0x62, 0x72, 0x79, 0x63, 0x65, 0x0a, 0x31, 0x35, 0x33, 0x32,
  0x32, 0x09, 0x62, 0x72, 0x79, 0x6e, 0x0a, 0x31, 0x35, 0x33, 0x32, 0x33,
  0x09, 0x62, 0x73, 0x0a, 0x31, 0x35, 0x33, 0x32, 0x34, 0x09, 0x62, 0x73,
  0x74, 0x6a, 0x0a, 0x31, 0x35, 0x33, 0x32, 0x35, 0x09, 0x62, 0x74, 0x0a,
  0x31, 0x35, 0x33, 0x32, 0x36, 0x09, 0x62, 0x74, 0x6c, 0x0a, 0x31, 0x35,
  0x33, 0x33, 0x31, 0x09, 0x62, 0x75, 0x0a, 0x31, 0x35, 0x33, 0x33, 0x32,
  0x09, 0x62, 0x75, 0x62, 0x0a, 0x31, 0x35, 0x33, 0x33, 0x33, 0x09, 0x62,
  0x75, 0x63, 0x6b, 0x0a, 0x31, 0x35, 0x33, 0x33, 0x34, 0x09, 0x62, 0x75,
  0x64, 0x0a, 0x31, 0x35, 0x33, 0x33, 0x35, 0x09, 0x62, 0x75, 0x64, 0x64,
  0x0a, 0x31, 0x35, 0x33, 0x33, 0x36, 0x09, 0x62, 0x75, 0x64, 0x64, 0x79,
  0x0a, 0x31, 0x35, 0x33, 0x34, 0x31, 0x09, 0x62, 0x75, 0x64, 0x67, 0x65,
  0x0a, 0x31, 0x35, 0x33, 0x34, 0x32, 0x09, 0x62, 0x75, 0x65, 0x6e, 0x61,
  0x0a, 0x31, 0x35, 0x33, 0x34, 0x33, 0x09, 0x62, 0x75, 0x65, 0x6e, 0x6f,
  0x73, 0x0a, 0x31, 0x35, 0x33, 0x34, 0x34, 0x09, 0x62, 0x75, 0x66, 0x66,
  0x0a, 0x31, 0x35, 0x33, 0x34, 0x35, 0x09, 0x62, 0x75, 0x67, 0x0a, 0x31,
  0x35, 0x33, 0x34, 0x36, 0x09, 0x62, 0x75, 0x67, 0x67, 0x79, 0x0a, 0x31,
  0x35, 0x33, 0x35, 0x31, 0x09, 0x62, 0x75, 0x67, 0x6c, 0x65, 0x0a, 0x31,
  0x35, 0x33, 0x35, 0x32, 0x09, 0x62, 0x75, 0x69, 0x63, 0x6b, 0x0a, 0x31,
  0x35, 0x33, 0x35, 0x33, 0x09, 0x62, 0x75, 0x69, 0x6c, 0x64, 0x0a, 0x31,
  0x35, 0x33, 0x35, 0x34, 0x09, 0x62, 0x75, 0x69, 0x6c, 0x74, 0x0a, 0x31,
  0x35, 0x33, 0x35, 0x35, 0x09, 0x62, 0x75, 0x6c, 0x62, 0x0a, 0x31, 0x35,
  0x33, 0x35, 0x36, 0x09, 0x62, 0x75, 0x6c, 0x67, 0x65, 0x0a, 0x31, 0x35,
  0x33, 0x36, 0x31, 0x09, 0x62, 0x75, 0x6c, 0x6b, 0x0a, 0x31, 0x35, 0x33,
  0x36, 0x32, 0x09, 0x62, 0x75, 0x6c, 0x6b, 0x79, 0x0a, 0x31, 0x35, 0x33,
  0x36, 0x33, 0x09, 0x62, 0x75, 0x6c, 0x6c, 0x0a, 0x31, 0x35, 0x33, 0x36,
  0x34, 0x09, 0x62, 0x75, 0x6c, 0x6c, 0x79, 0x0a, 0x31, 0x35, 0x33, 0x36,
  0x35, 0x09, 0x62, 0x75, 0x6d, 0x0a, 0x31, 0x35, 0x33, 0x36, 0x36, 0x09,
  0x62, 0x75, 0x6d, 0x70, 0x0a, 0x31, 0x35, 0x34, 0x31, 0x31, 0x09, 0x62,
  0x75, 0x6e, 0x0a, 0x31, 0x35, 0x34, 0x31, 0x32, 0x09, 0x62, 0x75, 0x6e,
  0x63, 0x68, 0x0a, 0x31, 0x35, 0x34, 0x31, 0x33, 0x09, 0x62, 0x75, 0x6e,
  0x64, 0x79, 0x0a, 0x31, 0x35, 0x34, 0x31, 0x34, 0x09, 0x62, 0x75, 0x6e,
  0x6b, 0x0a, 0x31, 0x35, 0x34, 0x31, 0x35, 0x09, 0x62, 0x75, 0x6e, 0x6e,
  0x79, 0x0a, 0x31, 0x35, 0x34, 0x31, 0x36, 0x09, 0x62, 0x75, 0x6e, 0x74,
  0x0a, 0x31, 0x35, 0x34, 0x32, 0x31, 0x09, 0x62, 0x75, 0x6e, 0x79, 0x61,
  0x6e, 0x0a, 0x31, 0x35, 0x34, 0x32, 0x32, 0x09, 0x62, 0x75, 0x6f, 0x79,
  0x0a, 0x31, 0x35, 0x34, 0x32, 0x33, 0x09, 0x62, 0x75, 0x72, 0x63, 0x68,
  0x0a, 0x31, 0x35, 0x34, 0x32, 0x34, 0x09, 0x62, 0x75, 0x72, 0x65, 0x61,
  0x75, 0x0a, 0x31, 0x35, 0x34, 0x32, 0x35, 0x09, 0x62, 0x75, 0x72, 0x65,
  0x74, 0x0a, 0x31, 0x35, 0x34, 0x32, 0x36, 0x09, 0x62, 0x75, 0x72, 0x67,
  0x0a, 0x31, 0x35, 0x34, 0x33, 0x31, 0x09, 0x62, 0x75, 0x72, 0x69, 0x65,
  0x64, 0x0a, 0x31, 0x35, 0x34, 0x33, 0x32, 0x09, 0x62, 0x75, 0x72, 0x6b,
  0x65, 0x0a, 0x31, 0x35, 0x34, 0x33, 0x33, 0x09, 0x62, 0x75, 0x72, 0x6c,
  0x0a, 0x31, 0x35, 0x34, 0x33, 0x34, 0x09, 0x62, 0x75, 0x72, 0x6c, 0x79,
  0x0a, 0x31, 0x35, 0x34, 0x33, 0x35, 0x09, 0x62, 0x75, 0x72, 0x6d, 0x61,
  0x0a, 0x31, 0x35, 0x34, 0x33, 0x36, 0x09, 0x62, 0x75, 0x72, 0x6e, 0x0a,
  0x31, 0x35, 0x34, 0x34, 0x31, 0x09, 0x62, 0x75, 0x72, 0x6e, 0x74, 0x0a,
  0x31, 0x35, 0x34, 0x34, 0x32, 0x09, 0x62, 0x75, 0x72, 0x70, 0x0a, 0x31,
  0x35, 0x34, 0x34, 0x33, 0x09, 0x62, 0x75, 0x72, 0x72, 0x0a, 0x31, 0x35,
  0x34, 0x34, 0x34, 0x09, 0x62, 0x75, 0x72, 0x72, 0x6f, 0x0a, 0x31, 0x35,
  0x34, 0x34, 0x35, 0x09, 0x62, 0x75, 0x72, 0x73, 0x74, 0x0a, 0x31, 0x35,
  0x34, 0x34, 0x36, 0x09, 0x62, 0x75, 0x72, 0x74, 0x0a, 0x31, 0x35, 0x34,
  0x35, 0x31, 0x09, 0x62, 0x75, 0x72, 0x74, 0x6f, 0x6e, 0x0a, 0x31, 0x35,
  0x34, 0x35, 0x32, 0x09, 0x62, 0x75, 0x72, 0x74, 0x74, 0x0a, 0x31, 0x35,
  0x34, 0x35, 0x33, 0x09, 0x62, 0x75, 0x72, 0x79, 0x0a, 0x31, 0x35, 0x34,
  0x35, 0x34, 0x09, 0x62, 0x75, 0x73, 0x0a, 0x31, 0x35, 0x34, 0x35, 0x35,
  0x09, 0x62, 0x75, 0x73, 0x63, 0x68, 0x0a, 0x31, 0x35, 0x34, 0x35, 0x36,
  0x09, 0x62, 0x75, 0x73, 0x68, 0x0a, 0x31, 0x35, 0x34, 0x36, 0x31, 0x09,
  0x62, 0x75, 0x73, 0x68, 0x65, 0x6c, 0x0a, 0x31, 0x35, 0x34, 0x36, 0x32,
  0x09, 0x62, 0x75, 0x73, 0x68, 0x79, 0x0a, 0x31, 0x35, 0x34, 0x36, 0x33,
  0x09, 0x62, 0x75, 0x73, 0x73, 0x0a, 0x31, 0x35, 0x34, 0x36, 0x34, 0x09,
  0x62, 0x75, 0x73, 0x74, 0x0a, 0x31, 0x35, 0x34, 0x36, 0x35, 0x09, 0x62,
  0x75, 0x73, 0x79, 0x0a, 0x31, 0x35, 0x34, 0x36, 0x36, 0x09, 0x62, 0x75,
  0x74, 0x0a, 0x31, 0x35, 0x35, 0x31, 0x31, 0x09, 0x62, 0x75, 0x74, 0x61,
  0x6e, 0x65, 0x0a, 0x31, 0x35, 0x35, 0x31, 0x32, 0x09, 0x62, 0x75, 0x74,
  0x63, 0x68, 0x0a, 0x31, 0x35, 0x35, 0x31, 0x33, 0x09, 0x62, 0x75, 0x74,
  0x65, 0x6f, 0x0a, 0x31, 0x35, 0x35, 0x31, 0x34, 0x09, 0x62, 0x75, 0x74,
  0x74, 0x0a, 0x31, 0x35, 0x35, 0x31, 0x35, 0x09, 0x62, 0x75, 0x74, 0x74,
  0x65, 0x0a, 0x31, 0x35, 0x35, 0x31, 0x36, 0x09, 0x62, 0x75, 0x74, 0x79,
  0x6c, 0x0a, 0x31, 0x35, 0x35, 0x32, 0x31, 0x09, 0x62, 0x75, 0x78, 0x6f,
  0x6d, 0x0a, 0x31, 0x35, 0x35, 0x32, 0x32, 0x09, 0x62, 0x75, 0x79, 0x0a,
  0x31, 0x35, 0x35, 0x32, 0x33, 0x09, 0x62, 0x75, 0x79, 0x65, 0x72, 0x0a,
  0x31, 0x35, 0x35, 0x32, 0x34, 0x09, 0x62, 0x75, 0x7a, 0x7a, 0x0a, 0x31,
  0x35, 0x35, 0x32, 0x35, 0x09, 0x62, 0x75, 0x7a, 0x7a, 0x79, 0x0a, 0x31,
  0x35, 0x35, 0x32, 0x36, 0x09, 0x62, 0x76, 0x0a, 0x31, 0x35, 0x35, 0x33,
  0x31, 0x09, 0x62, 0x77, 0x0a, 0x31, 0x35, 0x35, 0x33, 0x32, 0x09, 0x62,
  0x78, 0x0a, 0x31, 0x35, 0x35, 0x33, 0x33, 0x09, 0x62, 0x79, 0x0a, 0x31,
  0x35, 0x35, 0x33, 0x34, 0x09, 0x62, 0x79, 0x65, 0x0a, 0x31, 0x35, 0x35,
  0x33, 0x35, 0x09, 0x62, 0x79, 0x65, 0x72, 0x73, 0x0a, 0x31, 0x35, 0x35,
  0x33, 0x36, 0x09, 0x62, 0x79, 0x6c, 0x61, 0x77, 0x0a, 0x31, 0x35, 0x35,
  0x34, 0x31, 0x09, 0x62, 0x79, 0x6c, 0x69, 0x6e, 0x65, 0x0a, 0x31, 0x35,
  0x35, 0x34, 0x32, 0x09, 0x62, 0x79, 0x72, 0x64, 0x0a, 0x31, 0x35, 0x35,
  0x34, 0x33, 0x09, 0x62, 0x79, 0x72, 0x6e, 0x65, 0x0a, 0x31, 0x35, 0x35,
  0x34, 0x34, 0x09, 0x62, 0x79, 0x72, 0x6f, 0x6e, 0x0a, 0x31, 0x35, 0x35,
  0x34, 0x35, 0x09, 0x62, 0x79, 0x74, 0x65, 0x0a, 0x31, 0x35, 0x35, 0x34,
  0x36, 0x09, 0x62, 0x79, 0x77, 0x61, 0x79, 0x0a, 0x31, 0x35, 0x35, 0x35,
  0x31, 0x09, 0x62, 0x79, 0x77, 0x6f, 0x72, 0x64, 0x0a, 0x31, 0x35, 0x35,
  0x35, 0x32, 0x09, 0x62, 0x7a, 0x0a, 0x31, 0x35, 0x35, 0x35, 0x33, 0x09,
  0x63, 0x0a, 0x31, 0x35, 0x35, 0x35, 0x34, 0x09, 0x63, 0x27, 0x73, 0x0a,
  0x31, 0x35, 0x35, 0x35, 0x35, 0x09, 0x63, 0x61, 0x0a, 0x31, 0x35, 0x35,
  0x35, 0x36, 0x09, 0x63, 0x61, 0x62, 0x0a, 0x31, 0x35, 0x35, 0x36, 0x31,
  0x09, 0x63, 0x61, 0x62, 0x61, 0x6c, 0x0a, 0x31, 0x35, 0x35, 0x36, 0x32,
  0x09, 0x63, 0x61, 0x62, 0x69, 0x6e, 0x0a, 0x31, 0x35, 0x35, 0x36, 0x33,
  0x09, 0x63, 0x61, 0x62, 0x6c, 0x65, 0x0a, 0x31, 0x35, 0x35, 0x36, 0x34,
  0x09, 0x63, 0x61, 0x62, 0x6f, 0x74, 0x0a, 0x31, 0x35, 0x35, 0x36, 0x35,
  0x09, 0x63, 0x61, 0x63, 0x61, 0x6f, 0x0a, 0x31, 0x35, 0x35, 0x36, 0x36,
  0x09, 0x63, 0x61, 0x63, 0x68, 0x65, 0x0a, 0x31, 0x35, 0x36, 0x31, 0x31,
  0x09, 0x63, 0x61, 0x63, 0x6d, 0x0a, 0x31, 0x35, 0x36, 0x31, 0x32, 0x09,
  0x63, 0x61, 0x63, 0x74, 0x69, 0x0a, 0x31, 0x35, 0x36, 0x31, 0x33, 0x09,
  0x63, 0x61, 0x64, 0x64, 0x79, 0x0a, 0x31, 0x35, 0x36, 0x31, 0x34, 0x09,
  0x63, 0x61, 0x64, 0x65, 0x6e, 0x74, 0x0a, 0x31, 0x35, 0x36, 0x31, 0x35,
  0x09, 0x63, 0x61, 0x64, 0x65, 0x74, 0x0a, 0x31, 0x35, 0x36, 0x31, 0x36,
  0x09, 0x63, 0x61, 0x64, 0x72, 0x65, 0x0a, 0x31, 0x35, 0x36, 0x32, 0x31,
  0x09, 0x63, 0x61, 0x64, 0x79, 0x0a, 0x31, 0x35, 0x36, 0x32, 0x32, 0x09,
  0x63, 0x61, 0x66, 0x65, 0x0a, 0x31, 0x35, 0x36, 0x32, 0x33, 0x09, 0x63,
  0x61, 0x67, 0x65, 0x0a, 0x31, 0x35, 0x36, 0x32, 0x34, 0x09, 0x63, 0x61,
  0x67, 0x65, 0x79, 0x0a, 0x31, 0x35, 0x36, 0x32, 0x35, 0x09, 0x63, 0x61,
  0x68, 0x69, 0x6c, 0x6c, 0x0a, 0x31, 0x35, 0x36, 0x32, 0x36, 0x09, 0x63,
  0x61, 0x69, 0x6d, 0x61, 0x6e, 0x0a, 0x31, 0x35, 0x36, 0x33, 0x31, 0x09,
  0x63, 0x61, 0x69, 0x6e, 0x0a, 0x31, 0x35, 0x36, 0x33, 0x32, 0x09, 0x63,
  0x61, 0x69, 0x6e, 0x65, 0x0a, 0x31, 0x35, 0x36, 0x33, 0x33, 0x09, 0x63,
  0x61, 0x69, 0x72, 0x6e, 0x0a, 0x31, 0x35, 0x36, 0x33, 0x34, 0x09, 0x63,
  0x61, 0x69, 0x72, 0x6f, 0x0a, 0x31, 0x35, 0x36, 0x33, 0x35, 0x09, 0x63,
  0x61, 0x6b, 0x65, 0x0a, 0x31, 0x35, 0x36, 0x33, 0x36, 0x09, 0x63, 0x61,
  0x6c, 0x0a, 0x31, 0x35, 0x36, 0x34, 0x31, 0x09, 0x63, 0x61, 0x6c, 0x64,
  0x65, 0x72, 0x0a, 0x31, 0x35, 0x36, 0x34, 0x32, 0x09, 0x63, 0x61, 0x6c,
  0x65, 0x62, 0x0a, 0x31, 0x35, 0x36, 0x34, 0x33, 0x09, 0x63, 0x61, 0x6c,
  0x66, 0x0a, 0x31, 0x35, 0x36, 0x34, 0x34, 0x09, 0x63, 0x61, 0x6c, 0x6c,
  0x0a, 0x31, 0x35, 0x36, 0x34, 0x35, 0x09, 0x63, 0x61, 0x6c, 0x6c, 0x61,
  0x0a, 0x31, 0x35, 0x36, 0x34, 0x36, 0x09, 0x63, 0x61, 0x6c, 0x6c, 0x75,
  0x73, 0x0a, 0x31, 0x35, 0x36, 0x35, 0x31, 0x09, 0x63, 0x61, 0x6c, 0x6d,
  0x0a, 0x31, 0x35, 0x36, 0x35, 0x32, 0x09, 0x63, 0x61, 0x6c, 0x76, 0x65,
  0x0a, 0x31, 0x35, 0x36, 0x35, 0x33, 0x09, 0x63, 0x61, 0x6d, 0x0a, 0x31,
  0x35, 0x36, 0x35, 0x34, 0x09, 0x63, 0x61, 0x6d, 0x62, 0x65, 0x72, 0x0a,
  0x31, 0x35, 0x36, 0x35, 0x35, 0x09, 0x63, 0x61, 0x6d, 0x65, 0x0a, 0x31,
  0x35, 0x36, 0x35, 0x36, 0x09, 0x63, 0x61, 0x6d, 0x65, 0x6c, 0x0a, 0x31,
  0x35, 0x36, 0x36, 0x31, 0x09, 0x63, 0x61, 0x6d, 0x65, 0x6f, 0x0a, 0x31,
  0x35, 0x36, 0x36, 0x32, 0x09, 0x63, 0x61, 0x6d, 0x70, 0x0a, 0x31, 0x35,
  0x36, 0x36, 0x33, 0x09, 0x63, 0x61, 0x6e, 0x0a, 0x31, 0x35, 0x36, 0x36,
  0x34, 0x09, 0x63, 0x61, 0x6e, 0x27, 0x74, 0x0a, 0x31, 0x35, 0x36, 0x36,
  0x35, 0x09, 0x63, 0x61, 0x6e, 0x61, 0x6c, 0x0a, 0x31, 0x35, 0x36, 0x36,
  0x36, 0x09, 0x63, 0x61, 0x6e, 0x61, 0x72, 0x79, 0x0a, 0x31, 0x36, 0x31,
  0x31, 0x31, 0x09, 0x63, 0x61, 0x6e, 0x63, 0x65, 0x72, 0x0a, 0x31, 0x36,
  0x31, 0x31, 0x32, 0x09, 0x63, 0x61, 0x6e, 0x64, 0x6c, 0x65, 0x0a, 0x31,
  0x36, 0x31, 0x31, 0x33, 0x09, 0x63, 0x61, 0x6e, 0x64, 0x79, 0x0a, 0x31,
  0x36, 0x31, 0x31, 0x34, 0x09, 0x63, 0x61, 0x6e, 0x65, 0x0a, 0x31, 0x36,
  0x31, 0x31, 0x35, 0x09, 0x63, 0x61, 0x6e, 0x69, 0x73, 0x0a, 0x31, 0x36,
  0x31, 0x31, 0x36, 0x09, 0x63, 0x61, 0x6e, 0x6e, 0x61, 0x0a, 0x31, 0x36,
  0x31, 0x32, 0x31, 0x09, 0x63, 0x61, 0x6e, 0x6e, 0x6f, 0x74, 0x0a, 0x31,
  0x36, 0x31, 0x32, 0x32, 0x09, 0x63, 0x61, 0x6e, 0x6e, 0x79, 0x0a, 0x31,
  0x36, 0x31, 0x32, 0x33, 0x09, 0x63, 0x61, 0x6e, 0x6f, 0x65, 0x0a, 0x31,
  0x36, 0x31, 0x32, 0x34, 0x09, 0x63, 0x61, 0x6e, 0x6f, 0x6e, 0x0a, 0x31,
  0x36, 0x31, 0x32, 0x35, 0x09, 0x63, 0x61, 0x6e, 0x6f, 0x70, 0x79, 0x0a,
  0x31, 0x36, 0x31, 0x32, 0x36, 0x09, 0x63, 0x61, 0x6e, 0x74, 0x0a, 0x31,
  0x36, 0x31, 0x33, 0x31, 0x09, 0x63, 0x61, 0x6e, 0x74, 0x6f, 0x0a, 0x31,
  0x36, 0x31, 0x33, 0x32, 0x09, 0x63, 0x61, 0x6e, 0x74, 0x6f, 0x6e, 0x0a,
  0x31, 0x36, 0x31, 0x33, 0x33, 0x09, 0x63, 0x61, 0x70, 0x0a, 0x31, 0x36,
  0x31, 0x33, 0x34, 0x09, 0x63, 0x61, 0x70, 0x65, 0x0a, 0x31, 0x36, 0x31,
  0x33, 0x35, 0x09, 0x63, 0x61, 0x70, 0x65, 0x72, 0x0a, 0x31, 0x36, 0x31,
  0x33, 0x36, 0x09, 0x63, 0x61, 0x70, 0x6f, 0x0a, 0x31, 0x36, 0x31, 0x34,
  0x31, 0x09, 0x63, 0x61, 0x72, 0x0a, 0x31, 0x36, 0x31, 0x34, 0x32, 0x09,
  0x63, 0x61, 0x72, 0x62, 0x6f, 0x6e, 0x0a, 0x31, 0x36, 0x31, 0x34, 0x33,
  0x09, 0x63, 0x61, 0x72, 0x64, 0x0a, 0x31, 0x36, 0x31, 0x34, 0x34, 0x09,
  0x63, 0x61, 0x72, 0x65, 0x0a, 0x31, 0x36, 0x31, 0x34, 0x35, 0x09, 0x63,
  0x61, 0x72, 0x65, 0x73, 0x73, 0x0a, 0x31, 0x36, 0x31, 0x34, 0x36, 0x09,
  0x63, 0x61, 0x72, 0x65, 0x74, 0x0a, 0x31, 0x36, 0x31, 0x35, 0x31, 0x09,
  0x63, 0x61, 0x72, 0x65, 0x79, 0x0a, 0x31, 0x36, 0x31, 0x35, 0x32, 0x09,
  0x63, 0x61, 0x72, 0x67, 0x6f, 0x0a, 0x31, 0x36, 0x31, 0x35, 0x33, 0x09,
  0x63, 0x61, 0x72, 0x69, 0x62, 0x0a, 0x31, 0x36, 0x31, 0x35, 0x34, 0x09,
  0x63, 0x61, 0x72, 0x6c, 0x0a, 0x31, 0x36, 0x31, 0x35, 0x35, 0x09, 0x63,
  0x61, 0x72, 0x6c, 0x61, 0x0a, 0x31, 0x36, 0x31, 0x35, 0x36, 0x09, 0x63,
  0x61, 0x72, 0x6c, 0x6f, 0x0a, 0x31, 0x36, 0x31, 0x36, 0x31, 0x09, 0x63,
  0x61, 0x72, 0x6e, 0x65, 0x0a, 0x31, 0x36, 0x31, 0x36, 0x32, 0x09, 0x63,
  0x61, 0x72, 0x6f, 0x62, 0x0a, 0x31, 0x36, 0x31, 0x36, 0x33, 0x09, 0x63,
  0x61, 0x72, 0x6f, 0x6c, 0x0a, 0x31, 0x36, 0x31, 0x36, 0x34, 0x09, 0x63,
  0x61, 0x72, 0x70, 0x0a, 0x31, 0x36, 0x31, 0x36, 0x35, 0x09, 0x63, 0x61,
  0x72, 0x70, 0x65, 0x74, 0x0a, 0x31, 0x36, 0x31, 0x36, 0x36, 0x09, 0x63,
  0x61, 0x72, 0x72, 0x0a, 0x31, 0x36, 0x32, 0x31, 0x31, 0x09, 0x63, 0x61,
  0x72, 0x72, 0x69, 0x65, 0x0a, 0x31, 0x36, 0x32, 0x31, 0x32, 0x09, 0x63,
  0x61, 0x72, 0x72, 0x79, 0x0a, 0x31, 0x36, 0x32, 0x31, 0x33, 0x09, 0x63,
  0x61, 0x72, 0x73, 0x6f, 0x6e, 0x0a, 0x31, 0x36, 0x32, 0x31, 0x34, 0x09,
  0x63, 0x61, 0x72, 0x74, 0x0a, 0x31, 0x36, 0x32, 0x31, 0x35, 0x09, 0x63,
  0x61, 0x72, 0x74, 0x65, 0x0a, 0x31, 0x36, 0x32, 0x31, 0x36, 0x09, 0x63,
  0x61, 0x72, 0x75, 0x73, 0x6f, 0x0a, 0x31, 0x36, 0x32, 0x32, 0x31, 0x09,
  0x63, 0x61, 0x72, 0x76, 0x65, 0x0a, 0x31, 0x36, 0x32, 0x32, 0x32, 0x09,
  0x63, 0x61, 0x73, 0x65, 0x0a, 0x31, 0x36, 0x32, 0x32, 0x33, 0x09, 0x63,
  0x61, 0x73, 0x65, 0x79, 0x0a, 0x31, 0x36, 0x32, 0x32, 0x34, 0x09, 0x63,
  0x61, 0x73, 0x68, 0x0a, 0x31, 0x36, 0x32, 0x32, 0x35, 0x09, 0x63, 0x61,
  0x73, 0x68, 0x65, 0x77, 0x0a, 0x31, 0x36, 0x32, 0x32, 0x36, 0x09, 0x63,
  0x61, 0x73, 0x6b, 0x0a, 0x31, 0x36, 0x32, 0x33, 0x31, 0x09, 0x63, 0x61,
  0x73, 0x6b, 0x65, 0x74, 0x0a, 0x31, 0x36, 0x32, 0x33, 0x32, 0x09, 0x63,
  0x61, 0x73, 0x74, 0x0a, 0x31, 0x36, 0x32, 0x33, 0x33, 0x09, 0x63, 0x61,
  0x73, 0x74, 0x65, 0x0a, 0x31, 0x36, 0x32, 0x33, 0x34, 0x09, 0x63, 0x61,
  0x74, 0x0a, 0x31, 0x36, 0x32, 0x33, 0x35, 0x09, 0x63, 0x61, 0x74, 0x63,
  0x68, 0x0a, 0x31, 0x36, 0x32, 0x33, 0x36, 0x09, 0x63, 0x61, 0x74, 0x65,
  0x72, 0x0a, 0x31, 0x36, 0x32, 0x34, 0x31, 0x09, 0x63, 0x61, 0x74, 0x68,
  0x79, 0x0a, 0x31, 0x36, 0x32, 0x34, 0x32, 0x09, 0x63, 0x61, 0x74, 0x6b,
  0x69, 0x6e, 0x0a, 0x31, 0x36, 0x32, 0x34, 0x33, 0x09, 0x63, 0x61, 0x74,
  0x73, 0x75, 0x70, 0x0a, 0x31, 0x36, 0x32, 0x34, 0x34, 0x09, 0x63, 0x61,
  0x75, 0x63, 0x68, 0x79, 0x0a, 0x31, 0x36, 0x32, 0x34, 0x35, 0x09, 0x63,
  0x61, 0x75, 0x6c, 0x6b, 0x0a, 0x31, 0x36, 0x32, 0x34, 0x36, 0x09, 0x63,
  0x61, 0x75, 0x73, 0x65, 0x0a, 0x31, 0x36, 0x32, 0x35, 0x31, 0x09, 0x63,
  0x61, 0x76, 0x65, 0x0a, 0x31, 0x36, 0x32, 0x35, 0x32, 0x09, 0x63, 0x61,
  0x76, 0x65, 0x72, 0x6e, 0x0a, 0x31, 0x36, 0x32, 0x35, 0x33, 0x09, 0x63,
  0x61, 0x76, 0x69, 0x6c, 0x0a, 0x31, 0x36, 0x32, 0x35, 0x34, 0x09, 0x63,
  0x61, 0x76, 0x6f, 0x72, 0x74, 0x0a, 0x31, 0x36, 0x32, 0x35, 0x35, 0x09,
  0x63, 0x61, 0x77, 0x0a, 0x31, 0x36, 0x32, 0x35, 0x36, 0x09, 0x63, 0x61,
  0x79, 0x75, 0x67, 0x61, 0x0a, 0x31, 0x36, 0x32, 0x36, 0x31, 0x09, 0x63,
  0x62, 0x0a, 0x31, 0x36, 0x32, 0x36, 0x32, 0x09, 0x63, 0x62, 0x73, 0x0a,
  0x31, 0x36, 0x32, 0x36, 0x33, 0x09, 0x63, 0x63, 0x0a, 0x31, 0x36, 0x32,
  0x36, 0x34, 0x09, 0x63, 0x63, 0x63, 0x0a, 0x31, 0x36, 0x32, 0x36, 0x35,
  0x09, 0x63, 0x63, 0x63, 0x63, 0x0a, 0x31, 0x36, 0x32, 0x36, 0x36, 0x09,
  0x63, 0x64, 0x0a, 0x31, 0x36, 0x33, 0x31, 0x31, 0x09, 0x63, 0x64, 0x63,
  0x0a, 0x31, 0x36, 0x33, 0x31, 0x32, 0x09, 0x63, 0x65, 0x0a, 0x31, 0x36,
  0x33, 0x31, 0x33, 0x09, 0x63, 0x65, 0x61, 0x73, 0x65, 0x0a, 0x31, 0x36,
  0x33, 0x31, 0x34, 0x09, 0x63, 0x65, 0x63, 0x69, 0x6c, 0x0a, 0x31, 0x36,
  0x33, 0x31, 0x35, 0x09, 0x63, 0x65, 0x64, 0x61, 0x72, 0x0a, 0x31, 0x36,
  0x33, 0x31, 0x36, 0x09, 0x63, 0x65, 0x64, 0x65, 0x0a, 0x31, 0x36, 0x33,
  0x32, 0x31, 0x09, 0x63, 0x65, 0x69, 0x6c, 0x0a, 0x31, 0x36, 0x33, 0x32,
  0x32, 0x09, 0x63, 0x65, 0x6c, 0x69, 0x61, 0x0a, 0x31, 0x36, 0x33, 0x32,
  0x33, 0x09, 0x63, 0x65, 0x6c, 0x6c, 0x0a, 0x31, 0x36, 0x33, 0x32, 0x34,
  0x09, 0x63, 0x65, 0x6e, 0x73, 0x75, 0x73, 0x0a, 0x31, 0x36, 0x33, 0x32,
  0x35, 0x09, 0x63, 0x65, 0x6e, 0x74, 0x0a, 0x31, 0x36, 0x33, 0x32, 0x36,
  0x09, 0x63, 0x65, 0x72, 0x65, 0x73, 0x0a, 0x31, 0x36, 0x33, 0x33, 0x31,
  0x09, 0x63, 0x65, 0x72, 0x6e, 0x0a, 0x31, 0x36, 0x33, 0x33, 0x32, 0x09,
  0x63, 0x65, 0x74, 0x65, 0x72, 0x61, 0x0a, 0x31, 0x36, 0x33, 0x33, 0x33,
  0x09, 0x63, 0x65, 0x74, 0x75, 0x73, 0x0a, 0x31, 0x36, 0x33, 0x33, 0x34,
  0x09, 0x63, 0x66, 0x0a, 0x31, 0x36, 0x33, 0x33, 0x35, 0x09, 0x63, 0x67,
  0x0a, 0x31, 0x36, 0x33, 0x33, 0x36, 0x09, 0x63, 0x68, 0x0a, 0x31, 0x36,
  0x33, 0x34, 0x31, 0x09, 0x63, 0x68, 0x61, 0x64, 0x0a, 0x31, 0x36, 0x33,
  0x34, 0x32, 0x09, 0x63, 0x68, 0x61, 0x66, 0x65, 0x0a, 0x31, 0x36, 0x33,
  0x34, 0x33, 0x09, 0x63, 0x68, 0x61, 0x66, 0x66, 0x0a, 0x31, 0x36, 0x33,
  0x34, 0x34, 0x09, 0x63, 0x68, 0x61, 0x69, 0x0a, 0x31, 0x36, 0x33, 0x34,
  0x35, 0x09, 0x63, 0x68, 0x61, 0x69, 0x6e, 0x0a, 0x31, 0x36, 0x33, 0x34,
  0x36, 0x09, 0x63, 0x68, 0x61, 0x69, 0x72, 0x0a, 0x31, 0x36, 0x33, 0x35,
  0x31, 0x09, 0x63, 0x68, 0x61, 0x6c, 0x6b, 0x0a, 0x31, 0x36, 0x33, 0x35,
  0x32, 0x09, 0x63, 0x68, 0x61, 0x6d, 0x70, 0x0a, 0x31, 0x36, 0x33, 0x35,
  0x33, 0x09, 0x63, 0x68, 0x61, 0x6e, 0x63, 0x65, 0x0a, 0x31, 0x36, 0x33,
  0x35, 0x34, 0x09, 0x63, 0x68, 0x61, 0x6e, 0x67, 0x0a, 0x31, 0x36, 0x33,
  0x35, 0x35, 0x09, 0x63, 0x68, 0x61, 0x6e, 0x74, 0x0a, 0x31, 0x36, 0x33,
  0x35, 0x36, 0x09, 0x63, 0x68, 0x61, 0x6f, 0x0a, 0x31, 0x36, 0x33, 0x36,
  0x31, 0x09, 0x63, 0x68, 0x61, 0x6f, 0x73, 0x0a, 0x31, 0x36, 0x33, 0x36,
  0x32, 0x09, 0x63, 0x68, 0x61, 0x70, 0x0a, 0x31, 0x36, 0x33, 0x36, 0x33,
  0x09, 0x63, 0x68, 0x61, 0x70, 0x65, 0x6c, 0x0a, 0x31, 0x36, 0x33, 0x36,
  0x34, 0x09, 0x63, 0x68, 0x61, 0x72, 0x0a, 0x31, 0x36, 0x33, 0x36, 0x35,
  0x09, 0x63, 0x68, 0x61, 0x72, 0x64, 0x0a, 0x31, 0x36, 0x33, 0x36, 0x36,
  0x09, 0x63, 0x68, 0x61, 0x72, 0x6d, 0x0a, 0x31, 0x36, 0x34, 0x31, 0x31,
  0x09, 0x63, 0x68, 0x61, 0x72, 0x74, 0x0a, 0x31, 0x36, 0x34, 0x31, 0x32,
  0x09, 0x63, 0x68, 0x61, 0x73, 0x65, 0x0a, 0x31, 0x36, 0x34, 0x31, 0x33,
  0x09, 0x63, 0x68, 0x61, 0x73, 0x6d, 0x0a, 0x31, 0x36, 0x34, 0x31, 0x34,
  0x09, 0x63, 0x68, 0x61, 0x73, 0x74, 0x65, 0x0a, 0x31, 0x36, 0x34, 0x31,
  0x35, 0x09, 0x63, 0x68, 0x61, 0x74, 0x0a, 0x31, 0x36, 0x34, 0x31, 0x36,
  0x09, 0x63, 0x68, 0x61, 0x77, 0x0a, 0x31, 0x36, 0x34, 0x32, 0x31, 0x09,
  0x63, 0x68, 0x65, 0x61, 0x70, 0x0a, 0x31, 0x36, 0x34, 0x32, 0x32, 0x09,
  0x63, 0x68, 0x65, 0x61, 0x74, 0x0a, 0x31, 0x36, 0x34, 0x32, 0x33, 0x09,
  0x63, 0x68, 0x65, 0x63, 0x6b, 0x0a, 0x31, 0x36, 0x34, 0x32, 0x34, 0x09,
  0x63, 0x68, 0x65, 0x65, 0x6b, 0x0a, 0x31, 0x36, 0x34, 0x32, 0x35, 0x09,
  0x63, 0x68, 0x65, 0x65, 0x6b, 0x79, 0x0a, 0x31, 0x36, 0x34, 0x32, 0x36,
  0x09, 0x63, 0x68, 0x65, 0x65, 0x72, 0x0a, 0x31, 0x36, 0x34, 0x33, 0x31,
  0x09, 0x63, 0x68, 0x65, 0x66, 0x0a, 0x31, 0x36, 0x34, 0x33, 0x32, 0x09,
  0x63, 0x68, 0x65, 0x6e, 0x0a, 0x31, 0x36, 0x34, 0x33, 0x33, 0x09, 0x63,
  0x68, 0x65, 0x72, 0x74, 0x0a, 0x31, 0x36, 0x34, 0x33, 0x34, 0x09, 0x63,
  0x68, 0x65, 0x72, 0x75, 0x62, 0x0a, 0x31, 0x36, 0x34, 0x33, 0x35, 0x09,
  0x63, 0x68, 0x65, 0x73, 0x73, 0x0a, 0x31, 0x36, 0x34, 0x33, 0x36, 0x09,
  0x63, 0x68, 0x65, 0x73, 0x74, 0x0a, 0x31, 0x36, 0x34, 0x34, 0x31, 0x09,
  0x63, 0x68, 0x65, 0x76, 0x79, 0x0a, 0x31, 0x36, 0x34, 0x34, 0x32, 0x09,
  0x63, 0x68, 0x65, 0x77, 0x0a, 0x31, 0x36, 0x34, 0x34, 0x33, 0x09, 0x63,
  0x68, 0x69, 0x0a, 0x31, 0x36, 0x34, 0x34, 0x34, 0x09, 0x63, 0x68, 0x69,
  0x63, 0x0a, 0x31, 0x36, 0x34, 0x34, 0x35, 0x09, 0x63, 0x68, 0x69, 0x63,
  0x6b, 0x0a, 0x31, 0x36, 0x34, 0x34, 0x36, 0x09, 0x63, 0x68, 0x69, 0x64,
  0x65, 0x0a, 0x31, 0x36, 0x34, 0x35, 0x31, 0x09, 0x63, 0x68, 0x69, 0x65,
  0x66, 0x0a, 0x31, 0x36, 0x34, 0x35, 0x32, 0x09, 0x63, 0x68, 0x69, 0x6c,
  0x64, 0x0a, 0x31, 0x36, 0x34, 0x35, 0x33, 0x09, 0x63, 0x68, 0x69, 0x6c,
  0x65, 0x0a, 0x31, 0x36, 0x34, 0x35, 0x34, 0x09, 0x63, 0x68, 0x69, 0x6c,
  0x69, 0x0a, 0x31, 0x36, 0x34, 0x35, 0x35, 0x09, 0x63, 0x68, 0x69, 0x6c,
  0x6c, 0x0a, 0x31, 0x36, 0x34, 0x35, 0x36, 0x09, 0x63, 0x68, 0x69, 0x6c,
  0x6c, 0x79, 0x0a, 0x31, 0x36, 0x34, 0x36, 0x31, 0x09, 0x63, 0x68, 0x69,
  0x6d, 0x65, 0x0a, 0x31, 0x36, 0x34, 0x36, 0x32, 0x09, 0x63, 0x68, 0x69,
  0x6e, 0x0a, 0x31, 0x36, 0x34, 0x36, 0x33, 0x09, 0x63, 0x68, 0x69, 0x6e,
  0x61, 0x0a, 0x31, 0x36, 0x34, 0x36, 0x34, 0x09, 0x63, 0x68, 0x69, 0x6e,
  0x65, 0x0a, 0x31, 0x36, 0x34, 0x36, 0x35, 0x09, 0x63, 0x68, 0x69, 0x6e,
  0x6b, 0x0a, 0x31, 0x36, 0x34, 0x36, 0x36, 0x09, 0x63, 0x68, 0x69, 0x70,
  0x0a, 0x31, 0x36, 0x35, 0x31, 0x31, 0x09, 0x63, 0x68, 0x69, 0x72, 0x70,
  0x0a, 0x31, 0x36, 0x35, 0x31, 0x32, 0x09, 0x63, 0x68, 0x69, 0x73, 0x65,
  0x6c, 0x0a, 0x31, 0x36, 0x35, 0x31, 0x33, 0x09, 0x63, 0x68, 0x69, 0x74,
  0x0a, 0x31, 0x36, 0x35, 0x31, 0x34, 0x09, 0x63, 0x68, 0x69, 0x76, 0x65,
  0x0a, 0x31, 0x36, 0x35, 0x31, 0x35, 0x09, 0x63, 0x68, 0x6f, 0x63, 0x6b,
  0x0a, 0x31, 0x36, 0x35, 0x31, 0x36, 0x09, 0x63, 0x68, 0x6f, 0x69, 0x72,
  0x0a, 0x31, 0x36, 0x35, 0x32, 0x31, 0x09, 0x63, 0x68, 0x6f, 0x6b, 0x65,
  0x0a, 0x31, 0x36, 0x35, 0x32, 0x32, 0x09, 0x63, 0x68, 0x6f, 0x6d, 0x70,
  0x0a, 0x31, 0x36, 0x35, 0x32, 0x33, 0x09, 0x63, 0x68, 0x6f, 0x70, 0x0a,
  0x31, 0x36, 0x35, 0x32, 0x34, 0x09, 0x63, 0x68, 0x6f, 0x70, 0x69, 0x6e,
  0x0a, 0x31, 0x36, 0x35, 0x32, 0x35, 0x09, 0x63, 0x68, 0x6f, 0x72, 0x61,
  0x6c, 0x0a, 0x31, 0x36, 0x35, 0x32, 0x36, 0x09, 0x63, 0x68, 0x6f, 0x72,
  0x64, 0x0a, 0x31, 0x36, 0x35, 0x33, 0x31, 0x09, 0x63, 0x68, 0x6f, 0x72,
  0x65, 0x0a, 0x31, 0x36, 0x35, 0x33, 0x32, 0x09, 0x63, 0x68, 0x6f, 0x73,
  0x65, 0x0a, 0x31, 0x36, 0x35, 0x33, 0x33, 0x09, 0x63, 0x68, 0x6f, 0x73,
  0x65, 0x6e, 0x0a, 0x31, 0x36, 0x35, 0x33, 0x34, 0x09, 0x63, 0x68, 0x6f,
  0x75, 0x0a, 0x31, 0x36, 0x35, 0x33, 0x35, 0x09, 0x63, 0x68, 0x6f, 0x77,
  0x0a, 0x31, 0x36, 0x35, 0x33, 0x36, 0x09, 0x63, 0x68, 0x72, 0x69, 0x73,
  0x0a, 0x31, 0x36, 0x35, 0x34, 0x31, 0x09, 0x63, 0x68, 0x75, 0x62, 0x0a,
  0x31, 0x36, 0x35, 0x34, 0x32, 0x09, 0x63, 0x68, 0x75, 0x63, 0x6b, 0x0a,
  0x31, 0x36, 0x35, 0x34, 0x33, 0x09, 0x63, 0x68, 0x75, 0x66, 0x66, 0x0a,
  0x31, 0x36, 0x35, 0x34, 0x34, 0x09, 0x63, 0x68, 0x75, 0x67, 0x0a, 0x31,
  0x36, 0x35, 0x34, 0x35, 0x09, 0x63, 0x68, 0x75, 0x6d, 0x0a, 0x31, 0x36,
  0x35, 0x34, 0x36, 0x09, 0x63, 0x68, 0x75, 0x6d, 0x70, 0x0a, 0x31, 0x36,
  0x35, 0x35, 0x31, 0x09, 0x63, 0x68, 0x75, 0x6e, 0x6b, 0x0a, 0x31, 0x36,
  0x35, 0x35, 0x32, 0x09, 0x63, 0x68, 0x75, 0x72, 0x6e, 0x0a, 0x31, 0x36,
  0x35, 0x35, 0x33, 0x09, 0x63, 0x68, 0x75, 0x74, 0x65, 0x0a, 0x31, 0x36,
  0x35, 0x35, 0x34, 0x09, 0x63, 0x69, 0x0a, 0x31, 0x36, 0x35, 0x35, 0x35,
  0x09, 0x63, 0x69, 0x61, 0x0a, 0x31, 0x36, 0x35, 0x35, 0x36, 0x09, 0x63,
  0x69, 0x63, 0x61, 0x64, 0x61, 0x0a, 0x31, 0x36, 0x35, 0x36, 0x31, 0x09,
  0x63, 0x69, 0x64, 0x65, 0x72, 0x0a, 0x31, 0x36, 0x35, 0x36, 0x32, 0x09,
  0x63, 0x69, 0x67, 0x61, 0x72, 0x0a, 0x31, 0x36, 0x35, 0x36, 0x33, 0x09,
  0x63, 0x69, 0x6c, 0x69, 0x61, 0x0a, 0x31, 0x36, 0x35, 0x36, 0x34, 0x09,
  0x63, 0x69, 0x6e, 0x63, 0x68, 0x0a, 0x31, 0x36, 0x35, 0x36, 0x35, 0x09,
  0x63, 0x69, 0x6e, 0x64, 0x79, 0x0a, 0x31, 0x36, 0x35, 0x36, 0x36, 0x09,
  0x63, 0x69, 0x70, 0x68, 0x65, 0x72, 0x0a, 0x31, 0x36, 0x36, 0x31, 0x31,
  0x09, 0x63, 0x69, 0x72, 0x63, 0x61, 0x0a, 0x31, 0x36, 0x36, 0x31, 0x32,
  0x09, 0x63, 0x69, 0x72, 0x63, 0x65, 0x0a, 0x31, 0x36, 0x36, 0x31, 0x33,
  0x09, 0x63, 0x69, 0x74, 0x65, 0x0a, 0x31, 0x36, 0x36, 0x31, 0x34, 0x09,
  0x63, 0x69, 0x74, 0x72, 0x75, 0x73, 0x0a, 0x31, 0x36, 0x36, 0x31, 0x35,
  0x09, 0x63, 0x69, 0x74, 0x79, 0x0a, 0x31, 0x36, 0x36, 0x31, 0x36, 0x09,
  0x63, 0x69, 0x76, 0x65, 0x74, 0x0a, 0x31, 0x36, 0x36, 0x32, 0x31, 0x09,
  0x63, 0x69, 0x76, 0x69, 0x63, 0x0a, 0x31, 0x36, 0x36, 0x32, 0x32, 0x09,
  0x63, 0x69, 0x76, 0x69, 0x6c, 0x0a, 0x31, 0x36, 0x36, 0x32, 0x33, 0x09,
  0x63, 0x6a, 0x0a, 0x31, 0x36, 0x36, 0x32, 0x34, 0x09, 0x63, 0x6b, 0x0a,
  0x31, 0x36, 0x36, 0x32, 0x35, 0x09, 0x63, 0x6c, 0x0a, 0x31, 0x36, 0x36,
  0x32, 0x36, 0x09, 0x63, 0x6c, 0x61, 0x64, 0x0a, 0x31, 0x36, 0x36, 0x33,
  0x31, 0x09, 0x63, 0x6c, 0x61, 0x69, 0x6d, 0x0a, 0x31, 0x36, 0x36, 0x33,
  0x32, 0x09, 0x63, 0x6c, 0x61, 0x6d, 0x0a, 0x31, 0x36, 0x36, 0x33, 0x33,
  0x09, 0x63, 0x6c, 0x61, 0x6d, 0x6d, 0x79, 0x0a, 0x31, 0x36, 0x36, 0x33,
  0x34, 0x09, 0x63, 0x6c, 0x61, 0x6d, 0x70, 0x0a, 0x31, 0x36, 0x36, 0x33,
  0x35, 0x09, 0x63, 0x6c, 0x61, 0x6e, 0x0a, 0x31, 0x36, 0x36, 0x33, 0x36,
  0x09, 0x63, 0x6c, 0x61, 0x6e, 0x67, 0x0a, 0x31, 0x36, 0x36, 0x34, 0x31,
  0x09, 0x63, 0x6c, 0x61, 0x6e, 0x6b, 0x0a, 0x31, 0x36, 0x36, 0x34, 0x32,
  0x09, 0x63, 0x6c, 0x61, 0x70, 0x0a, 0x31, 0x36, 0x36, 0x34, 0x33, 0x09,
  0x63, 0x6c, 0x61, 0x72, 0x61, 0x0a, 0x31, 0x36, 0x36, 0x34, 0x34, 0x09,
  0x63, 0x6c, 0x61, 0x72, 0x65, 0x0a, 0x31, 0x36, 0x36, 0x34, 0x35, 0x09,
  0x63, 0x6c, 0x61, 0x72, 0x6b, 0x0a, 0x31, 0x36, 0x36, 0x34, 0x36, 0x09,
  0x63, 0x6c, 0x61, 0x72, 0x6b, 0x65, 0x0a, 0x31, 0x36, 0x36, 0x35, 0x31,
  0x09, 0x63, 0x6c, 0x61, 0x73, 0x68, 0x0a, 0x31, 0x36, 0x36, 0x35, 0x32,
  0x09, 0x63, 0x6c, 0x61, 0x73, 0x70, 0x0a, 0x31, 0x36, 0x36, 0x35, 0x33,
  0x09, 0x63, 0x6c, 0x61, 0x73, 0x73, 0x0a, 0x31, 0x36, 0x36, 0x35, 0x34,
  0x09, 0x63, 0x6c, 0x61, 0x75, 0x73, 0x0a, 0x31, 0x36, 0x36, 0x35, 0x35,
  0x09, 0x63, 0x6c, 0x61, 0x75, 0x73, 0x65, 0x0a, 0x31, 0x36, 0x36, 0x35,
  0x36, 0x09, 0x63, 0x6c, 0x61, 0x77, 0x0a, 0x31, 0x36, 0x36, 0x36, 0x31,
  0x09, 0x63, 0x6c, 0x61, 0x79, 0x0a, 0x31, 0x36, 0x36, 0x36, 0x32, 0x09,
  0x63, 0x6c, 0x65, 0x61, 0x6e, 0x0a, 0x31, 0x36, 0x36, 0x36, 0x33, 0x09,
  0x63, 0x6c, 0x65, 0x61, 0x72, 0x0a, 0x31, 0x36, 0x36, 0x36, 0x34, 0x09,
  0x63, 0x6c, 0x65, 0x61, 0x74, 0x0a, 0x31, 0x36, 0x36, 0x36, 0x35, 0x09,
  0x63, 0x6c, 0x65, 0x66, 0x74, 0x0a, 0x31, 0x36, 0x36, 0x36, 0x36, 0x09,
  0x63, 0x6c, 0x65, 0x72, 0x6b, 0x0a, 0x32, 0x31, 0x31, 0x31, 0x31, 0x09,
  0x63, 0x6c, 0x69, 0x63, 0x68, 0x65, 0x0a, 0x32, 0x31, 0x31, 0x31, 0x32,
  0x09, 0x63, 0x6c, 0x69, 0x63, 0x6b, 0x0a, 0x32, 0x31, 0x31, 0x31, 0x33,
  0x09, 0x63, 0x6c, 0x69, 0x66, 0x66, 0x0a, 0x32, 0x31, 0x31, 0x31, 0x34,
  0x09, 0x63, 0x6c, 0x69, 0x6d, 0x62, 0x0a, 0x32, 0x31, 0x31, 0x31, 0x35,
  0x09, 0x63, 0x6c, 0x69, 0x6d, 0x65, 0x0a, 0x32, 0x31, 0x31, 0x31, 0x36,
  0x09, 0x63, 0x6c, 0x69, 0x6e, 0x67, 0x0a, 0x32, 0x31, 0x31, 0x32, 0x31,
  0x09, 0x63, 0x6c, 0x69, 0x6e, 0x6b, 0x0a, 0x32, 0x31, 0x31, 0x32, 0x32,
  0x09, 0x63, 0x6c, 0x69, 0x6e, 0x74, 0x0a, 0x32, 0x31, 0x31, 0x32, 0x33,
  0x09, 0x63, 0x6c, 0x69, 0x6f, 0x0a, 0x32, 0x31, 0x31, 0x32, 0x34, 0x09,
  0x63, 0x6c, 0x69, 0x70, 0x0a, 0x32, 0x31, 0x31, 0x32, 0x35, 0x09, 0x63,
  0x6c, 0x69, 0x76, 0x65, 0x0a, 0x32, 0x31, 0x31, 0x32, 0x36, 0x09, 0x63,
  0x6c, 0x6f, 0x61, 0x6b, 0x0a, 0x32, 0x31, 0x31, 0x33, 0x31, 0x09, 0x63,
  0x6c, 0x6f, 0x63, 0x6b, 0x0a, 0x32, 0x31, 0x31, 0x33, 0x32, 0x09, 0x63,
  0x6c, 0x6f, 0x64, 0x0a, 0x32, 0x31, 0x31, 0x33, 0x33, 0x09, 0x63, 0x6c,
  0x6f, 0x67, 0x0a, 0x32, 0x31, 0x31, 0x33, 0x34, 0x09, 0x63, 0x6c, 0x6f,
  0x6d, 0x70, 0x0a, 0x32, 0x31, 0x31, 0x33, 0x35, 0x09, 0x63, 0x6c, 0x6f,
  0x6e, 0x65, 0x0a, 0x32, 0x31, 0x31, 0x33, 0x36, 0x09, 0x63, 0x6c, 0x6f,
  0x73, 0x65, 0x0a, 0x32, 0x31, 0x31, 0x34, 0x31, 0x09, 0x63, 0x6c, 0x6f,
  0x73, 0x65, 0x74, 0x0a, 0x32, 0x31, 0x31, 0x34, 0x32, 0x09, 0x63, 0x6c,
  0x6f, 0x74, 0x0a, 0x32, 0x31, 0x31, 0x34, 0x33, 0x09, 0x63, 0x6c, 0x6f,
  0x74, 0x68, 0x0a, 0x32, 0x31, 0x31, 0x34, 0x34, 0x09, 0x63, 0x6c, 0x6f,
  0x75, 0x64, 0x0a, 0x32, 0x31, 0x31, 0x34, 0x35, 0x09, 0x63, 0x6c, 0x6f,
  0x75, 0x74, 0x0a, 0x32, 0x31, 0x31, 0x34, 0x36, 0x09, 0x63, 0x6c, 0x6f,
  0x76, 0x65, 0x0a, 0x32, 0x31, 0x31, 0x35, 0x31, 0x09, 0x63, 0x6c, 0x6f,
  0x77, 0x6e, 0x0a, 0x32, 0x31, 0x31, 0x35, 0x32, 0x09, 0x63, 0x6c, 0x6f,
  0x79, 0x0a, 0x32, 0x31, 0x31, 0x35, 0x33, 0x09, 0x63, 0x6c, 0x75, 0x62,
  0x0a, 0x32, 0x31, 0x31, 0x35, 0x34, 0x09, 0x63, 0x6c, 0x75, 0x63, 0x6b,
  0x0a, 0x32, 0x31, 0x31, 0x35, 0x35, 0x09, 0x63, 0x6c, 0x75, 0x65, 0x0a,
  0x32, 0x31, 0x31, 0x35, 0x36, 0x09, 0x63, 0x6c, 0x75, 0x6a, 0x0a, 0x32,
  0x31, 0x31, 0x36, 0x31, 0x09, 0x63, 0x6c, 0x75, 0x6d, 0x70, 0x0a, 0x32,
  0x31, 0x31, 0x36, 0x32, 0x09, 0x63, 0x6c, 0x75, 0x6d, 0x73, 0x79, 0x0a,
  0x32, 0x31, 0x31, 0x36, 0x33, 0x09, 0x63, 0x6c, 0x75, 0x6e, 0x67, 0x0a,
  0x32, 0x31, 0x31, 0x36, 0x34, 0x09, 0x63, 0x6c, 0x79, 0x64, 0x65, 0x0a,
  0x32, 0x31, 0x31, 0x36, 0x35, 0x09, 0x63, 0x6d, 0x0a, 0x32, 0x31, 0x31,
  0x36, 0x36, 0x09, 0x63, 0x6e, 0x0a, 0x32, 0x31, 0x32, 0x31, 0x31, 0x09,
  0x63, 0x6f, 0x0a, 0x32, 0x31, 0x32, 0x31, 0x32, 0x09, 0x63, 0x6f, 0x61,
  0x63, 0x68, 0x0a, 0x32, 0x31, 0x32, 0x31, 0x33, 0x09, 0x63, 0x6f, 0x61,
  0x6c, 0x0a, 0x32, 0x31, 0x32, 0x31, 0x34, 0x09, 0x63, 0x6f, 0x61, 0x73,
  0x74, 0x0a, 0x32, 0x31, 0x32, 0x31, 0x35, 0x09, 0x63, 0x6f, 0x61, 0x74,
  0x0a, 0x32, 0x31, 0x32, 0x31, 0x36, 0x09, 0x63, 0x6f, 0x61, 0x78, 0x0a,
  0x32, 0x31, 0x32, 0x32, 0x31, 0x09, 0x63, 0x6f, 0x62, 0x62, 0x0a, 0x32,
  0x31, 0x32, 0x32, 0x32, 0x09, 0x63, 0x6f, 0x62, 0x62, 0x6c, 0x65, 0x0a,
  0x32, 0x31, 0x32, 0x32, 0x33, 0x09, 0x63, 0x6f, 0x62, 0x6f, 0x6c, 0x0a,
  0x32, 0x31, 0x32, 0x32, 0x34, 0x09, 0x63, 0x6f, 0x62, 0x72, 0x61, 0x0a,
  0x32, 0x31, 0x32, 0x32, 0x35, 0x09, 0x63, 0x6f, 0x63, 0x61, 0x0a, 0x32,
  0x31, 0x32, 0x32, 0x36, 0x09, 0x63, 0x6f, 0x63, 0x6b, 0x0a, 0x32, 0x31,
  0x32, 0x33, 0x31, 0x09, 0x63, 0x6f, 0x63, 0x6b, 0x6c, 0x65, 0x0a, 0x32,
  0x31, 0x32, 0x33, 0x32, 0x09, 0x63, 0x6f, 0x63, 0x6b, 0x79, 0x0a, 0x32,
  0x31, 0x32, 0x33, 0x33, 0x09, 0x63, 0x6f, 0x63, 0x6f, 0x0a, 0x32, 0x31,
  0x32, 0x33, 0x34, 0x09, 0x63, 0x6f, 0x63, 0x6f, 0x61, 0x0a, 0x32, 0x31,
  0x32, 0x33, 0x35, 0x09, 0x63, 0x6f, 0x64, 0x0a, 0x32, 0x31, 0x32, 0x33,
  0x36, 0x09, 0x63, 0x6f, 0x64, 0x61, 0x0a, 0x32, 0x31, 0x32, 0x34, 0x31,
  0x09, 0x63, 0x6f, 0x64, 0x64, 0x6c, 0x65, 0x0a, 0x32, 0x31, 0x32, 0x34,
  0x32, 0x09, 0x63, 0x6f, 0x64, 0x65, 0x0a, 0x32, 0x31, 0x32, 0x34, 0x33,
  0x09, 0x63, 0x6f, 0x64, 0x6f, 0x6e, 0x0a, 0x32, 0x31, 0x32, 0x34, 0x34,
  0x09, 0x63, 0x6f, 0x64, 0x79, 0x0a, 0x32, 0x31, 0x32, 0x34, 0x35, 0x09,
  0x63, 0x6f, 0x65, 0x64, 0x0a, 0x32, 0x31, 0x32, 0x34, 0x36, 0x09, 0x63,
  0x6f, 0x67, 0x0a, 0x32, 0x31, 0x32, 0x35, 0x31, 0x09, 0x63, 0x6f, 0x67,
  0x65, 0x6e, 0x74, 0x0a, 0x32, 0x31, 0x32, 0x35, 0x32, 0x09, 0x63, 0x6f,
  0x68, 0x65, 0x6e, 0x0a, 0x32, 0x31, 0x32, 0x35, 0x33, 0x09, 0x63, 0x6f,
  0x68, 0x6e, 0x0a, 0x32, 0x31, 0x32, 0x35, 0x34, 0x09, 0x63, 0x6f, 0x69,
  0x6c, 0x0a, 0x32, 0x31, 0x32, 0x35, 0x35, 0x09, 0x63, 0x6f, 0x69, 0x6e,
  0x0a, 0x32, 0x31, 0x32, 0x35, 0x36, 0x09, 0x63, 0x6f, 0x6b, 0x65, 0x0a,
  0x32, 0x31, 0x32, 0x36, 0x31, 0x09, 0x63, 0x6f, 0x6c, 0x0a, 0x32, 0x31,
  0x32, 0x36, 0x32, 0x09, 0x63, 0x6f, 0x6c, 0x61, 0x0a, 0x32, 0x31, 0x32,
  0x36, 0x33, 0x09, 0x63, 0x6f, 0x6c, 0x62, 0x79, 0x0a, 0x32, 0x31, 0x32,
  0x36, 0x34, 0x09, 0x63, 0x6f, 0x6c, 0x64, 0x0a, 0x32, 0x31, 0x32, 0x36,
  0x35, 0x09, 0x63, 0x6f, 0x6c, 0x65, 0x0a, 0x32, 0x31, 0x32, 0x36, 0x36,
  0x09, 0x63, 0x6f, 0x6c, 0x6f, 0x6e, 0x0a, 0x32, 0x31, 0x33, 0x31, 0x31,
  0x09, 0x63, 0x6f, 0x6c, 0x6f, 0x6e, 0x79, 0x0a, 0x32, 0x31, 0x33, 0x31,
  0x32, 0x09, 0x63, 0x6f, 0x6c, 0x74, 0x0a, 0x32, 0x31, 0x33, 0x31, 0x33,
  0x09, 0x63, 0x6f, 0x6c, 0x7a, 0x61, 0x0a, 0x32, 0x31, 0x33, 0x31, 0x34,
  0x09, 0x63, 0x6f, 0x6d, 0x61, 0x0a, 0x32, 0x31, 0x33, 0x31, 0x35, 0x09,
  0x63, 0x6f, 0x6d, 0x62, 0x0a, 0x32, 0x31, 0x33, 0x31, 0x36, 0x09, 0x63,
  0x6f, 0x6d, 0x62, 0x61, 0x74, 0x0a, 0x32, 0x31, 0x33, 0x32, 0x31, 0x09,
  0x63, 0x6f, 0x6d, 0x65, 0x0a, 0x32, 0x31, 0x33, 0x32, 0x32, 0x09, 0x63,
  0x6f, 0x6d, 0x65, 0x74, 0x0a, 0x32, 0x31, 0x33, 0x32, 0x33, 0x09, 0x63,
  0x6f, 0x6d, 0x65, 0x74, 0x68, 0x0a, 0x32, 0x31, 0x33, 0x32, 0x34, 0x09,
  0x63, 0x6f, 0x6d, 0x69, 0x63, 0x0a, 0x32, 0x31, 0x33, 0x32, 0x35, 0x09,
  0x63, 0x6f, 0x6d, 0x6d, 0x61, 0x0a, 0x32, 0x31, 0x33, 0x32, 0x36, 0x09,
  0x63, 0x6f, 0x6e, 0x0a, 0x32, 0x31, 0x33, 0x33, 0x31, 0x09, 0x63, 0x6f,
  0x6e, 0x63, 0x68, 0x0a, 0x32, 0x31, 0x33, 0x33, 0x32, 0x09, 0x63, 0x6f,
  0x6e, 0x65, 0x0a, 0x32, 0x31, 0x33, 0x33, 0x33, 0x09, 0x63, 0x6f, 0x6e,
  0x65, 0x79, 0x0a, 0x32, 0x31, 0x33, 0x33, 0x34, 0x09, 0x63, 0x6f, 0x6e,
  0x67, 0x6f, 0x0a, 0x32, 0x31, 0x33, 0x33, 0x35, 0x09, 0x63, 0x6f, 0x6e,
  0x69, 0x63, 0x0a, 0x32, 0x31, 0x33, 0x33, 0x36, 0x09, 0x63, 0x6f, 0x6e,
  0x6e, 0x0a, 0x32, 0x31, 0x33, 0x34, 0x31, 0x09, 0x63, 0x6f, 0x6e, 0x6e,
  0x65, 0x72, 0x0a, 0x32, 0x31, 0x33, 0x34, 0x32, 0x09, 0x63, 0x6f, 0x6e,
  0x77, 0x61, 0x79, 0x0a, 0x32, 0x31, 0x33, 0x34, 0x33, 0x09, 0x63, 0x6f,
  0x6e, 0x79, 0x0a, 0x32, 0x31, 0x33, 0x34, 0x34, 0x09, 0x63, 0x6f, 0x6f,
  0x0a, 0x32, 0x31, 0x33, 0x34, 0x35, 0x09, 0x63, 0x6f, 0x6f, 0x6b, 0x0a,
  0x32, 0x31, 0x33, 0x34, 0x36, 0x09, 0x63, 0x6f, 0x6f, 0x6b, 0x65, 0x0a,
  0x32, 0x31, 0x33, 0x35, 0x31, 0x09, 0x63, 0x6f, 0x6f, 0x6b, 0x79, 0x0a,
  0x32, 0x31, 0x33, 0x35, 0x32, 0x09, 0x63, 0x6f, 0x6f, 0x6c, 0x0a, 0x32,
  0x31, 0x33, 0x35, 0x33, 0x09, 0x63, 0x6f, 0x6f, 0x6c, 0x65, 0x79, 0x0a,
  0x32, 0x31, 0x33, 0x35, 0x34, 0x09, 0x63, 0x6f, 0x6f, 0x6e, 0x0a, 0x32,
  0x31, 0x33, 0x35, 0x35, 0x09, 0x63, 0x6f, 0x6f, 0x70, 0x0a, 0x32, 0x31,
  0x33, 0x35, 0x36, 0x09, 0x63, 0x6f, 0x6f, 0x72, 0x73, 0x0a, 0x32, 0x31,
  0x33, 0x36, 0x31, 0x09, 0x63, 0x6f, 0x6f, 0x74, 0x0a, 0x32, 0x31, 0x33,
  0x36, 0x32, 0x09, 0x63, 0x6f, 0x70, 0x0a, 0x32, 0x31, 0x33, 0x36, 0x33,
  0x09, 0x63, 0x6f, 0x70, 0x65, 0x0a, 0x32, 0x31, 0x33, 0x36, 0x34, 0x09,
  0x63, 0x6f, 0x70, 0x72, 0x61, 0x0a, 0x32, 0x31, 0x33, 0x36, 0x35, 0x09,
  0x63, 0x6f, 0x70, 0x79, 0x0a, 0x32, 0x31, 0x33, 0x36, 0x36, 0x09, 0x63,
  0x6f, 0x72, 0x61, 0x6c, 0x0a, 0x32, 0x31, 0x34, 0x31, 0x31, 0x09, 0x63,
  0x6f, 0x72, 0x62, 0x65, 0x6c, 0x0a, 0x32, 0x31, 0x34, 0x31, 0x32, 0x09,
  0x63, 0x6f, 0x72, 0x64, 0x0a, 0x32, 0x31, 0x34, 0x31, 0x33, 0x09, 0x63,
  0x6f, 0x72, 0x65, 0x0a, 0x32, 0x31, 0x34, 0x31, 0x34, 0x09, 0x63, 0x6f,
  0x72, 0x65, 0x79, 0x0a, 0x32, 0x31, 0x34, 0x31, 0x35, 0x09, 0x63, 0x6f,
  0x72, 0x6b, 0x0a, 0x32, 0x31, 0x34, 0x31, 0x36, 0x09, 0x63, 0x6f, 0x72,
  0x6e, 0x0a, 0x32, 0x31, 0x34, 0x32, 0x31, 0x09, 0x63, 0x6f, 0x72, 0x6e,
  0x79, 0x0a, 0x32, 0x31, 0x34, 0x32, 0x32, 0x09, 0x63, 0x6f, 0x72, 0x70,
  0x0a, 0x32, 0x31, 0x34, 0x32, 0x33, 0x09, 0x63, 0x6f, 0x72, 0x70, 0x73,
  0x0a, 0x32, 0x31, 0x34, 0x32, 0x34, 0x09, 0x63, 0x6f, 0x72, 0x76, 0x75,
  0x73, 0x0a, 0x32, 0x31, 0x34, 0x32, 0x35, 0x09, 0x63, 0x6f, 0x73, 0x0a,
  0x32, 0x31, 0x34, 0x32, 0x36, 0x09, 0x63, 0x6f, 0x73, 0x65, 0x63, 0x0a,
  0x32, 0x31, 0x34, 0x33, 0x31, 0x09, 0x63, 0x6f, 0x73, 0x65, 0x74, 0x0a,
  0x32, 0x31, 0x34, 0x33, 0x32, 0x09, 0x63, 0x6f, 0x73, 0x68, 0x0a, 0x32,
  0x31, 0x34, 0x33, 0x33, 0x09, 0x63, 0x6f, 0x73, 0x74, 0x0a, 0x32, 0x31,
  0x34, 0x33, 0x34, 0x09, 0x63, 0x6f, 0x73, 0x74, 0x61, 0x0a, 0x32, 0x31,
  0x34, 0x33, 0x35, 0x09, 0x63, 0x6f, 0x73, 0x79, 0x0a, 0x32, 0x31, 0x34,
  0x33, 0x36, 0x09, 0x63, 0x6f, 0x74, 0x0a, 0x32, 0x31, 0x34, 0x34, 0x31,
  0x09, 0x63, 0x6f, 0x74, 0x74, 0x61, 0x0a, 0x32, 0x31, 0x34, 0x34, 0x32,
  0x09, 0x63, 0x6f, 0x74, 0x74, 0x79, 0x0a, 0x32, 0x31, 0x34, 0x34, 0x33,
  0x09, 0x63, 0x6f, 0x75, 0x63, 0x68, 0x0a, 0x32, 0x31, 0x34, 0x34, 0x34,
  0x09, 0x63, 0x6f, 0x75, 0x67, 0x68, 0x0a, 0x32, 0x31, 0x34, 0x34, 0x35,
  0x09, 0x63, 0x6f, 0x75, 0x6c, 0x64, 0x0a, 0x32, 0x31, 0x34, 0x34, 0x36,
  0x09, 0x63, 0x6f, 0x75, 0x6e, 0x74, 0x0a, 0x32, 0x31, 0x34, 0x35, 0x31,
  0x09, 0x63, 0x6f, 0x75, 0x70, 0x0a, 0x32, 0x31, 0x34, 0x35, 0x32, 0x09,
  0x63, 0x6f, 0x75, 0x70, 0x65, 0x0a, 0x32, 0x31, 0x34, 0x35, 0x33, 0x09,
  0x63, 0x6f, 0x75, 0x72, 0x74, 0x0a, 0x32, 0x31, 0x34, 0x35, 0x34, 0x09,
  0x63, 0x6f, 0x75, 0x73, 0x69, 0x6e, 0x0a, 0x32, 0x31, 0x34, 0x35, 0x35,
  0x09, 0x63, 0x6f, 0x76, 0x65, 0x0a, 0x32, 0x31, 0x34, 0x35, 0x36, 0x09,
  0x63, 0x6f, 0x76, 0x65, 0x6e, 0x0a, 0x32, 0x31, 0x34, 0x36, 0x31, 0x09,
  0x63, 0x6f, 0x76, 0x65, 0x72, 0x0a, 0x32, 0x31, 0x34, 0x36, 0x32, 0x09,
  0x63, 0x6f, 0x76, 0x65, 0x74, 0x0a, 0x32, 0x31, 0x34, 0x36, 0x33, 0x09,
  0x63, 0x6f, 0x77, 0x0a, 0x32, 0x31, 0x34, 0x36, 0x34, 0x09, 0x63, 0x6f,
  0x77, 0x61, 0x6e, 0x0a, 0x32, 0x31, 0x34, 0x36, 0x35, 0x09, 0x63, 0x6f,
  0x77, 0x6c, 0x0a, 0x32, 0x31, 0x34, 0x36, 0x36, 0x09, 0x63, 0x6f, 0x77,
  0x6d, 0x61, 0x6e, 0x0a, 0x32, 0x31, 0x35, 0x31, 0x31, 0x09, 0x63, 0x6f,
  0x77, 0x72, 0x79, 0x0a, 0x32, 0x31, 0x35, 0x31, 0x32, 0x09, 0x63, 0x6f,
  0x78, 0x0a, 0x32, 0x31, 0x35, 0x31, 0x33, 0x09, 0x63, 0x6f, 0x79, 0x0a,
  0x32, 0x31, 0x35, 0x31, 0x34, 0x09, 0x63, 0x6f, 0x79, 0x6f, 0x74, 0x65,
  0x0a, 0x32, 0x31, 0x35, 0x31, 0x35, 0x09, 0x63, 0x6f, 0x79, 0x70, 0x75,
  0x0a, 0x32, 0x31, 0x35, 0x31, 0x36, 0x09, 0x63, 0x6f, 0x7a, 0x65, 0x6e,
  0x0a, 0x32, 0x31, 0x35, 0x32, 0x31, 0x09, 0x63, 0x6f, 0x7a, 0x79, 0x0a,
  0x32, 0x31, 0x35, 0x32, 0x32, 0x09, 0x63, 0x70, 0x0a, 0x32, 0x31, 0x35,
  0x32, 0x33, 0x09, 0x63, 0x70, 0x61, 0x0a, 0x32, 0x31, 0x35, 0x32, 0x34,
  0x09, 0x63, 0x71, 0x0a, 0x32, 0x31, 0x35, 0x32, 0x35, 0x09, 0x63, 0x72,
  0x0a, 0x32, 0x31, 0x35, 0x32, 0x36, 0x09, 0x63, 0x72, 0x61, 0x62, 0x0a,
  0x32, 0x31, 0x35, 0x33, 0x31, 0x09, 0x63, 0x72, 0x61, 0x63, 0x6b, 0x0a,
  0x32, 0x31, 0x35, 0x33, 0x32, 0x09, 0x63, 0x72, 0x61, 0x66, 0x74, 0x0a,
  0x32, 0x31, 0x35, 0x33, 0x33, 0x09, 0x63, 0x72, 0x61, 0x67, 0x0a, 0x32,
  0x31, 0x35, 0x33, 0x34, 0x09, 0x63, 0x72, 0x61, 0x69, 0x67, 0x0a, 0x32,
  0x31, 0x35, 0x33, 0x35, 0x09, 0x63, 0x72, 0x61, 0x6d, 0x0a, 0x32, 0x31,
  0x35, 0x33, 0x36, 0x09, 0x63, 0x72, 0x61, 0x6d, 0x70, 0x0a, 0x32, 0x31,
  0x35, 0x34, 0x31, 0x09, 0x63, 0x72, 0x61, 0x6e, 0x65, 0x0a, 0x32, 0x31,
  0x35, 0x34, 0x32, 0x09, 0x63, 0x72, 0x61, 0x6e, 0x6b, 0x0a, 0x32, 0x31,
  0x35, 0x34, 0x33, 0x09, 0x63, 0x72, 0x61, 0x70, 0x0a, 0x32, 0x31, 0x35,
  0x34, 0x34, 0x09, 0x63, 0x72, 0x61, 0x73, 0x68, 0x0a, 0x32, 0x31, 0x35,
  0x34, 0x35, 0x09, 0x63, 0x72, 0x61, 0x73, 0x73, 0x0a, 0x32, 0x31, 0x35,
  0x34, 0x36, 0x09, 0x63, 0x72, 0x61, 0x74, 0x65, 0x0a, 0x32, 0x31, 0x35,
  0x35, 0x31, 0x09, 0x63, 0x72, 0x61, 0x74, 0x65, 0x72, 0x0a, 0x32, 0x31,
  0x35, 0x35, 0x32, 0x09, 0x63, 0x72, 0x61, 0x76, 0x65, 0x0a, 0x32, 0x31,
  0x35, 0x35, 0x33, 0x09, 0x63, 0x72, 0x61, 0x77, 0x0a, 0x32, 0x31, 0x35,
  0x35, 0x34, 0x09, 0x63, 0x72, 0x61, 0x77, 0x6c, 0x0a, 0x32, 0x31, 0x35,
  0x35, 0x35, 0x09, 0x63, 0x72, 0x61, 0x7a, 0x65, 0x0a, 0x32, 0x31, 0x35,
  0x35, 0x36, 0x09, 0x63, 0x72, 0x61, 0x7a, 0x79, 0x0a, 0x32, 0x31, 0x35,
  0x36, 0x31, 0x09, 0x63, 0x72, 0x65, 0x61, 0x6b, 0x0a, 0x32, 0x31, 0x35,
  0x36, 0x32, 0x09, 0x63, 0x72, 0x65, 0x61, 0x6d, 0x0a, 0x32, 0x31, 0x35,
  0x36, 0x33, 0x09, 0x63, 0x72, 0x65, 0x64, 0x69, 0x74, 0x0a, 0x32, 0x31,
  0x35, 0x36, 0x34, 0x09, 0x63, 0x72, 0x65, 0x64, 0x6f, 0x0a, 0x32, 0x31,
  0x35, 0x36, 0x35, 0x09, 0x63, 0x72, 0x65, 0x65, 0x64, 0x0a, 0x32, 0x31,
  0x35, 0x36, 0x36, 0x09, 0x63, 0x72, 0x65, 0x65, 0x6b, 0x0a, 0x32, 0x31,
  0x36, 0x31, 0x31, 0x09, 0x63, 0x72, 0x65, 0x65, 0x70, 0x0a, 0x32, 0x31,
  0x36, 0x31, 0x32, 0x09, 0x63, 0x72, 0x65, 0x6f, 0x6c, 0x65, 0x0a, 0x32,
  0x31, 0x36, 0x31, 0x33, 0x09, 0x63, 0x72, 0x65, 0x6f, 0x6e, 0x0a, 0x32,
  0x31, 0x36, 0x31, 0x34, 0x09, 0x63, 0x72, 0x65, 0x70, 0x65, 0x0a, 0x32,
  0x31, 0x36, 0x31, 0x35, 0x09, 0x63, 0x72, 0x65, 0x70, 0x74, 0x0a, 0x32,
  0x31, 0x36, 0x31, 0x36, 0x09, 0x63, 0x72, 0x65, 0x73, 0x73, 0x0a, 0x32,
  0x31, 0x36, 0x32, 0x31, 0x09, 0x63, 0x72, 0x65, 0x73, 0x74, 0x0a, 0x32,
  0x31, 0x36, 0x32, 0x32, 0x09, 0x63, 0x72, 0x65, 0x74, 0x65, 0x0a, 0x32,
  0x31, 0x36, 0x32, 0x33, 0x09, 0x63, 0x72, 0x65, 0x77, 0x0a, 0x32, 0x31,
  0x36, 0x32, 0x34, 0x09, 0x63, 0x72, 0x69, 0x62, 0x0a, 0x32, 0x31, 0x36,
  0x32, 0x35, 0x09, 0x63, 0x72, 0x69, 0x65, 0x64, 0x0a, 0x32, 0x31, 0x36,
  0x32, 0x36, 0x09, 0x63, 0x72, 0x69, 0x6d, 0x65, 0x0a, 0x32, 0x31, 0x36,
  0x33, 0x31, 0x09, 0x63, 0x72, 0x69, 0x6d, 0x70, 0x0a, 0x32, 0x31, 0x36,
  0x33, 0x32, 0x09, 0x63, 0x72, 0x69, 0x73, 0x70, 0x0a, 0x32, 0x31, 0x36,
  0x33, 0x33, 0x09, 0x63, 0x72, 0x69, 0x73, 0x73, 0x0a, 0x32, 0x31, 0x36,
  0x33, 0x34, 0x09, 0x63, 0x72, 0x6f, 0x61, 0x6b, 0x0a, 0x32, 0x31, 0x36,
  0x33, 0x35, 0x09, 0x63, 0x72, 0x6f, 0x63, 0x6b, 0x0a, 0x32, 0x31, 0x36,
  0x33, 0x36, 0x09, 0x63, 0x72, 0x6f, 0x63, 0x75, 0x73, 0x0a, 0x32, 0x31,
  0x36, 0x34, 0x31, 0x09, 0x63, 0x72, 0x6f, 0x66, 0x74, 0x0a, 0x32, 0x31,
  0x36, 0x34, 0x32, 0x09, 0x63, 0x72, 0x6f, 0x69, 0x78, 0x0a, 0x32, 0x31,
  0x36, 0x34, 0x33, 0x09, 0x63, 0x72, 0x6f, 0x6e, 0x65, 0x0a, 0x32, 0x31,
  0x36, 0x34, 0x34, 0x09, 0x63, 0x72, 0x6f, 0x6e, 0x79, 0x0a, 0x32, 0x31,
  0x36, 0x34, 0x35, 0x09, 0x63, 0x72, 0x6f, 0x6f, 0x6b, 0x0a, 0x32, 0x31,
  0x36, 0x34, 0x36, 0x09, 0x63, 0x72, 0x6f, 0x6f, 0x6e, 0x0a, 0x32, 0x31,
  0x36, 0x35, 0x31, 0x09, 0x63, 0x72, 0x6f, 0x70, 0x0a, 0x32, 0x31, 0x36,
  0x35, 0x32, 0x09, 0x63, 0x72, 0x6f, 0x73, 0x73, 0x0a, 0x32, 0x31, 0x36,
  0x35, 0x33, 0x09, 0x63, 0x72, 0x6f, 0x77, 0x0a, 0x32, 0x31, 0x36, 0x35,
  0x34, 0x09, 0x63, 0x72, 0x6f, 0x77, 0x64, 0x0a, 0x32, 0x31, 0x36, 0x35,
  0x35, 0x09, 0x63, 0x72, 0x6f, 0x77, 0x6e, 0x0a, 0x32, 0x31, 0x36, 0x35,
  0x36, 0x09, 0x63, 0x72, 0x74, 0x0a, 0x32, 0x31, 0x36, 0x36, 0x31, 0x09,
  0x63, 0x72, 0x75, 0x64, 0x0a, 0x32, 0x31, 0x36, 0x36, 0x32, 0x09, 0x63,
  0x72, 0x75, 0x64, 0x65, 0x0a, 0x32, 0x31, 0x36, 0x36, 0x33, 0x09, 0x63,
  0x72, 0x75, 0x65, 0x6c, 0x0a, 0x32, 0x31, 0x36, 0x36, 0x34, 0x09, 0x63,
  0x72, 0x75, 0x6d, 0x62, 0x0a, 0x32, 0x31, 0x36, 0x36, 0x35, 0x09, 0x63,
  0x72, 0x75, 0x6d, 0x70, 0x0a, 0x32, 0x31, 0x36, 0x36, 0x36, 0x09, 0x63,
  0x72, 0x75, 0x73, 0x68, 0x0a, 0x32, 0x32, 0x31, 0x31, 0x31, 0x09, 0x63,
  0x72, 0x75, 0x73, 0x74, 0x0a, 0x32, 0x32, 0x31, 0x31, 0x32, 0x09, 0x63,
  0x72, 0x75, 0x78, 0x0a, 0x32, 0x32, 0x31, 0x31, 0x33, 0x09, 0x63, 0x72,
  0x75, 0x7a, 0x0a, 0x32, 0x32, 0x31, 0x31, 0x34, 0x09, 0x63, 0x72, 0x79,
  0x0a, 0x32, 0x32, 0x31, 0x31, 0x35, 0x09, 0x63, 0x72, 0x79, 0x70, 0x74,
  0x0a, 0x32, 0x32, 0x31, 0x31, 0x36, 0x09, 0x63, 0x73, 0x0a, 0x32, 0x32,
  0x31, 0x32, 0x31, 0x09, 0x63, 0x74, 0x0a, 0x32, 0x32, 0x31, 0x32, 0x32,
  0x09, 0x63, 0x75, 0x0a, 0x32, 0x32, 0x31, 0x32, 0x33, 0x09, 0x63, 0x75,
  0x62, 0x0a, 0x32, 0x32, 0x31, 0x32, 0x34, 0x09, 0x63, 0x75, 0x62, 0x61,
  0x0a, 0x32, 0x32, 0x31, 0x32, 0x35, 0x09, 0x63, 0x75, 0x62, 0x65, 0x0a,
  0x32, 0x32, 0x31, 0x32, 0x36, 0x09, 0x63, 0x75, 0x62, 0x69, 0x63, 0x0a,
  0x32, 0x32, 0x31, 0x33, 0x31, 0x09, 0x63, 0x75, 0x64, 0x0a, 0x32, 0x32,
  0x31, 0x33, 0x32, 0x09, 0x63, 0x75, 0x64, 0x64, 0x6c, 0x65, 0x0a, 0x32,
  0x32, 0x31, 0x33, 0x33, 0x09, 0x63, 0x75, 0x65, 0x0a, 0x32, 0x32, 0x31,
  0x33, 0x34, 0x09, 0x63, 0x75, 0x66, 0x66, 0x0a, 0x32, 0x32, 0x31, 0x33,
  0x35, 0x09, 0x63, 0x75, 0x6c, 0x6c, 0x0a, 0x32, 0x32, 0x31, 0x33, 0x36,
  0x09, 0x63, 0x75, 0x6c, 0x70, 0x61, 0x0a, 0x32, 0x32, 0x31, 0x34, 0x31,
  0x09, 0x63, 0x75, 0x6c, 0x74, 0x0a, 0x32, 0x32, 0x31, 0x34, 0x32, 0x09,
  0x63, 0x75, 0x6d, 0x69, 0x6e, 0x0a, 0x32, 0x32, 0x31, 0x34, 0x33, 0x09,
  0x63, 0x75, 0x6e, 0x79, 0x0a, 0x32, 0x32, 0x31, 0x34, 0x34, 0x09, 0x63,
  0x75, 0x70, 0x0a, 0x32, 0x32, 0x31, 0x34, 0x35, 0x09, 0x63, 0x75, 0x70,
  0x66, 0x75, 0x6c, 0x0a, 0x32, 0x32, 0x31, 0x34, 0x36, 0x09, 0x63, 0x75,
  0x70, 0x69, 0x64, 0x0a, 0x32, 0x32, 0x31, 0x35, 0x31, 0x09, 0x63, 0x75,
  0x72, 0x0a, 0x32, 0x32, 0x31, 0x35, 0x32, 0x09, 0x63, 0x75, 0x72, 0x62,
  0x0a, 0x32, 0x32, 0x31, 0x35, 0x33, 0x09, 0x63, 0x75, 0x72, 0x64, 0x0a,
  0x32, 0x32, 0x31, 0x35, 0x34, 0x09, 0x63, 0x75, 0x72, 0x65, 0x0a, 0x32,
  0x32, 0x31, 0x35, 0x35, 0x09, 0x63, 0x75, 0x72, 0x66, 0x65, 0x77, 0x0a,
  0x32, 0x32, 0x31, 0x35, 0x36, 0x09, 0x63, 0x75, 0x72, 0x69, 0x61, 0x0a,
  0x32, 0x32, 0x31, 0x36, 0x31, 0x09, 0x63, 0x75, 0x72, 0x69, 0x65, 0x0a,
  0x32, 0x32, 0x31, 0x36, 0x32, 0x09, 0x63, 0x75, 0x72, 0x69, 0x6f, 0x0a,
  0x32, 0x32, 0x31, 0x36, 0x33, 0x09, 0x63, 0x75, 0x72, 0x6c, 0x0a, 0x32,
  0x32, 0x31, 0x36, 0x34, 0x09, 0x63, 0x75, 0x72, 0x72, 0x79, 0x0a, 0x32,
  0x32, 0x31, 0x36, 0x35, 0x09, 0x63, 0x75, 0x72, 0x73, 0x65, 0x0a, 0x32,
  0x32, 0x31, 0x36, 0x36, 0x09, 0x63, 0x75, 0x72, 0x74, 0x0a, 0x32, 0x32,
  0x32, 0x31, 0x31, 0x09, 0x63, 0x75, 0x72, 0x76, 0x65, 0x0a, 0x32, 0x32,
  0x32, 0x31, 0x32, 0x09, 0x63, 0x75, 0x73, 0x70, 0x0a, 0x32, 0x32, 0x32,
  0x31, 0x33, 0x09, 0x63, 0x75, 0x74, 0x0a, 0x32, 0x32, 0x32, 0x31, 0x34,
  0x09, 0x63, 0x75, 0x74, 0x65, 0x0a, 0x32, 0x32, 0x32, 0x31, 0x35, 0x09,
  0x63, 0x75, 0x74, 0x6c, 0x65, 0x74, 0x0a, 0x32, 0x32, 0x32, 0x31, 0x36,
  0x09, 0x63, 0x76, 0x0a, 0x32, 0x32, 0x32, 0x32, 0x31, 0x09, 0x63, 0x77,
  0x0a, 0x32, 0x32, 0x32, 0x32, 0x32, 0x09, 0x63, 0x78, 0x0a, 0x32, 0x32,
  0x32, 0x32, 0x33, 0x09, 0x63, 0x79, 0x0a, 0x32, 0x32, 0x32, 0x32, 0x34,
  0x09, 0x63, 0x79, 0x63, 0x61, 0x64, 0x0a, 0x32, 0x32, 0x32, 0x32, 0x35,
  0x09, 0x63, 0x79, 0x63, 0x6c, 0x65, 0x0a, 0x32, 0x32, 0x32, 0x32, 0x36,
  0x09, 0x63, 0x79, 0x6e, 0x69, 0x63, 0x0a, 0x32, 0x32, 0x32, 0x33, 0x31,
  0x09, 0x63, 0x79, 0x72, 0x69, 0x6c, 0x0a, 0x32, 0x32, 0x32, 0x33, 0x32,
  0x09, 0x63, 0x79, 0x72, 0x75, 0x73, 0x0a, 0x32, 0x32, 0x32, 0x33, 0x33,
  0x09, 0x63, 0x79, 0x73, 0x74, 0x0a, 0x32, 0x32, 0x32, 0x33, 0x34, 0x09,
  0x63, 0x7a, 0x0a, 0x32, 0x32, 0x32, 0x33, 0x35, 0x09, 0x63, 0x7a, 0x61,
  0x72, 0x0a, 0x32, 0x32, 0x32, 0x33, 0x36, 0x09, 0x63, 0x7a, 0x65, 0x63,
  0x68, 0x0a, 0x32, 0x32, 0x32, 0x34, 0x31, 0x09, 0x64, 0x0a, 0x32, 0x32,
  0x32, 0x34, 0x32, 0x09, 0x64, 0x27, 0x61, 0x72, 0x74, 0x0a, 0x32, 0x32,
  0x32, 0x34, 0x33, 0x09, 0x64, 0x27, 0x73, 0x0a, 0x32, 0x32, 0x32, 0x34,
  0x34, 0x09, 0x64, 0x61, 0x0a, 0x32, 0x32, 0x32, 0x34, 0x35, 0x09, 0x64,
  0x61, 0x62, 0x0a, 0x32, 0x32, 0x32, 0x34, 0x36, 0x09, 0x64, 0x61, 0x63,
  0x63, 0x61, 0x0a, 0x32, 0x32, 0x32, 0x35, 0x31, 0x09, 0x64, 0x61, 0x63,
  0x74, 0x79, 0x6c, 0x0a, 0x32, 0x32, 0x32, 0x35, 0x32, 0x09, 0x64, 0x61,
  0x64, 0x0a, 0x32, 0x32, 0x32, 0x35, 0x33, 0x09, 0x64, 0x61, 0x64, 0x61,
  0x0a, 0x32, 0x32, 0x32, 0x35, 0x34, 0x09, 0x64, 0x61, 0x64, 0x64, 0x79,
  0x0a, 0x32, 0x32, 0x32, 0x35, 0x35, 0x09, 0x64, 0x61, 0x64, 0x65, 0x0a,
  0x32, 0x32, 0x32, 0x35, 0x36, 0x09, 0x64, 0x61, 0x66, 0x66, 0x79, 0x0a,
  0x32, 0x32, 0x32, 0x36, 0x31, 0x09, 0x64, 0x61, 0x68, 0x6c, 0x0a, 0x32,
  0x32, 0x32, 0x36, 0x32, 0x09, 0x64, 0x61, 0x68, 0x6c, 0x69, 0x61, 0x0a,
  0x32, 0x32, 0x32, 0x36, 0x33, 0x09, 0x64, 0x61, 0x69, 0x72, 0x79, 0x0a,
  0x32, 0x32, 0x32, 0x36, 0x34, 0x09, 0x64, 0x61, 0x69, 0x73, 0x0a, 0x32,
  0x32, 0x32, 0x36, 0x35, 0x09, 0x64, 0x61, 0x69, 0x73, 0x79, 0x0a, 0x32,
  0x32, 0x32, 0x36, 0x36, 0x09, 0x64, 0x61, 0x6b, 0x61, 0x72, 0x0a, 0x32,
  0x32, 0x33, 0x31, 0x31, 0x09, 0x64, 0x61, 0x6c, 0x65, 0x0a, 0x32, 0x32,
  0x33, 0x31, 0x32, 0x09, 0x64, 0x61, 0x6c, 0x65, 0x79, 0x0a, 0x32, 0x32,
  0x33, 0x31, 0x33, 0x09, 0x64, 0x61, 0x6c, 0x6c, 0x79, 0x0a, 0x32, 0x32,
  0x33, 0x31, 0x34, 0x09, 0x64, 0x61, 0x6c, 0x79, 0x0a, 0x32, 0x32, 0x33,
  0x31, 0x35, 0x09, 0x64, 0x61, 0x6d, 0x0a, 0x32, 0x32, 0x33, 0x31, 0x36,
  0x09, 0x64, 0x61, 0x6d, 0x65, 0x0a, 0x32, 0x32, 0x33, 0x32, 0x31, 0x09,
  0x64, 0x61, 0x6d, 0x6e, 0x0a, 0x32, 0x32, 0x33, 0x32, 0x32, 0x09, 0x64,
  0x61, 0x6d, 0x6f, 0x6e, 0x0a, 0x32, 0x32, 0x33, 0x32, 0x33, 0x09, 0x64,
  0x61, 0x6d, 0x70, 0x0a, 0x32, 0x32, 0x33, 0x32, 0x34, 0x09, 0x64, 0x61,
  0x6d, 0x73, 0x65, 0x6c, 0x0a, 0x32, 0x32, 0x33, 0x32, 0x35, 0x09, 0x64,
  0x61, 0x6e, 0x0a, 0x32, 0x32, 0x33, 0x32, 0x36, 0x09, 0x64, 0x61, 0x6e,
  0x61, 0x0a, 0x32, 0x32, 0x33, 0x33, 0x31, 0x09, 0x64, 0x61, 0x6e, 0x63,
  0x65, 0x0a, 0x32, 0x32, 0x33, 0x33, 0x32, 0x09, 0x64, 0x61, 0x6e, 0x64,
  0x79, 0x0a, 0x32, 0x32, 0x33, 0x33, 0x33, 0x09, 0x64, 0x61, 0x6e, 0x65,
  0x0a, 0x32, 0x32, 0x33, 0x33, 0x34, 0x09, 0x64, 0x61, 0x6e, 0x67, 0x0a,
  0x32, 0x32, 0x33, 0x33, 0x35, 0x09, 0x64, 0x61, 0x6e, 0x6b, 0x0a, 0x32,
  0x32, 0x33, 0x33, 0x36, 0x09, 0x64, 0x61, 0x6e, 0x6e, 0x79, 0x0a, 0x32,
  0x32, 0x33, 0x34, 0x31, 0x09, 0x64, 0x61, 0x6e, 0x74, 0x65, 0x0a, 0x32,
  0x32, 0x33, 0x34, 0x32, 0x09, 0x64, 0x61, 0x72, 0x0a, 0x32, 0x32, 0x33,
  0x34, 0x33, 0x09, 0x64, 0x61, 0x72, 0x65, 0x0a, 0x32, 0x32, 0x33, 0x34,
  0x34, 0x09, 0x64, 0x61, 0x72, 0x6b, 0x0a, 0x32, 0x32, 0x33, 0x34, 0x35,
  0x09, 0x64, 0x61, 0x72, 0x6b, 0x65, 0x6e, 0x0a, 0x32, 0x32, 0x33, 0x34,
  0x36, 0x09, 0x64, 0x61, 0x72, 0x6e, 0x0a, 0x32, 0x32, 0x33, 0x35, 0x31,
  0x09, 0x64, 0x61, 0x72, 0x72, 0x79, 0x0a, 0x32, 0x32, 0x33, 0x35, 0x32,
  0x09, 0x64, 0x61, 0x72, 0x74, 0x0a, 0x32, 0x32, 0x33, 0x35, 0x33, 0x09,
  0x64, 0x61, 0x73, 0x68, 0x0a, 0x32, 0x32, 0x33, 0x35, 0x34, 0x09, 0x64,
  0x61, 0x74, 0x61, 0x0a, 0x32, 0x32, 0x33, 0x35, 0x35, 0x09, 0x64, 0x61,
  0x74, 0x65, 0x0a, 0x32, 0x32, 0x33, 0x35, 0x36, 0x09, 0x64, 0x61, 0x74,
  0x65, 0x72, 0x0a, 0x32, 0x32, 0x33, 0x36, 0x31, 0x09, 0x64, 0x61, 0x74,
  0x75, 0x6d, 0x0a, 0x32, 0x32, 0x33, 0x36, 0x32, 0x09, 0x64, 0x61, 0x75,
  0x62, 0x0a, 0x32, 0x32, 0x33, 0x36, 0x33, 0x09, 0x64, 0x61, 0x75, 0x6e,
  0x74, 0x0a, 0x32, 0x32, 0x33, 0x36, 0x34, 0x09, 0x64, 0x61, 0x76, 0x65,
  0x0a, 0x32, 0x32, 0x33, 0x36, 0x35, 0x09, 0x64, 0x61, 0x76, 0x69, 0x64,
  0x0a, 0x32, 0x32, 0x33, 0x36, 0x36, 0x09, 0x64, 0x61, 0x76, 0x69, 0x73,
  0x0a, 0x32, 0x32, 0x34, 0x31, 0x31, 0x09, 0x64, 0x61, 0x76, 0x69, 0x74,
  0x0a, 0x32, 0x32, 0x34, 0x31, 0x32, 0x09, 0x64, 0x61, 0x76, 0x79, 0x0a,
  0x32, 0x32, 0x34, 0x31, 0x33, 0x09, 0x64, 0x61, 0x77, 0x6e, 0x0a, 0x32,
  0x32, 0x34, 0x31, 0x34, 0x09, 0x64, 0x61, 0x77, 0x73, 0x6f, 0x6e, 0x0a,
  0x32, 0x32, 0x34, 0x31, 0x35, 0x09, 0x64, 0x61, 0x79, 0x0a, 0x32, 0x32,
  0x34, 0x31, 0x36, 0x09, 0x64, 0x61, 0x7a, 0x65, 0x0a, 0x32, 0x32, 0x34,
  0x32, 0x31, 0x09, 0x64, 0x62, 0x0a, 0x32, 0x32, 0x34, 0x32, 0x32, 0x09,
  0x64, 0x63, 0x0a, 0x32, 0x32, 0x34, 0x32, 0x33, 0x09, 0x64, 0x64, 0x0a,
  0x32, 0x32, 0x34, 0x32, 0x34, 0x09, 0x64, 0x64, 0x64, 0x0a, 0x32, 0x32,
  0x34, 0x32, 0x35, 0x09, 0x64, 0x64, 0x64, 0x64, 0x0a, 0x32, 0x32, 0x34,
  0x32, 0x36, 0x09, 0x64, 0x65, 0x0a, 0x32, 0x32, 0x34, 0x33, 0x31, 0x09,
  0x64, 0x65, 0x61, 0x63, 0x6f, 0x6e, 0x0a, 0x32, 0x32, 0x34, 0x33, 0x32,
  0x09, 0x64, 0x65, 0x61, 0x64, 0x0a, 0x32, 0x32, 0x34, 0x33, 0x33, 0x09,
  0x64, 0x65, 0x61, 0x66, 0x0a, 0x32, 0x32, 0x34, 0x33, 0x34, 0x09, 0x64,
  0x65, 0x61, 0x6c, 0x0a, 0x32, 0x32, 0x34, 0x33, 0x35, 0x09, 0x64, 0x65,
  0x61, 0x6c, 0x74, 0x0a, 0x32, 0x32, 0x34, 0x33, 0x36, 0x09, 0x64, 0x65,
  0x61, 0x6e, 0x0a, 0x32, 0x32, 0x34, 0x34, 0x31, 0x09, 0x64, 0x65, 0x61,
  0x6e, 0x65, 0x0a, 0x32, 0x32, 0x34, 0x34, 0x32, 0x09, 0x64, 0x65, 0x61,
  0x72, 0x0a, 0x32, 0x32, 0x34, 0x34, 0x33, 0x09, 0x64, 0x65, 0x61, 0x74,
  0x68, 0x0a, 0x32, 0x32, 0x34, 0x34, 0x34, 0x09, 0x64, 0x65, 0x62, 0x61,
  0x72, 0x0a, 0x32, 0x32, 0x34, 0x34, 0x35, 0x09, 0x64, 0x65, 0x62, 0x62,
  0x79, 0x0a, 0x32, 0x32, 0x34, 0x34, 0x36, 0x09, 0x64, 0x65, 0x62, 0x69,
  0x74, 0x0a, 0x32, 0x32, 0x34, 0x35, 0x31, 0x09, 0x64, 0x65, 0x62, 0x72,
  0x61, 0x0a, 0x32, 0x32, 0x34, 0x35, 0x32, 0x09, 0x64, 0x65, 0x62, 0x72,
  0x69, 0x73, 0x0a, 0x32, 0x32, 0x34, 0x35, 0x33, 0x09, 0x64, 0x65, 0x62,
  0x74, 0x0a, 0x32, 0x32, 0x34, 0x35, 0x34, 0x09, 0x64, 0x65, 0x62, 0x75,
  0x67, 0x0a, 0x32, 0x32, 0x34, 0x35, 0x35, 0x09, 0x64, 0x65, 0x62, 0x75,
  0x74, 0x0a, 0x32, 0x32, 0x34, 0x35, 0x36, 0x09, 0x64, 0x65, 0x63, 0x0a,
  0x32, 0x32, 0x34, 0x36, 0x31, 0x09, 0x64, 0x65, 0x63, 0x61, 0x6c, 0x0a,
  0x32, 0x32, 0x34, 0x36, 0x32, 0x09, 0x64, 0x65, 0x63, 0x61, 0x79, 0x0a,
  0x32, 0x32, 0x34, 0x36, 0x33, 0x09, 0x64, 0x65, 0x63, 0x63, 0x61, 0x0a,
  0x32, 0x32, 0x34, 0x36, 0x34, 0x09, 0x64, 0x65, 0x63, 0x6b, 0x0a, 0x32,
  0x32, 0x34, 0x36, 0x35, 0x09, 0x64, 0x65, 0x63, 0x6b, 0x65, 0x72, 0x0a,
  0x32, 0x32, 0x34, 0x36, 0x36, 0x09, 0x64, 0x65, 0x63, 0x6f, 0x72, 0x0a,
  0x32, 0x32, 0x35, 0x31, 0x31, 0x09, 0x64, 0x65, 0x63, 0x72, 0x65, 0x65,
  0x0a, 0x32, 0x32, 0x35, 0x31, 0x32, 0x09, 0x64, 0x65, 0x63, 0x72, 0x79,
  0x0a, 0x32, 0x32, 0x35, 0x31, 0x33, 0x09, 0x64, 0x65, 0x65, 0x0a, 0x32,
  0x32, 0x35, 0x31, 0x34, 0x09, 0x64, 0x65, 0x65, 0x64, 0x0a, 0x32, 0x32,
  0x35, 0x31, 0x35, 0x09, 0x64, 0x65, 0x65, 0x6d, 0x0a, 0x32, 0x32, 0x35,
  0x31, 0x36, 0x09, 0x64, 0x65, 0x65, 0x70, 0x0a, 0x32, 0x32, 0x35, 0x32,
  0x31, 0x09, 0x64, 0x65, 0x65, 0x72, 0x0a, 0x32, 0x32, 0x35, 0x32, 0x32,
  0x09, 0x64, 0x65, 0x65, 0x72, 0x65, 0x0a, 0x32, 0x32, 0x35, 0x32, 0x33,
  0x09, 0x64, 0x65, 0x66, 0x0a, 0x32, 0x32, 0x35, 0x32, 0x34, 0x09, 0x64,
  0x65, 0x66, 0x65, 0x72, 0x0a, 0x32, 0x32, 0x35, 0x32, 0x35, 0x09, 0x64,
  0x65, 0x66, 0x6f, 0x72, 0x6d, 0x0a, 0x32, 0x32, 0x35, 0x32, 0x36, 0x09,
  0x64, 0x65, 0x66, 0x74, 0x0a, 0x32, 0x32, 0x35, 0x33, 0x31, 0x09, 0x64,
  0x65, 0x66, 0x79, 0x0a, 0x32, 0x32, 0x35, 0x33, 0x32, 0x09, 0x64, 0x65,
  0x67, 0x61, 0x73, 0x0a, 0x32, 0x32, 0x35, 0x33, 0x33, 0x09, 0x64, 0x65,
  0x67, 0x75, 0x6d, 0x0a, 0x32, 0x32, 0x35, 0x33, 0x34, 0x09, 0x64, 0x65,
  0x69, 0x66, 0x79, 0x0a, 0x32, 0x32, 0x35, 0x33, 0x35, 0x09, 0x64, 0x65,
  0x69, 0x67, 0x6e, 0x0a, 0x32, 0x32, 0x35, 0x33, 0x36, 0x09, 0x64, 0x65,
  0x69, 0x74, 0x79, 0x0a, 0x32, 0x32, 0x35, 0x34, 0x31, 0x09, 0x64, 0x65,
  0x6a, 0x61, 0x0a, 0x32, 0x32, 0x35, 0x34, 0x32, 0x09, 0x64, 0x65, 0x6c,
  0x0a, 0x32, 0x32, 0x35, 0x34, 0x33, 0x09, 0x64, 0x65, 0x6c, 0x61, 0x79,
  0x0a, 0x32, 0x32, 0x35, 0x34, 0x34, 0x09, 0x64, 0x65, 0x6c, 0x66, 0x74,
  0x0a, 0x32, 0x32, 0x35, 0x34, 0x35, 0x09, 0x64, 0x65, 0x6c, 0x68, 0x69,
  0x0a, 0x32, 0x32, 0x35, 0x34, 0x36, 0x09, 0x64, 0x65, 0x6c, 0x69, 0x61,
  0x0a, 0x32, 0x32, 0x35, 0x35, 0x31, 0x09, 0x64, 0x65, 0x6c, 0x6c, 0x0a,
  0x32, 0x32, 0x35, 0x35, 0x32, 0x09, 0x64, 0x65, 0x6c, 0x6c, 0x61, 0x0a,
  0x32, 0x32, 0x35, 0x35, 0x33, 0x09, 0x64, 0x65, 0x6c, 0x74, 0x61, 0x0a,
  0x32, 0x32, 0x35, 0x35, 0x34, 0x09, 0x64, 0x65, 0x6c, 0x76, 0x65, 0x0a,
  0x32, 0x32, 0x35, 0x35, 0x35, 0x09, 0x64, 0x65, 0x6d, 0x61, 0x72, 0x6b,
  0x0a, 0x32, 0x32, 0x35, 0x35, 0x36, 0x09, 0x64, 0x65, 0x6d, 0x69, 0x74,
  0x0a, 0x32, 0x32, 0x35, 0x36, 0x31, 0x09, 0x64, 0x65, 0x6d, 0x6f, 0x6e,
  0x0a, 0x32, 0x32, 0x35, 0x36, 0x32, 0x09, 0x64, 0x65, 0x6d, 0x75, 0x72,
  0x0a, 0x32, 0x32, 0x35, 0x36, 0x33, 0x09, 0x64, 0x65, 0x6e, 0x0a, 0x32,
  0x32, 0x35, 0x36, 0x34, 0x09, 0x64, 0x65, 0x6e, 0x65, 0x62, 0x0a, 0x32,
  0x32, 0x35, 0x36, 0x35, 0x09, 0x64, 0x65, 0x6e, 0x69, 0x61, 0x6c, 0x0a,
  0x32, 0x32, 0x35, 0x36, 0x36, 0x09, 0x64, 0x65, 0x6e, 0x6e, 0x79, 0x0a,
  0x32, 0x32, 0x36, 0x31, 0x31, 0x09, 0x64, 0x65, 0x6e, 0x73, 0x65, 0x0a,
  0x32, 0x32, 0x36, 0x31, 0x32, 0x09, 0x64, 0x65, 0x6e, 0x74, 0x0a, 0x32,
  0x32, 0x36, 0x31, 0x33, 0x09, 0x64, 0x65, 0x6e, 0x74, 0x6f, 0x6e, 0x0a,
  0x32, 0x32, 0x36, 0x31, 0x34, 0x09, 0x64, 0x65, 0x6e, 0x79, 0x0a, 0x32,
  0x32, 0x36, 0x31, 0x35, 0x09, 0x64, 0x65, 0x70, 0x6f, 0x74, 0x0a, 0x32,
  0x32, 0x36, 0x31, 0x36, 0x09, 0x64, 0x65, 0x70, 0x74, 0x68, 0x0a, 0x32,
  0x32, 0x36, 0x32, 0x31, 0x09, 0x64, 0x65, 0x70, 0x75, 0x74, 0x65, 0x0a,
  0x32, 0x32, 0x36, 0x32, 0x32, 0x09, 0x64, 0x65, 0x72, 0x62, 0x79, 0x0a,
  0x32, 0x32, 0x36, 0x32, 0x33, 0x09, 0x64, 0x65, 0x72, 0x65, 0x6b, 0x0a,
  0x32, 0x32, 0x36, 0x32, 0x34, 0x09, 0x64, 0x65, 0x73, 0x0a, 0x32, 0x32,
  0x36, 0x32, 0x35, 0x09, 0x64, 0x65, 0x73, 0x69, 0x73, 0x74, 0x0a, 0x32,
  0x32, 0x36, 0x32, 0x36, 0x09, 0x64, 0x65, 0x73, 0x6b, 0x0a, 0x32, 0x32,
  0x36, 0x33, 0x31, 0x09, 0x64, 0x65, 0x74, 0x61, 0x63, 0x68, 0x0a, 0x32,
  0x32, 0x36, 0x33, 0x32, 0x09, 0x64, 0x65, 0x74, 0x65, 0x72, 0x0a, 0x32,
  0x32, 0x36, 0x33, 0x33, 0x09, 0x64, 0x65, 0x75, 0x63, 0x65, 0x0a, 0x32,
  0x32, 0x36, 0x33, 0x34, 0x09, 0x64, 0x65, 0x75, 0x73, 0x0a, 0x32, 0x32,
  0x36, 0x33, 0x35, 0x09, 0x64, 0x65, 0x76, 0x69, 0x6c, 0x0a, 0x32, 0x32,
  0x36, 0x33, 0x36, 0x09, 0x64, 0x65, 0x76, 0x6f, 0x69, 0x64, 0x0a, 0x32,
  0x32, 0x36, 0x34, 0x31, 0x09, 0x64, 0x65, 0x76, 0x6f, 0x6e, 0x0a, 0x32,
  0x32, 0x36, 0x34, 0x32, 0x09, 0x64, 0x65, 0x77, 0x0a, 0x32, 0x32, 0x36,
  0x34, 0x33, 0x09, 0x64, 0x65, 0x77, 0x61, 0x72, 0x0a, 0x32, 0x32, 0x36,
  0x34, 0x34, 0x09, 0x64, 0x65, 0x77, 0x65, 0x79, 0x0a, 0x32, 0x32, 0x36,
  0x34, 0x35, 0x09, 0x64, 0x65, 0x77, 0x79, 0x0a, 0x32, 0x32, 0x36, 0x34,
  0x36, 0x09, 0x64, 0x65, 0x79, 0x0a, 0x32, 0x32, 0x36, 0x35, 0x31, 0x09,
  0x64, 0x66, 0x0a, 0x32, 0x32, 0x36, 0x35, 0x32, 0x09, 0x64, 0x67, 0x0a,
  0x32, 0x32, 0x36, 0x35, 0x33, 0x09, 0x64, 0x68, 0x0a, 0x32, 0x32, 0x36,
  0x35, 0x34, 0x09, 0x64, 0x68, 0x61, 0x62, 0x69, 0x0a, 0x32, 0x32, 0x36,
  0x35, 0x35, 0x09, 0x64, 0x69, 0x0a, 0x32, 0x32, 0x36, 0x35, 0x36, 0x09,
  0x64, 0x69, 0x61, 0x6c, 0x0a, 0x32, 0x32, 0x36, 0x36, 0x31, 0x09, 0x64,
  0x69, 0x61, 0x6e, 0x61, 0x0a, 0x32, 0x32, 0x36, 0x36, 0x32, 0x09, 0x64,
  0x69, 0x61, 0x6e, 0x65, 0x0a, 0x32, 0x32, 0x36, 0x36, 0x33, 0x09, 0x64,
  0x69, 0x61, 0x72, 0x79, 0x0a, 0x32, 0x32, 0x36, 0x36, 0x34, 0x09, 0x64,
  0x69, 0x62, 0x62, 0x6c, 0x65, 0x0a, 0x32, 0x32, 0x36, 0x36, 0x35, 0x09,
  0x64, 0x69, 0x63, 0x65, 0x0a, 0x32, 0x32, 0x36, 0x36, 0x36, 0x09, 0x64,
  0x69, 0x63, 0x6b, 0x0a, 0x32, 0x33, 0x31, 0x31, 0x31, 0x09, 0x64, 0x69,
  0x63, 0x74, 0x61, 0x0a, 0x32, 0x33, 0x31, 0x31, 0x32, 0x09, 0x64, 0x69,
  0x64, 0x0a, 0x32, 0x33, 0x31, 0x31, 0x33, 0x09, 0x64, 0x69, 0x64, 0x6f,
  0x0a, 0x32, 0x33, 0x31, 0x31, 0x34, 0x09, 0x64, 0x69, 0x65, 0x0a, 0x32,
  0x33, 0x31, 0x31, 0x35, 0x09, 0x64, 0x69, 0x65, 0x64, 0x0a, 0x32, 0x33,
  0x31, 0x31, 0x36, 0x09, 0x64, 0x69, 0x65, 0x67, 0x6f, 0x0a, 0x32, 0x33,
  0x31, 0x32, 0x31, 0x09, 0x64, 0x69, 0x65, 0x6d, 0x0a, 0x32, 0x33, 0x31,
  0x32, 0x32, 0x09, 0x64, 0x69, 0x65, 0x73, 0x65, 0x6c, 0x0a, 0x32, 0x33,
  0x31, 0x32, 0x33, 0x09, 0x64, 0x69, 0x65, 0x74, 0x0a, 0x32, 0x33, 0x31,
  0x32, 0x34, 0x09, 0x64, 0x69, 0x65, 0x74, 0x79, 0x0a, 0x32, 0x33, 0x31,
  0x32, 0x35, 0x09, 0x64, 0x69, 0x65, 0x74, 0x7a, 0x0a, 0x32, 0x33, 0x31,
  0x32, 0x36, 0x09, 0x64, 0x69, 0x67, 0x0a, 0x32, 0x33, 0x31, 0x33, 0x31,
  0x09, 0x64, 0x69, 0x67, 0x69, 0x74, 0x0a, 0x32, 0x33, 0x31, 0x33, 0x32,
  0x09, 0x64, 0x69, 0x6c, 0x61, 0x74, 0x65, 0x0a, 0x32, 0x33, 0x31, 0x33,
  0x33, 0x09, 0x64, 0x69, 0x6c, 0x6c, 0x0a, 0x32, 0x33, 0x31, 0x33, 0x34,
  0x09, 0x64, 0x69, 0x6d, 0x0a, 0x32, 0x33, 0x31, 0x33, 0x35, 0x09, 0x64,
  0x69, 0x6d, 0x65, 0x0a, 0x32, 0x33, 0x31, 0x33, 0x36, 0x09, 0x64, 0x69,
  0x6e, 0x0a, 0x32, 0x33, 0x31, 0x34, 0x31, 0x09, 0x64, 0x69, 0x6e, 0x61,
  0x68, 0x0a, 0x32, 0x33, 0x31, 0x34, 0x32, 0x09, 0x64, 0x69, 0x6e, 0x65,
  0x0a, 0x32, 0x33, 0x31, 0x34, 0x33, 0x09, 0x64, 0x69, 0x6e, 0x67, 0x0a,
  0x32, 0x33, 0x31, 0x34, 0x34, 0x09, 0x64, 0x69, 0x6e, 0x67, 0x6f, 0x0a,
  0x32, 0x33, 0x31, 0x34, 0x35, 0x09, 0x64, 0x69, 0x6e, 0x67, 0x79, 0x0a,
  0x32, 0x33, 0x31, 0x34, 0x36, 0x09, 0x64, 0x69, 0x6e, 0x74, 0x0a, 0x32,
  0x33, 0x31, 0x35, 0x31, 0x09, 0x64, 0x69, 0x6f, 0x64, 0x65, 0x0a, 0x32,
  0x33, 0x31, 0x35, 0x32, 0x09, 0x64, 0x69, 0x70, 0x0a, 0x32, 0x33, 0x31,
  0x35, 0x33, 0x09, 0x64, 0x69, 0x72, 0x61, 0x63, 0x0a, 0x32, 0x33, 0x31,
  0x35, 0x34, 0x09, 0x64, 0x69, 0x72, 0x65, 0x0a, 0x32, 0x33, 0x31, 0x35,
  0x35, 0x09, 0x64, 0x69, 0x72, 0x67, 0x65, 0x0a, 0x32, 0x33, 0x31, 0x35,
  0x36, 0x09, 0x64, 0x69, 0x72, 0x74, 0x0a, 0x32, 0x33, 0x31, 0x36, 0x31,
  0x09, 0x64, 0x69, 0x72, 0x74, 0x79, 0x0a, 0x32, 0x33, 0x31, 0x36, 0x32,
  0x09, 0x64, 0x69, 0x73, 0x0a, 0x32, 0x33, 0x31, 0x36, 0x33, 0x09, 0x64,
  0x69, 0x73, 0x63, 0x0a, 0x32, 0x33, 0x31, 0x36, 0x34, 0x09, 0x64, 0x69,
  0x73, 0x68, 0x0a, 0x32, 0x33, 0x31, 0x36, 0x35, 0x09, 0x64, 0x69, 0x73,
  0x6b, 0x0a, 0x32, 0x33, 0x31, 0x36, 0x36, 0x09, 0x64, 0x69, 0x73, 0x6e,
  0x65, 0x79, 0x0a, 0x32, 0x33, 0x32, 0x31, 0x31, 0x09, 0x64, 0x69, 0x74,
  0x63, 0x68, 0x0a, 0x32, 0x33, 0x32, 0x31, 0x32, 0x09, 0x64, 0x69, 0x74,
  0x74, 0x6f, 0x0a, 0x32, 0x33, 0x32, 0x31, 0x33, 0x09, 0x64, 0x69, 0x74,
  0x74, 0x79, 0x0a, 0x32, 0x33, 0x32, 0x31, 0x34, 0x09, 0x64, 0x69, 0x76,
  0x61, 0x0a, 0x32, 0x33, 0x32, 0x31, 0x35, 0x09, 0x64, 0x69, 0x76, 0x61,
  0x6e, 0x0a, 0x32, 0x33, 0x32, 0x31, 0x36, 0x09, 0x64, 0x69, 0x76, 0x65,
  0x0a, 0x32, 0x33, 0x32, 0x32, 0x31, 0x09, 0x64, 0x69, 0x78, 0x69, 0x65,
  0x0a, 0x32, 0x33, 0x32, 0x32, 0x32, 0x09, 0x64, 0x69, 0x78, 0x6f, 0x6e,
  0x0a, 0x32, 0x33, 0x32, 0x32, 0x33, 0x09, 0x64, 0x69, 0x7a, 0x7a, 0x79,
  0x0a, 0x32, 0x33, 0x32, 0x32, 0x34, 0x09, 0x64, 0x6a, 0x0a, 0x32, 0x33,
  0x32, 0x32, 0x35, 0x09, 0x64, 0x6b, 0x0a, 0x32, 0x33, 0x32, 0x32, 0x36,
  0x09, 0x64, 0x6c, 0x0a, 0x32, 0x33, 0x32, 0x33, 0x31, 0x09, 0x64, 0x6d,
  0x0a, 0x32, 0x33, 0x32, 0x33, 0x32, 0x09, 0x64, 0x6e, 0x0a, 0x32, 0x33,
  0x32, 0x33, 0x33, 0x09, 0x64, 0x6e, 0x61, 0x0a, 0x32, 0x33, 0x32, 0x33,
  0x34, 0x09, 0x64, 0x6f, 0x0a, 0x32, 0x33, 0x32, 0x33, 0x35, 0x09, 0x64,
  0x6f, 0x62, 0x62, 0x73, 0x0a, 0x32, 0x33, 0x32, 0x33, 0x36, 0x09, 0x64,
  0x6f, 0x62, 0x73, 0x6f, 0x6e, 0x0a, 0x32, 0x33, 0x32, 0x34, 0x31, 0x09,
  0x64, 0x6f, 0x63, 0x6b, 0x0a, 0x32, 0x33, 0x32, 0x34, 0x32, 0x09, 0x64,
  0x6f, 0x63, 0x6b, 0x65, 0x74, 0x0a, 0x32, 0x33, 0x32, 0x34, 0x33, 0x09,
  0x64, 0x6f, 0x64, 0x0a, 0x32, 0x33, 0x32, 0x34, 0x34, 0x09, 0x64, 0x6f,
  0x64, 0x64, 0x0a, 0x32, 0x33, 0x32, 0x34, 0x35, 0x09, 0x64, 0x6f, 0x64,
  0x67, 0x65, 0x0a, 0x32, 0x33, 0x32, 0x34, 0x36, 0x09, 0x64, 0x6f, 0x64,
  0x6f, 0x0a, 0x32, 0x33, 0x32, 0x35, 0x31, 0x09, 0x64, 0x6f, 0x65, 0x0a,
  0x32, 0x33, 0x32, 0x35, 0x32, 0x09, 0x64, 0x6f, 0x66, 0x66, 0x0a, 0x32,
  0x33, 0x32, 0x35, 0x33, 0x09, 0x64, 0x6f, 0x67, 0x0a, 0x32, 0x33, 0x32,
  0x35, 0x34, 0x09, 0x64, 0x6f, 0x67, 0x65, 0x0a, 0x32, 0x33, 0x32, 0x35,
  0x35, 0x09, 0x64, 0x6f, 0x67, 0x6d, 0x61, 0x0a, 0x32, 0x33, 0x32, 0x35,
  0x36, 0x09, 0x64, 0x6f, 0x6c, 0x61, 0x6e, 0x0a, 0x32, 0x33, 0x32, 0x36,
  0x31, 0x09, 0x64, 0x6f, 0x6c, 0x63, 0x65, 0x0a, 0x32, 0x33, 0x32, 0x36,
  0x32, 0x09, 0x64, 0x6f, 0x6c, 0x65, 0x0a, 0x32, 0x33, 0x32, 0x36, 0x33,
  0x09, 0x64, 0x6f, 0x6c, 0x6c, 0x0a, 0x32, 0x33, 0x32, 0x36, 0x34, 0x09,
  0x64, 0x6f, 0x6c, 0x6c, 0x79, 0x0a, 0x32, 0x33, 0x32, 0x36, 0x35, 0x09,
  0x64, 0x6f, 0x6c, 0x74, 0x0a, 0x32, 0x33, 0x32, 0x36, 0x36, 0x09, 0x64,
  0x6f, 0x6d, 0x65, 0x0a, 0x32, 0x33, 0x33, 0x31, 0x31, 0x09, 0x64, 0x6f,
  0x6e, 0x0a, 0x32, 0x33, 0x33, 0x31, 0x32, 0x09, 0x64, 0x6f, 0x6e, 0x27,
  0x74, 0x0a, 0x32, 0x33, 0x33, 0x31, 0x33, 0x09, 0x64, 0x6f, 0x6e, 0x65,
  0x0a, 0x32, 0x33, 0x33, 0x31, 0x34, 0x09, 0x64, 0x6f, 0x6e, 0x65, 0x63,
  0x6b, 0x0a, 0x32, 0x33, 0x33, 0x31, 0x35, 0x09, 0x64, 0x6f, 0x6e, 0x6e,
  0x61, 0x0a, 0x32, 0x33, 0x33, 0x31, 0x36, 0x09, 0x64, 0x6f, 0x6e, 0x6f,
  0x72, 0x0a, 0x32, 0x33, 0x33, 0x32, 0x31, 0x09, 0x64, 0x6f, 0x6f, 0x6d,
  0x0a, 0x32, 0x33, 0x33, 0x32, 0x32, 0x09, 0x64, 0x6f, 0x6f, 0x72, 0x0a,
  0x32, 0x33, 0x33, 0x32, 0x33, 0x09, 0x64, 0x6f, 0x70, 0x65, 0x0a, 0x32,
  0x33, 0x33, 0x32, 0x34, 0x09, 0x64, 0x6f, 0x72, 0x61, 0x0a, 0x32, 0x33,
  0x33, 0x32, 0x35, 0x09, 0x64, 0x6f, 0x72, 0x69, 0x61, 0x0a, 0x32, 0x33,
  0x33, 0x32, 0x36, 0x09, 0x64, 0x6f, 0x72, 0x69, 0x63, 0x0a, 0x32, 0x33,
  0x33, 0x33, 0x31, 0x09, 0x64, 0x6f, 0x72, 0x69, 0x73, 0x0a, 0x32, 0x33,
  0x33, 0x33, 0x32, 0x09, 0x64, 0x6f, 0x73, 0x65, 0x0a, 0x32, 0x33, 0x33,
  0x33, 0x33, 0x09, 0x64, 0x6f, 0x74, 0x0a, 0x32, 0x33, 0x33, 0x33, 0x34,
  0x09, 0x64, 0x6f, 0x74, 0x65, 0x0a, 0x32, 0x33, 0x33, 0x33, 0x35, 0x09,
  0x64, 0x6f, 0x75, 0x62, 0x6c, 0x65, 0x0a, 0x32, 0x33, 0x33, 0x33, 0x36,
  0x09, 0x64, 0x6f, 0x75, 0x62, 0x74, 0x0a, 0x32, 0x33, 0x33, 0x34, 0x31,
  0x09, 0x64, 0x6f, 0x75, 0x63, 0x65, 0x0a, 0x32, 0x33, 0x33, 0x34, 0x32,
  0x09, 0x64, 0x6f, 0x75, 0x67, 0x0a, 0x32, 0x33, 0x33, 0x34, 0x33, 0x09,
  0x64, 0x6f, 0x75, 0x67, 0x68, 0x0a, 0x32, 0x33, 0x33, 0x34, 0x34, 0x09,
  0x64, 0x6f, 0x75, 0x72, 0x0a, 0x32, 0x33, 0x33, 0x34, 0x35, 0x09, 0x64,
  0x6f, 0x75, 0x73, 0x65, 0x0a, 0x32, 0x33, 0x33, 0x34, 0x36, 0x09, 0x64,
  0x6f, 0x76, 0x65, 0x0a, 0x32, 0x33, 0x33, 0x35, 0x31, 0x09, 0x64, 0x6f,
  0x77, 0x0a, 0x32, 0x33, 0x33, 0x35, 0x32, 0x09, 0x64, 0x6f, 0x77, 0x65,
  0x6c, 0x0a, 0x32, 0x33, 0x33, 0x35, 0x33, 0x09, 0x64, 0x6f, 0x77, 0x6e,
  0x0a, 0x32, 0x33, 0x33, 0x35, 0x34, 0x09, 0x64, 0x6f, 0x77, 0x6e, 0x73,
  0x0a, 0x32, 0x33, 0x33, 0x35, 0x35, 0x09, 0x64, 0x6f, 0x77, 0x72, 0x79,
  0x0a, 0x32, 0x33, 0x33, 0x35, 0x36, 0x09, 0x64, 0x6f, 0x79, 0x6c, 0x65,
  0x0a, 0x32, 0x33, 0x33, 0x36, 0x31, 0x09, 0x64, 0x6f, 0x7a, 0x65, 0x0a,
  0x32, 0x33, 0x33, 0x36, 0x32, 0x09, 0x64, 0x6f, 0x7a, 0x65, 0x6e, 0x0a,
  0x32, 0x33, 0x33, 0x36, 0x33, 0x09, 0x64, 0x70, 0x0a, 0x32, 0x33, 0x33,
  0x36, 0x34, 0x09, 0x64, 0x71, 0x0a, 0x32, 0x33, 0x33, 0x36, 0x35, 0x09,
  0x64, 0x72, 0x0a, 0x32, 0x33, 0x33, 0x36, 0x36, 0x09, 0x64, 0x72, 0x61,
  0x62, 0x0a, 0x32, 0x33, 0x34, 0x31, 0x31, 0x09, 0x64, 0x72, 0x61, 0x63,
  0x6f, 0x0a, 0x32, 0x33, 0x34, 0x31, 0x32, 0x09, 0x64, 0x72, 0x61, 0x66,
  0x74, 0x0a, 0x32, 0x33, 0x34, 0x31, 0x33, 0x09, 0x64, 0x72, 0x61, 0x67,
  0x0a, 0x32, 0x33, 0x34, 0x31, 0x34, 0x09, 0x64, 0x72, 0x61, 0x69, 0x6e,
  0x0a, 0x32, 0x33, 0x34, 0x31, 0x35, 0x09, 0x64, 0x72, 0x61, 0x6b, 0x65,
  0x0a, 0x32, 0x33, 0x34, 0x31, 0x36, 0x09, 0x64, 0x72, 0x61, 0x6d, 0x0a,
  0x32, 0x33, 0x34, 0x32, 0x31, 0x09, 0x64, 0x72, 0x61, 0x6d, 0x61, 0x0a,
  0x32, 0x33, 0x34, 0x32, 0x32, 0x09, 0x64, 0x72, 0x61, 0x6e, 0x6b, 0x0a,
  0x32, 0x33, 0x34, 0x32, 0x33, 0x09, 0x64, 0x72, 0x61, 0x70, 0x65, 0x0a,
  0x32, 0x33, 0x34, 0x32, 0x34, 0x09, 0x64, 0x72, 0x61, 0x77, 0x0a, 0x32,
  0x33, 0x34, 0x32, 0x35, 0x09, 0x64, 0x72, 0x61, 0x77, 0x6c, 0x0a, 0x32,
  0x33, 0x34, 0x32, 0x36, 0x09, 0x64, 0x72, 0x61, 0x77, 0x6e, 0x0a, 0x32,
  0x33, 0x34, 0x33, 0x31, 0x09, 0x64, 0x72, 0x65, 0x61, 0x64, 0x0a, 0x32,
  0x33, 0x34, 0x33, 0x32, 0x09, 0x64, 0x72, 0x65, 0x61, 0x6d, 0x0a, 0x32,
  0x33, 0x34, 0x33, 0x33, 0x09, 0x64, 0x72, 0x65, 0x61, 0x6d, 0x79, 0x0a,
  0x32, 0x33, 0x34, 0x33, 0x34, 0x09, 0x64, 0x72, 0x65, 0x67, 0x0a, 0x32,
  0x33, 0x34, 0x33, 0x35, 0x09, 0x64, 0x72, 0x65, 0x73, 0x73, 0x0a, 0x32,
  0x33, 0x34, 0x33, 0x36, 0x09, 0x64, 0x72, 0x65, 0x73, 0x73, 0x79, 0x0a,
  0x32, 0x33, 0x34, 0x34, 0x31, 0x09, 0x64, 0x72, 0x65, 0x77, 0x0a, 0x32,
  0x33, 0x34, 0x34, 0x32, 0x09, 0x64, 0x72, 0x69, 0x62, 0x0a, 0x32, 0x33,
  0x34, 0x34, 0x33, 0x09, 0x64, 0x72, 0x69, 0x65, 0x64, 0x0a, 0x32, 0x33,
  0x34, 0x34, 0x34, 0x09, 0x64, 0x72, 0x69, 0x65, 0x72, 0x0a, 0x32, 0x33,
  0x34, 0x34, 0x35, 0x09, 0x64, 0x72, 0x69, 0x66, 0x74, 0x0a, 0x32, 0x33,
  0x34, 0x34, 0x36, 0x09, 0x64, 0x72, 0x69, 0x6c, 0x6c, 0x0a, 0x32, 0x33,
  0x34, 0x35, 0x31, 0x09, 0x64, 0x72, 0x69, 0x6e, 0x6b, 0x0a, 0x32, 0x33,
  0x34, 0x35, 0x32, 0x09, 0x64, 0x72, 0x69, 0x70, 0x0a, 0x32, 0x33, 0x34,
  0x35, 0x33, 0x09, 0x64, 0x72, 0x69, 0x76, 0x65, 0x0a, 0x32, 0x33, 0x34,
  0x35, 0x34, 0x09, 0x64, 0x72, 0x6f, 0x6c, 0x6c, 0x0a, 0x32, 0x33, 0x34,
  0x35, 0x35, 0x09, 0x64, 0x72, 0x6f, 0x6e, 0x65, 0x0a, 0x32, 0x33, 0x34,
  0x35, 0x36, 0x09, 0x64, 0x72, 0x6f, 0x6f, 0x6c, 0x0a, 0x32, 0x33, 0x34,
  0x36, 0x31, 0x09, 0x64, 0x72, 0x6f, 0x6f, 0x70, 0x0a, 0x32, 0x33, 0x34,
  0x36, 0x32, 0x09, 0x64, 0x72, 0x6f, 0x70, 0x0a, 0x32, 0x33, 0x34, 0x36,
  0x33, 0x09, 0x64, 0x72, 0x6f, 0x73, 0x73, 0x0a, 0x32, 0x33, 0x34, 0x36,
  0x34, 0x09, 0x64, 0x72, 0x6f, 0x76, 0x65, 0x0a, 0x32, 0x33, 0x34, 0x36,
  0x35, 0x09, 0x64, 0x72, 0x6f, 0x77, 0x6e, 0x0a, 0x32, 0x33, 0x34, 0x36,
  0x36, 0x09, 0x64, 0x72, 0x75, 0x62, 0x0a, 0x32, 0x33, 0x35, 0x31, 0x31,
  0x09, 0x64, 0x72, 0x75, 0x67, 0x0a, 0x32, 0x33, 0x35, 0x31, 0x32, 0x09,
  0x64, 0x72, 0x75, 0x69, 0x64, 0x0a, 0x32, 0x33, 0x35, 0x31, 0x33, 0x09,
  0x64, 0x72, 0x75, 0x6d, 0x0a, 0x32, 0x33, 0x35, 0x31, 0x34, 0x09, 0x64,
  0x72, 0x75, 0x6e, 0x6b, 0x0a, 0x32, 0x33, 0x35, 0x31, 0x35, 0x09, 0x64,
  0x72, 0x75, 0x72, 0x79, 0x0a, 0x32, 0x33, 0x35, 0x31, 0x36, 0x09, 0x64,
  0x72, 0x79, 0x0a, 0x32, 0x33, 0x35, 0x32, 0x31, 0x09, 0x64, 0x72, 0x79,
  0x61, 0x64, 0x0a, 0x32, 0x33, 0x35, 0x32, 0x32, 0x09, 0x64, 0x73, 0x0a,
  0x32, 0x33, 0x35, 0x32, 0x33, 0x09, 0x64, 0x74, 0x0a, 0x32, 0x33, 0x35,
  0x32, 0x34, 0x09, 0x64, 0x75, 0x0a, 0x32, 0x33, 0x35, 0x32, 0x35, 0x09,
  0x64, 0x75, 0x61, 0x6c, 0x0a, 0x32, 0x33, 0x35, 0x32, 0x36, 0x09, 0x64,
  0x75, 0x61, 0x6e, 0x65, 0x0a, 0x32, 0x33, 0x35, 0x33, 0x31, 0x09, 0x64,
  0x75, 0x62, 0x0a, 0x32, 0x33, 0x35, 0x33, 0x32, 0x09, 0x64, 0x75, 0x62,
  0x68, 0x65, 0x0a, 0x32, 0x33, 0x35, 0x33, 0x33, 0x09, 0x64, 0x75, 0x62,
  0x6c, 0x69, 0x6e, 0x0a, 0x32, 0x33, 0x35, 0x33, 0x34, 0x09, 0x64, 0x75,
  0x63, 0x61, 0x74, 0x0a, 0x32, 0x33, 0x35, 0x33, 0x35, 0x09, 0x64, 0x75,
  0x63, 0x6b, 0x0a, 0x32, 0x33, 0x35, 0x33, 0x36, 0x09, 0x64, 0x75, 0x63,
  0x74, 0x0a, 0x32, 0x33, 0x35, 0x34, 0x31, 0x09, 0x64, 0x75, 0x64, 0x0a,
  0x32, 0x33, 0x35, 0x34, 0x32, 0x09, 0x64, 0x75, 0x65, 0x0a, 0x32, 0x33,
  0x35, 0x34, 0x33, 0x09, 0x64, 0x75, 0x65, 0x6c, 0x0a, 0x32, 0x33, 0x35,
  0x34, 0x34, 0x09, 0x64, 0x75, 0x65, 0x74, 0x0a, 0x32, 0x33, 0x35, 0x34,
  0x35, 0x09, 0x64, 0x75, 0x66, 0x66, 0x0a, 0x32, 0x33, 0x35, 0x34, 0x36,
  0x09, 0x64, 0x75, 0x66, 0x66, 0x79, 0x0a, 0x32, 0x33, 0x35, 0x35, 0x31,
  0x09, 0x64, 0x75, 0x67, 0x0a, 0x32, 0x33, 0x35, 0x35, 0x32, 0x09, 0x64,
  0x75, 0x67, 0x61, 0x6e, 0x0a, 0x32, 0x33, 0x35, 0x35, 0x33, 0x09, 0x64,
  0x75, 0x6b, 0x65, 0x0a, 0x32, 0x33, 0x35, 0x35, 0x34, 0x09, 0x64, 0x75,
  0x6c, 0x6c, 0x0a, 0x32, 0x33, 0x35, 0x35, 0x35, 0x09, 0x64, 0x75, 0x6c,
  0x6c, 0x79, 0x0a, 0x32, 0x33, 0x35, 0x35, 0x36, 0x09, 0x64, 0x75, 0x6c,
  0x73, 0x65, 0x0a, 0x32, 0x33, 0x35, 0x36, 0x31, 0x09, 0x64, 0x75, 0x6c,
  0x79, 0x0a, 0x32, 0x33, 0x35, 0x36, 0x32, 0x09, 0x64, 0x75, 0x6d, 0x61,
  0x0a, 0x32, 0x33, 0x35, 0x36, 0x33, 0x09, 0x64, 0x75, 0x6d, 0x62, 0x0a,
  0x32, 0x33, 0x35, 0x36, 0x34, 0x09, 0x64, 0x75, 0x6d, 0x6d, 0x79, 0x0a,
  0x32, 0x33, 0x35, 0x36, 0x35, 0x09, 0x64, 0x75, 0x6d, 0x70, 0x0a, 0x32,
  0x33, 0x35, 0x36, 0x36, 0x09, 0x64, 0x75, 0x6d, 0x70, 0x79, 0x0a, 0x32,
  0x33, 0x36, 0x31, 0x31, 0x09, 0x64, 0x75, 0x6e, 0x0a, 0x32, 0x33, 0x36,
  0x31, 0x32, 0x09, 0x64, 0x75, 0x6e, 0x63, 0x65, 0x0a, 0x32, 0x33, 0x36,
  0x31, 0x33, 0x09, 0x64, 0x75, 0x6e, 0x65, 0x0a, 0x32, 0x33, 0x36, 0x31,
  0x34, 0x09, 0x64, 0x75, 0x6e, 0x67, 0x0a, 0x32, 0x33, 0x36, 0x31, 0x35,
  0x09, 0x64, 0x75, 0x6e, 0x68, 0x61, 0x6d, 0x0a, 0x32, 0x33, 0x36, 0x31,
  0x36, 0x09, 0x64, 0x75, 0x6e, 0x6b, 0x0a, 0x32, 0x33, 0x36, 0x32, 0x31,
  0x09, 0x64, 0x75, 0x6e, 0x6c, 0x6f, 0x70, 0x0a, 0x32, 0x33, 0x36, 0x32,
  0x32, 0x09, 0x64, 0x75, 0x6e, 0x6e, 0x0a, 0x32, 0x33, 0x36, 0x32, 0x33,
  0x09, 0x64, 0x75, 0x70, 0x65, 0x0a, 0x32, 0x33, 0x36, 0x32, 0x34, 0x09,
  0x64, 0x75, 0x72, 0x65, 0x72, 0x0a, 0x32, 0x33, 0x36, 0x32, 0x35, 0x09,
  0x64, 0x75, 0x73, 0x6b, 0x0a, 0x32, 0x33, 0x36, 0x32, 0x36, 0x09, 0x64,
  0x75, 0x73, 0x6b, 0x79, 0x0a, 0x32, 0x33, 0x36, 0x33, 0x31, 0x09, 0x64,
  0x75, 0x73, 0x74, 0x0a, 0x32, 0x33, 0x36, 0x33, 0x32, 0x09, 0x64, 0x75,
  0x73, 0x74, 0x79, 0x0a, 0x32, 0x33, 0x36, 0x33, 0x33, 0x09, 0x64, 0x75,
  0x74, 0x63, 0x68, 0x0a, 0x32, 0x33, 0x36, 0x33, 0x34, 0x09, 0x64, 0x75,
  0x74, 0x79, 0x0a, 0x32, 0x33, 0x36, 0x33, 0x35, 0x09, 0x64, 0x76, 0x0a,
  0x32, 0x33, 0x36, 0x33, 0x36, 0x09, 0x64, 0x77, 0x0a, 0x32, 0x33, 0x36,
  0x34, 0x31, 0x09, 0x64, 0x77, 0x61, 0x72, 0x66, 0x0a, 0x32, 0x33, 0x36,
  0x34, 0x32, 0x09, 0x64, 0x77, 0x65, 0x6c, 0x6c, 0x0a, 0x32, 0x33, 0x36,
  0x34, 0x33, 0x09, 0x64, 0x77, 0x65, 0x6c, 0x74, 0x0a, 0x32, 0x33, 0x36,
  0x34, 0x34, 0x09, 0x64, 0x77, 0x69, 0x67, 0x68, 0x74, 0x0a, 0x32, 0x33,
  0x36, 0x34, 0x35, 0x09, 0x64, 0x77, 0x79, 0x65, 0x72, 0x0a, 0x32, 0x33,
  0x36, 0x34, 0x36, 0x09, 0x64, 0x78, 0x0a, 0x32, 0x33, 0x36, 0x35, 0x31,
  0x09, 0x64, 0x79, 0x0a, 0x32, 0x33, 0x36, 0x35, 0x32, 0x09, 0x64, 0x79,
  0x61, 0x64, 0x0a, 0x32, 0x33, 0x36, 0x35, 0x33, 0x09, 0x64, 0x79, 0x65,
  0x0a, 0x32, 0x33, 0x36, 0x35, 0x34, 0x09, 0x64, 0x79, 0x65, 0x72, 0x0a,
  0x32, 0x33, 0x36, 0x35, 0x35, 0x09, 0x64, 0x79, 0x69, 0x6e, 0x67, 0x0a,
  0x32, 0x33, 0x36, 0x35, 0x36, 0x09, 0x64, 0x79, 0x6b, 0x65, 0x0a, 0x32,
  0x33, 0x36, 0x36, 0x31, 0x09, 0x64, 0x79, 0x6c, 0x61, 0x6e, 0x0a, 0x32,
  0x33, 0x36, 0x36, 0x32, 0x09, 0x64, 0x79, 0x6e, 0x65, 0x0a, 0x32, 0x33,
  0x36, 0x36, 0x33, 0x09, 0x64, 0x7a, 0x0a, 0x32, 0x33, 0x36, 0x36, 0x34,
  0x09, 0x65, 0x0a, 0x32, 0x33, 0x36, 0x36, 0x35, 0x09, 0x65, 0x27, 0x65,
  0x72, 0x0a, 0x32, 0x33, 0x36, 0x36, 0x36, 0x09, 0x65, 0x27, 0x73, 0x0a,
  0x32, 0x34, 0x31, 0x31, 0x31, 0x09, 0x65, 0x61, 0x0a, 0x32, 0x34, 0x31,
  0x31, 0x32, 0x09, 0x65, 0x61, 0x63, 0x68, 0x0a, 0x32, 0x34, 0x31, 0x31,
  0x33, 0x09, 0x65, 0x61, 0x67, 0x61, 0x6e, 0x0a, 0x32, 0x34, 0x31, 0x31,
  0x34, 0x09, 0x65, 0x61, 0x67, 0x65, 0x72, 0x0a, 0x32, 0x34, 0x31, 0x31,
  0x35, 0x09, 0x65, 0x61, 0x67, 0x6c, 0x65, 0x0a, 0x32, 0x34, 0x31, 0x31,
  0x36, 0x09, 0x65, 0x61, 0x72, 0x0a, 0x32, 0x34, 0x31, 0x32, 0x31, 0x09,
  0x65, 0x61, 0x72, 0x6c, 0x0a, 0x32, 0x34, 0x31, 0x32, 0x32, 0x09, 0x65,
  0x61, 0x72, 0x6e, 0x0a, 0x32, 0x34, 0x31, 0x32, 0x33, 0x09, 0x65, 0x61,
  0x72, 0x74, 0x68, 0x0a, 0x32, 0x34, 0x31, 0x32, 0x34, 0x09, 0x65, 0x61,
  0x73, 0x65, 0x0a, 0x32, 0x34, 0x31, 0x32, 0x35, 0x09, 0x65, 0x61, 0x73,
  0x65, 0x6c, 0x0a, 0x32, 0x34, 0x31, 0x32, 0x36, 0x09, 0x65, 0x61, 0x73,
  0x74, 0x0a, 0x32, 0x34, 0x31, 0x33, 0x31, 0x09, 0x65, 0x61, 0x73, 0x79,
  0x0a, 0x32, 0x34, 0x31, 0x33, 0x32, 0x09, 0x65, 0x61, 0x74, 0x0a, 0x32,
  0x34, 0x31, 0x33, 0x33, 0x09, 0x65, 0x61, 0x74, 0x65, 0x6e, 0x0a, 0x32,
  0x34, 0x31, 0x33, 0x34, 0x09, 0x65, 0x61, 0x74, 0x65, 0x72, 0x0a, 0x32,
  0x34, 0x31, 0x33, 0x35, 0x09, 0x65, 0x61, 0x74, 0x6f, 0x6e, 0x0a, 0x32,
  0x34, 0x31, 0x33, 0x36, 0x09, 0x65, 0x61, 0x76, 0x65, 0x0a, 0x32, 0x34,
  0x31, 0x34, 0x31, 0x09, 0x65, 0x62, 0x0a, 0x32, 0x34, 0x31, 0x34, 0x32,
  0x09, 0x65, 0x62, 0x62, 0x0a, 0x32, 0x34, 0x31, 0x34, 0x33, 0x09, 0x65,
  0x62, 0x65, 0x6e, 0x0a, 0x32, 0x34, 0x31, 0x34, 0x34, 0x09, 0x65, 0x62,
  0x6f, 0x6e, 0x79, 0x0a, 0x32, 0x34, 0x31, 0x34, 0x35, 0x09, 0x65, 0x63,
  0x0a, 0x32, 0x34, 0x31, 0x34, 0x36, 0x09, 0x65, 0x63, 0x68, 0x6f, 0x0a,
  0x32, 0x34, 0x31, 0x35, 0x31, 0x09, 0x65, 0x63, 0x6c, 0x61, 0x74, 0x0a,
  0x32, 0x34, 0x31, 0x35, 0x32, 0x09, 0x65, 0x63, 0x6f, 0x6c, 0x65, 0x0a,
  0x32, 0x34, 0x31, 0x35, 0x33, 0x09, 0x65, 0x64, 0x0a, 0x32, 0x34, 0x31,
  0x35, 0x34, 0x09, 0x65, 0x64, 0x64, 0x69, 0x65, 0x0a, 0x32, 0x34, 0x31,
  0x35, 0x35, 0x09, 0x65, 0x64, 0x64, 0x79, 0x0a, 0x32, 0x34, 0x31, 0x35,
  0x36, 0x09, 0x65, 0x64, 0x65, 0x6e, 0x0a, 0x32, 0x34, 0x31, 0x36, 0x31,
  0x09, 0x65, 0x64, 0x67, 0x61, 0x72, 0x0a, 0x32, 0x34, 0x31, 0x36, 0x32,
  0x09, 0x65, 0x64, 0x67, 0x65, 0x0a, 0x32, 0x34, 0x31, 0x36, 0x33, 0x09,
  0x65, 0x64, 0x67, 0x79, 0x0a, 0x32, 0x34, 0x31, 0x36, 0x34, 0x09, 0x65,
  0x64, 0x69, 0x63, 0x74, 0x0a, 0x32, 0x34, 0x31, 0x36, 0x35, 0x09, 0x65,
  0x64, 0x69, 0x66, 0x79, 0x0a, 0x32, 0x34, 0x31, 0x36, 0x36, 0x09, 0x65,
  0x64, 0x69, 0x74, 0x0a, 0x32, 0x34, 0x32, 0x31, 0x31, 0x09, 0x65, 0x64,
  0x69, 0x74, 0x68, 0x0a, 0x32, 0x34, 0x32, 0x31, 0x32, 0x09, 0x65, 0x64,
  0x69, 0x74, 0x6f, 0x72, 0x0a, 0x32, 0x34, 0x32, 0x31, 0x33, 0x09, 0x65,
  0x64, 0x6e, 0x61, 0x0a, 0x32, 0x34, 0x32, 0x31, 0x34, 0x09, 0x65, 0x64,
  0x74, 0x0a, 0x32, 0x34, 0x32, 0x31, 0x35, 0x09, 0x65, 0x64, 0x77, 0x69,
  0x6e, 0x0a, 0x32, 0x34, 0x32, 0x31, 0x36, 0x09, 0x65, 0x65, 0x0a, 0x32,
  0x34, 0x32, 0x32, 0x31, 0x09, 0x65, 0x65, 0x65, 0x0a, 0x32, 0x34, 0x32,
  0x32, 0x32, 0x09, 0x65, 0x65, 0x65, 0x65, 0x0a, 0x32, 0x34, 0x32, 0x32,
  0x33, 0x09, 0x65, 0x65, 0x6c, 0x0a, 0x32, 0x34, 0x32, 0x32, 0x34, 0x09,
  0x65, 0x65, 0x6f, 0x63, 0x0a, 0x32, 0x34, 0x32, 0x32, 0x35, 0x09, 0x65,
  0x65, 0x72, 0x69, 0x65, 0x0a, 0x32, 0x34, 0x32, 0x32, 0x36, 0x09, 0x65,
  0x66, 0x0a, 0x32, 0x34, 0x32, 0x33, 0x31, 0x09, 0x65, 0x66, 0x66, 0x61,
  0x63, 0x65, 0x0a, 0x32, 0x34, 0x32, 0x33, 0x32, 0x09, 0x65, 0x66, 0x66,
  0x69, 0x65, 0x0a, 0x32, 0x34, 0x32, 0x33, 0x33, 0x09, 0x65, 0x66, 0x67,
  0x0a, 0x32, 0x34, 0x32, 0x33, 0x34, 0x09, 0x65, 0x66, 0x74, 0x0a, 0x32,
  0x34, 0x32, 0x33, 0x35, 0x09, 0x65, 0x67, 0x0a, 0x32, 0x34, 0x32, 0x33,
  0x36, 0x09, 0x65, 0x67, 0x61, 0x6e, 0x0a, 0x32, 0x34, 0x32, 0x34, 0x31,
  0x09, 0x65, 0x67, 0x67, 0x0a, 0x32, 0x34, 0x32, 0x34, 0x32, 0x09, 0x65,
  0x67, 0x6f, 0x0a, 0x32, 0x34, 0x32, 0x34, 0x33, 0x09, 0x65, 0x67, 0x72,
  0x65, 0x73, 0x73, 0x0a, 0x32, 0x34, 0x32, 0x34, 0x34, 0x09, 0x65, 0x67,
  0x72, 0x65, 0x74, 0x0a, 0x32, 0x34, 0x32, 0x34, 0x35, 0x09, 0x65, 0x67,
  0x79, 0x70, 0x74, 0x0a, 0x32, 0x34, 0x32, 0x34, 0x36, 0x09, 0x65, 0x68,
  0x0a, 0x32, 0x34, 0x32, 0x35, 0x31, 0x09, 0x65, 0x69, 0x0a, 0x32, 0x34,
  0x32, 0x35, 0x32, 0x09, 0x65, 0x69, 0x64, 0x65, 0x72, 0x0a, 0x32, 0x34,
  0x32, 0x35, 0x33, 0x09, 0x65, 0x69, 0x67, 0x68, 0x74, 0x0a, 0x32, 0x34,
  0x32, 0x35, 0x34, 0x09, 0x65, 0x69, 0x72, 0x65, 0x0a, 0x32, 0x34, 0x32,
  0x35, 0x35, 0x09, 0x65, 0x6a, 0x0a, 0x32, 0x34, 0x32, 0x35, 0x36, 0x09,
  0x65, 0x6a, 0x65, 0x63, 0x74, 0x0a, 0x32, 0x34, 0x32, 0x36, 0x31, 0x09,
  0x65, 0x6b, 0x0a, 0x32, 0x34, 0x32, 0x36, 0x32, 0x09, 0x65, 0x6b, 0x65,
  0x0a, 0x32, 0x34, 0x32, 0x36, 0x33, 0x09, 0x65, 0x6c, 0x0a, 0x32, 0x34,
  0x32, 0x36, 0x34, 0x09, 0x65, 0x6c, 0x61, 0x6e, 0x0a, 0x32, 0x34, 0x32,
  0x36, 0x35, 0x09, 0x65, 0x6c, 0x61, 0x74, 0x65, 0x0a, 0x32, 0x34, 0x32,
  0x36, 0x36, 0x09, 0x65, 0x6c, 0x62, 0x61, 0x0a, 0x32, 0x34, 0x33, 0x31,
  0x31, 0x09, 0x65, 0x6c, 0x62, 0x6f, 0x77, 0x0a, 0x32, 0x34, 0x33, 0x31,
  0x32, 0x09, 0x65, 0x6c, 0x64, 0x65, 0x72, 0x0a, 0x32, 0x34, 0x33, 0x31,
  0x33, 0x09, 0x65, 0x6c, 0x64, 0x6f, 0x6e, 0x0a, 0x32, 0x34, 0x33, 0x31,
  0x34, 0x09, 0x65, 0x6c, 0x65, 0x63, 0x74, 0x0a, 0x32, 0x34, 0x33, 0x31,
  0x35, 0x09, 0x65, 0x6c, 0x65, 0x67, 0x79, 0x0a, 0x32, 0x34, 0x33, 0x31,
  0x36, 0x09, 0x65, 0x6c, 0x65, 0x6e, 0x61, 0x0a, 0x32, 0x34, 0x33, 0x32,
  0x31, 0x09, 0x65, 0x6c, 0x65, 0x76, 0x65, 0x6e, 0x0a, 0x32, 0x34, 0x33,
  0x32, 0x32, 0x09, 0x65, 0x6c, 0x66, 0x69, 0x6e, 0x0a, 0x32, 0x34, 0x33,
  0x32, 0x33, 0x09, 0x65, 0x6c, 0x67, 0x69, 0x6e, 0x0a, 0x32, 0x34, 0x33,
  0x32, 0x34, 0x09, 0x65, 0x6c, 0x69, 0x0a, 0x32, 0x34, 0x33, 0x32, 0x35,
  0x09, 0x65, 0x6c, 0x69, 0x64, 0x65, 0x0a, 0x32, 0x34, 0x33, 0x32, 0x36,
  0x09, 0x65, 0x6c, 0x69, 0x6f, 0x74, 0x0a, 0x32, 0x34, 0x33, 0x33, 0x31,
  0x09, 0x65, 0x6c, 0x69, 0x74, 0x65, 0x0a, 0x32, 0x34, 0x33, 0x33, 0x32,
  0x09, 0x65, 0x6c, 0x6b, 0x0a, 0x32, 0x34, 0x33, 0x33, 0x33, 0x09, 0x65,
  0x6c, 0x6c, 0x0a, 0x32, 0x34, 0x33, 0x33, 0x34, 0x09, 0x65, 0x6c, 0x6c,
  0x61, 0x0a, 0x32, 0x34, 0x33, 0x33, 0x35, 0x09, 0x65, 0x6c, 0x6c, 0x65,
  0x6e, 0x0a, 0x32, 0x34, 0x33, 0x33, 0x36, 0x09, 0x65, 0x6c, 0x6c, 0x69,
  0x73, 0x0a, 0x32, 0x34, 0x33, 0x34, 0x31, 0x09, 0x65, 0x6c, 0x6d, 0x0a,
  0x32, 0x34, 0x33, 0x34, 0x32, 0x09, 0x65, 0x6c, 0x6d, 0x65, 0x72, 0x0a,
  0x32, 0x34, 0x33, 0x34, 0x33, 0x09, 0x65, 0x6c, 0x6f, 0x70, 0x65, 0x0a,
  0x32, 0x34, 0x33, 0x34, 0x34, 0x09, 0x65, 0x6c, 0x73, 0x65, 0x0a, 0x32,
  0x34, 0x33, 0x34, 0x35, 0x09, 0x65, 0x6c, 0x73, 0x69, 0x65, 0x0a, 0x32,
  0x34, 0x33, 0x34, 0x36, 0x09, 0x65, 0x6c, 0x74, 0x6f, 0x6e, 0x0a, 0x32,
  0x34, 0x33, 0x35, 0x31, 0x09, 0x65, 0x6c, 0x75, 0x64, 0x65, 0x0a, 0x32,
  0x34, 0x33, 0x35, 0x32, 0x09, 0x65, 0x6c, 0x75, 0x74, 0x65, 0x0a, 0x32,
  0x34, 0x33, 0x35, 0x33, 0x09, 0x65, 0x6c, 0x76, 0x65, 0x73, 0x0a, 0x32,
  0x34, 0x33, 0x35, 0x34, 0x09, 0x65, 0x6c, 0x79, 0x0a, 0x32, 0x34, 0x33,
  0x35, 0x35, 0x09, 0x65, 0x6d, 0x0a, 0x32, 0x34, 0x33, 0x35, 0x36, 0x09,
  0x65, 0x6d, 0x62, 0x61, 0x6c, 0x6d, 0x0a, 0x32, 0x34, 0x33, 0x36, 0x31,
  0x09, 0x65, 0x6d, 0x62, 0x61, 0x72, 0x6b, 0x0a, 0x32, 0x34, 0x33, 0x36,
  0x32, 0x09, 0x65, 0x6d, 0x62, 0x65, 0x64, 0x0a, 0x32, 0x34, 0x33, 0x36,
  0x33, 0x09, 0x65, 0x6d, 0x62, 0x65, 0x72, 0x0a, 0x32, 0x34, 0x33, 0x36,
  0x34, 0x09, 0x65, 0x6d, 0x63, 0x65, 0x65, 0x0a, 0x32, 0x34, 0x33, 0x36,
  0x35, 0x09, 0x65, 0x6d, 0x65, 0x72, 0x79, 0x0a, 0x32, 0x34, 0x33, 0x36,
  0x36, 0x09, 0x65, 0x6d, 0x69, 0x6c, 0x0a, 0x32, 0x34, 0x34, 0x31, 0x31,
  0x09, 0x65, 0x6d, 0x69, 0x6c, 0x65, 0x0a, 0x32, 0x34, 0x34, 0x31, 0x32,
  0x09, 0x65, 0x6d, 0x69, 0x6c, 0x79, 0x0a, 0x32, 0x34, 0x34, 0x31, 0x33,
  0x09, 0x65, 0x6d, 0x69, 0x74, 0x0a, 0x32, 0x34, 0x34, 0x31, 0x34, 0x09,
  0x65, 0x6d, 0x6d, 0x61, 0x0a, 0x32, 0x34, 0x34, 0x31, 0x35, 0x09, 0x65,
  0x6d, 0x6f, 0x72, 0x79, 0x0a, 0x32, 0x34, 0x34, 0x31, 0x36, 0x09, 0x65,
  0x6d, 0x70, 0x74, 0x79, 0x0a, 0x32, 0x34, 0x34, 0x32, 0x31, 0x09, 0x65,
  0x6e, 0x0a, 0x32, 0x34, 0x34, 0x32, 0x32, 0x09, 0x65, 0x6e, 0x61, 0x63,
  0x74, 0x0a, 0x32, 0x34, 0x34, 0x32, 0x33, 0x09, 0x65, 0x6e, 0x61, 0x6d,
  0x65, 0x6c, 0x0a, 0x32, 0x34, 0x34, 0x32, 0x34, 0x09, 0x65, 0x6e, 0x64,
  0x0a, 0x32, 0x34, 0x34, 0x32, 0x35, 0x09, 0x65, 0x6e, 0x64, 0x6f, 0x77,
  0x0a, 0x32, 0x34, 0x34, 0x32, 0x36, 0x09, 0x65, 0x6e, 0x65, 0x6d, 0x79,
  0x0a, 0x32, 0x34, 0x34, 0x33, 0x31, 0x09, 0x65, 0x6e, 0x67, 0x0a, 0x32,
  0x34, 0x34, 0x33, 0x32, 0x09, 0x65, 0x6e, 0x67, 0x65, 0x6c, 0x0a, 0x32,
  0x34, 0x34, 0x33, 0x33, 0x09, 0x65, 0x6e, 0x67, 0x6c, 0x65, 0x0a, 0x32,
  0x34, 0x34, 0x33, 0x34, 0x09, 0x65, 0x6e, 0x67, 0x75, 0x6c, 0x66, 0x0a,
  0x32, 0x34, 0x34, 0x33, 0x35, 0x09, 0x65, 0x6e, 0x69, 0x64, 0x0a, 0x32,
  0x34, 0x34, 0x33, 0x36, 0x09, 0x65, 0x6e, 0x6a, 0x6f, 0x79, 0x0a, 0x32,
  0x34, 0x34, 0x34, 0x31, 0x09, 0x65, 0x6e, 0x6d, 0x69, 0x74, 0x79, 0x0a,
  0x32, 0x34, 0x34, 0x34, 0x32, 0x09, 0x65, 0x6e, 0x6f, 0x63, 0x68, 0x0a,
  0x32, 0x34, 0x34, 0x34, 0x33, 0x09, 0x65, 0x6e, 0x6f, 0x6c, 0x0a, 0x32,
  0x34, 0x34, 0x34, 0x34, 0x09, 0x65, 0x6e, 0x6f, 0x73, 0x0a, 0x32, 0x34,
  0x34, 0x34, 0x35, 0x09, 0x65, 0x6e, 0x72, 0x69, 0x63, 0x6f, 0x0a, 0x32,
  0x34, 0x34, 0x34, 0x36, 0x09, 0x65, 0x6e, 0x73, 0x75, 0x65, 0x0a, 0x32,
  0x34, 0x34, 0x35, 0x31, 0x09, 0x65, 0x6e, 0x74, 0x65, 0x72, 0x0a, 0x32,
  0x34, 0x34, 0x35, 0x32, 0x09, 0x65, 0x6e, 0x74, 0x72, 0x61, 0x70, 0x0a,
  0x32, 0x34, 0x34, 0x35, 0x33, 0x09, 0x65, 0x6e, 0x74, 0x72, 0x79, 0x0a,
  0x32, 0x34, 0x34, 0x35, 0x34, 0x09, 0x65, 0x6e, 0x76, 0x6f, 0x79, 0x0a,
  0x32, 0x34, 0x34, 0x35, 0x35, 0x09, 0x65, 0x6e, 0x76, 0x79, 0x0a, 0x32,
  0x34, 0x34, 0x35, 0x36, 0x09, 0x65, 0x6f, 0x0a, 0x32, 0x34, 0x34, 0x36,
  0x31, 0x09, 0x65, 0x70, 0x0a, 0x32, 0x34, 0x34, 0x36, 0x32, 0x09, 0x65,
  0x70, 0x61, 0x0a, 0x32, 0x34, 0x34, 0x36, 0x33, 0x09, 0x65, 0x70, 0x69,
  0x63, 0x0a, 0x32, 0x34, 0x34, 0x36, 0x34, 0x09, 0x65, 0x70, 0x6f, 0x63,
  0x68, 0x0a, 0x32, 0x34, 0x34, 0x36, 0x35, 0x09, 0x65, 0x70, 0x6f, 0x78,
  0x79, 0x0a, 0x32, 0x34, 0x34, 0x36, 0x36, 0x09, 0x65, 0x70, 0x73, 0x6f,
  0x6d, 0x0a, 0x32, 0x34, 0x35, 0x31, 0x31, 0x09, 0x65, 0x71, 0x0a, 0x32,
  0x34, 0x35, 0x31, 0x32, 0x09, 0x65, 0x71, 0x75, 0x61, 0x6c, 0x0a, 0x32,
  0x34, 0x35, 0x31, 0x33, 0x09, 0x65, 0x71, 0x75, 0x69, 0x70, 0x0a, 0x32,
  0x34, 0x35, 0x31, 0x34, 0x09, 0x65, 0x72, 0x0a, 0x32, 0x34, 0x35, 0x31,
  0x35, 0x09, 0x65, 0x72, 0x61, 0x0a, 0x32, 0x34, 0x35, 0x31, 0x36, 0x09,
  0x65, 0x72, 0x61, 0x73, 0x65, 0x0a, 0x32, 0x34, 0x35, 0x32, 0x31, 0x09,
  0x65, 0x72, 0x61, 0x74, 0x6f, 0x0a, 0x32, 0x34, 0x35, 0x32, 0x32, 0x09,
  0x65, 0x72, 0x64, 0x61, 0x0a, 0x32, 0x34, 0x35, 0x32, 0x33, 0x09, 0x65,
  0x72, 0x65, 0x0a, 0x32, 0x34, 0x35, 0x32, 0x34, 0x09, 0x65, 0x72, 0x65,
  0x63, 0x74, 0x0a, 0x32, 0x34, 0x35, 0x32, 0x35, 0x09, 0x65, 0x72, 0x67,
  0x0a, 0x32, 0x34, 0x35, 0x32, 0x36, 0x09, 0x65, 0x72, 0x69, 0x63, 0x0a,
  0x32, 0x34, 0x35, 0x33, 0x31, 0x09, 0x65, 0x72, 0x69, 0x63, 0x68, 0x0a,
  0x32, 0x34, 0x35, 0x33, 0x32, 0x09, 0x65, 0x72, 0x69, 0x65, 0x0a, 0x32,
  0x34, 0x35, 0x33, 0x33, 0x09, 0x65, 0x72, 0x69, 0x6b, 0x0a, 0x32, 0x34,
  0x35, 0x33, 0x34, 0x09, 0x65, 0x72, 0x6e, 0x65, 0x73, 0x74, 0x0a, 0x32,
  0x34, 0x35, 0x33, 0x35, 0x09, 0x65, 0x72, 0x6e, 0x69, 0x65, 0x0a, 0x32,
  0x34, 0x35, 0x33, 0x36, 0x09, 0x65, 0x72, 0x6e, 0x73, 0x74, 0x0a, 0x32,
  0x34, 0x35, 0x34, 0x31, 0x09, 0x65, 0x72, 0x6f, 0x64, 0x65, 0x0a, 0x32,
  0x34, 0x35, 0x34, 0x32, 0x09, 0x65, 0x72, 0x6f, 0x73, 0x0a, 0x32, 0x34,
  0x35, 0x34, 0x33, 0x09, 0x65, 0x72, 0x72, 0x0a, 0x32, 0x34, 0x35, 0x34,
  0x34, 0x09, 0x65, 0x72, 0x72, 0x61, 0x6e, 0x64, 0x0a, 0x32, 0x34, 0x35,
  0x34, 0x35, 0x09, 0x65, 0x72, 0x72, 0x6f, 0x6c, 0x0a, 0x32, 0x34, 0x35,
  0x34, 0x36, 0x09, 0x65, 0x72, 0x72, 0x6f, 0x72, 0x0a, 0x32, 0x34, 0x35,
  0x35, 0x31, 0x09, 0x65, 0x72, 0x75, 0x70, 0x74, 0x0a, 0x32, 0x34, 0x35,
  0x35, 0x32, 0x09, 0x65, 0x72, 0x76, 0x69, 0x6e, 0x0a, 0x32, 0x34, 0x35,
  0x35, 0x33, 0x09, 0x65, 0x72, 0x77, 0x69, 0x6e, 0x0a, 0x32, 0x34, 0x35,
  0x35, 0x34, 0x09, 0x65, 0x73, 0x0a, 0x32, 0x34, 0x35, 0x35, 0x35, 0x09,
  0x65, 0x73, 0x73, 0x61, 0x79, 0x0a, 0x32, 0x34, 0x35, 0x35, 0x36, 0x09,
  0x65, 0x73, 0x73, 0x65, 0x6e, 0x0a, 0x32, 0x34, 0x35, 0x36, 0x31, 0x09,
  0x65, 0x73, 0x73, 0x65, 0x78, 0x0a, 0x32, 0x34, 0x35, 0x36, 0x32, 0x09,
  0x65, 0x73, 0x74, 0x0a, 0x32, 0x34, 0x35, 0x36, 0x33, 0x09, 0x65, 0x73,
  0x74, 0x65, 0x72, 0x0a, 0x32, 0x34, 0x35, 0x36, 0x34, 0x09, 0x65, 0x73,
  0x74, 0x65, 0x73, 0x0a, 0x32, 0x34, 0x35, 0x36, 0x35, 0x09, 0x65, 0x73,
  0x74, 0x6f, 0x70, 0x0a, 0x32, 0x34, 0x35, 0x36, 0x36, 0x09, 0x65, 0x74,
  0x0a, 0x32, 0x34, 0x36, 0x31, 0x31, 0x09, 0x65, 0x74, 0x61, 0x0a, 0x32,
  0x34, 0x36, 0x31, 0x32, 0x09, 0x65, 0x74, 0x63, 0x0a, 0x32, 0x34, 0x36,
  0x31, 0x33, 0x09, 0x65, 0x74, 0x63, 0x68, 0x0a, 0x32, 0x34, 0x36, 0x31,
  0x34, 0x09, 0x65, 0x74, 0x68, 0x61, 0x6e, 0x0a, 0x32, 0x34, 0x36, 0x31,
  0x35, 0x09, 0x65, 0x74, 0x68, 0x65, 0x6c, 0x0a, 0x32, 0x34, 0x36, 0x31,
  0x36, 0x09, 0x65, 0x74, 0x68, 0x65, 0x72, 0x0a, 0x32, 0x34, 0x36, 0x32,
  0x31, 0x09, 0x65, 0x74, 0x68, 0x69, 0x63, 0x0a, 0x32, 0x34, 0x36, 0x32,
  0x32, 0x09, 0x65, 0x74, 0x68, 0x6f, 0x73, 0x0a, 0x32, 0x34, 0x36, 0x32,
  0x33, 0x09, 0x65, 0x74, 0x68, 0x79, 0x6c, 0x0a, 0x32, 0x34, 0x36, 0x32,
  0x34, 0x09, 0x65, 0x74, 0x75, 0x64, 0x65, 0x0a, 0x32, 0x34, 0x36, 0x32,
  0x35, 0x09, 0x65, 0x75, 0x0a, 0x32, 0x34, 0x36, 0x32, 0x36, 0x09, 0x65,
  0x75, 0x63, 0x72, 0x65, 0x0a, 0x32, 0x34, 0x36, 0x33, 0x31, 0x09, 0x65,
  0x75, 0x6c, 0x65, 0x72, 0x0a, 0x32, 0x34, 0x36, 0x33, 0x32, 0x09, 0x65,
  0x75, 0x72, 0x65, 0x6b, 0x61, 0x0a, 0x32, 0x34, 0x36, 0x33, 0x33, 0x09,
  0x65, 0x76, 0x0a, 0x32, 0x34, 0x36, 0x33, 0x34, 0x09, 0x65, 0x76, 0x61,
  0x0a, 0x32, 0x34, 0x36, 0x33, 0x35, 0x09, 0x65, 0x76, 0x61, 0x64, 0x65,
  0x0a, 0x32, 0x34, 0x36, 0x33, 0x36, 0x09, 0x65, 0x76, 0x61, 0x6e, 0x73,
  0x0a, 0x32, 0x34, 0x36, 0x34, 0x31, 0x09, 0x65, 0x76, 0x65, 0x0a, 0x32,
  0x34, 0x36, 0x34, 0x32, 0x09, 0x65, 0x76, 0x65, 0x6e, 0x0a, 0x32, 0x34,
  0x36, 0x34, 0x33, 0x09, 0x65, 0x76, 0x65, 0x6e, 0x74, 0x0a, 0x32, 0x34,
  0x36, 0x34, 0x34, 0x09, 0x65, 0x76, 0x65, 0x72, 0x79, 0x0a, 0x32, 0x34,
  0x36, 0x34, 0x35, 0x09, 0x65, 0x76, 0x69, 0x63, 0x74, 0x0a, 0x32, 0x34,
  0x36, 0x34, 0x36, 0x09, 0x65, 0x76, 0x69, 0x6c, 0x0a, 0x32, 0x34, 0x36,
  0x35, 0x31, 0x09, 0x65, 0x76, 0x6f, 0x6b, 0x65, 0x0a, 0x32, 0x34, 0x36,
  0x35, 0x32, 0x09, 0x65, 0x76, 0x6f, 0x6c, 0x76, 0x65, 0x0a, 0x32, 0x34,
  0x36, 0x35, 0x33, 0x09, 0x65, 0x77, 0x0a, 0x32, 0x34, 0x36, 0x35, 0x34,
  0x09, 0x65, 0x77, 0x65, 0x0a, 0x32, 0x34, 0x36, 0x35, 0x35, 0x09, 0x65,
  0x77, 0x69, 0x6e, 0x67, 0x0a, 0x32, 0x34, 0x36, 0x35, 0x36, 0x09, 0x65,
  0x78, 0x0a, 0x32, 0x34, 0x36, 0x36, 0x31, 0x09, 0x65, 0x78, 0x61, 0x63,
  0x74, 0x0a, 0x32, 0x34, 0x36, 0x36, 0x32, 0x09, 0x65, 0x78, 0x61, 0x6c,
  0x74, 0x0a, 0x32, 0x34, 0x36, 0x36, 0x33, 0x09, 0x65, 0x78, 0x61, 0x6d,
  0x0a, 0x32, 0x34, 0x36, 0x36, 0x34, 0x09, 0x65, 0x78, 0x63, 0x65, 0x6c,
  0x0a, 0x32, 0x34, 0x36, 0x36, 0x35, 0x09, 0x65, 0x78, 0x63, 0x65, 0x73,
  0x73, 0x0a, 0x32, 0x34, 0x36, 0x36, 0x36, 0x09, 0x65, 0x78, 0x65, 0x72,
  0x74, 0x0a, 0x32, 0x35, 0x31, 0x31, 0x31, 0x09, 0x65, 0x78, 0x69, 0x6c,
  0x65, 0x0a, 0x32, 0x35, 0x31, 0x31, 0x32, 0x09, 0x65, 0x78, 0x69, 0x73,
  0x74, 0x0a, 0x32, 0x35, 0x31, 0x31, 0x33, 0x09, 0x65, 0x78, 0x69, 0x74,
  0x0a, 0x32, 0x35, 0x31, 0x31, 0x34, 0x09, 0x65, 0x78, 0x6f, 0x64, 0x75,
  0x73, 0x0a, 0x32, 0x35, 0x31, 0x31, 0x35, 0x09, 0x65, 0x78, 0x70, 0x65,
  0x6c, 0x0a, 0x32, 0x35, 0x31, 0x31, 0x36, 0x09, 0x65, 0x78, 0x74, 0x61,
  0x6e, 0x74, 0x0a, 0x32, 0x35, 0x31, 0x32, 0x31, 0x09, 0x65, 0x78, 0x74,
  0x65, 0x6e, 0x74, 0x0a, 0x32, 0x35, 0x31, 0x32, 0x32, 0x09, 0x65, 0x78,
  0x74, 0x6f, 0x6c, 0x0a, 0x32, 0x35, 0x31, 0x32, 0x33, 0x09, 0x65, 0x78,
  0x74, 0x72, 0x61, 0x0a, 0x32, 0x35, 0x31, 0x32, 0x34, 0x09, 0x65, 0x78,
  0x75, 0x64, 0x65, 0x0a, 0x32, 0x35, 0x31, 0x32, 0x35, 0x09, 0x65, 0x78,
  0x75, 0x6c, 0x74, 0x0a, 0x32, 0x35, 0x31, 0x32, 0x36, 0x09, 0x65, 0x78,
  0x78, 0x6f, 0x6e, 0x0a, 0x32, 0x35, 0x31, 0x33, 0x31, 0x09, 0x65, 0x79,
  0x0a, 0x32, 0x35, 0x31, 0x33, 0x32, 0x09, 0x65, 0x79, 0x65, 0x0a, 0x32,
  0x35, 0x31, 0x33, 0x33, 0x09, 0x65, 0x79, 0x65, 0x64, 0x0a, 0x32, 0x35,
  0x31, 0x33, 0x34, 0x09, 0x65, 0x7a, 0x0a, 0x32, 0x35, 0x31, 0x33, 0x35,
  0x09, 0x65, 0x7a, 0x72, 0x61, 0x0a, 0x32, 0x35, 0x31, 0x33, 0x36, 0x09,
  0x66, 0x0a, 0x32, 0x35, 0x31, 0x34, 0x31, 0x09, 0x66, 0x27, 0x73, 0x0a,
  0x32, 0x35, 0x31, 0x34, 0x32, 0x09, 0x66, 0x61, 0x0a, 0x32, 0x35, 0x31,
  0x34, 0x33, 0x09, 0x66, 0x61, 0x61, 0x0a, 0x32, 0x35, 0x31, 0x34, 0x34,
  0x09, 0x66, 0x61, 0x62, 0x65, 0x72, 0x0a, 0x32, 0x35, 0x31, 0x34, 0x35,
  0x09, 0x66, 0x61, 0x62, 0x6c, 0x65, 0x0a, 0x32, 0x35, 0x31, 0x34, 0x36,
  0x09, 0x66, 0x61, 0x63, 0x65, 0x0a, 0x32, 0x35, 0x31, 0x35, 0x31, 0x09,
  0x66, 0x61, 0x63, 0x65, 0x74, 0x0a, 0x32, 0x35, 0x31, 0x35, 0x32, 0x09,
  0x66, 0x61, 0x63, 0x69, 0x6c, 0x65, 0x0a, 0x32, 0x35, 0x31, 0x35, 0x33,
  0x09, 0x66, 0x61, 0x63, 0x74, 0x0a, 0x32, 0x35, 0x31, 0x35, 0x34, 0x09,
  0x66, 0x61, 0x63, 0x74, 0x6f, 0x0a, 0x32, 0x35, 0x31, 0x35, 0x35, 0x09,
  0x66, 0x61, 0x64, 0x0a, 0x32, 0x35, 0x31, 0x35, 0x36, 0x09, 0x66, 0x61,
  0x64, 0x65, 0x0a, 0x32, 0x35, 0x31, 0x36, 0x31, 0x09, 0x66, 0x61, 0x65,
  0x72, 0x79, 0x0a, 0x32, 0x35, 0x31, 0x36, 0x32, 0x09, 0x66, 0x61, 0x67,
  0x0a, 0x32, 0x35, 0x31, 0x36, 0x33, 0x09, 0x66, 0x61, 0x68, 0x65, 0x79,
  0x0a, 0x32, 0x35, 0x31, 0x36, 0x34, 0x09, 0x66, 0x61, 0x69, 0x6c, 0x0a,
  0x32, 0x35, 0x31, 0x36, 0x35, 0x09, 0x66, 0x61, 0x69, 0x6e, 0x0a, 0x32,
  0x35, 0x31, 0x36, 0x36, 0x09, 0x66, 0x61, 0x69, 0x6e, 0x74, 0x0a, 0x32,
  0x35, 0x32, 0x31, 0x31, 0x09, 0x66, 0x61, 0x69, 0x72, 0x0a, 0x32, 0x35,
  0x32, 0x31, 0x32, 0x09, 0x66, 0x61, 0x69, 0x72, 0x79, 0x0a, 0x32, 0x35,
  0x32, 0x31, 0x33, 0x09, 0x66, 0x61, 0x69, 0x74, 0x68, 0x0a, 0x32, 0x35,
  0x32, 0x31, 0x34, 0x09, 0x66, 0x61, 0x6b, 0x65, 0x0a, 0x32, 0x35, 0x32,
  0x31, 0x35, 0x09, 0x66, 0x61, 0x6c, 0x6c, 0x0a, 0x32, 0x35, 0x32, 0x31,
  0x36, 0x09, 0x66, 0x61, 0x6c, 0x73, 0x65, 0x0a, 0x32, 0x35, 0x32, 0x32,
  0x31, 0x09, 0x66, 0x61, 0x6d, 0x65, 0x0a, 0x32, 0x35, 0x32, 0x32, 0x32,
  0x09, 0x66, 0x61, 0x6e, 0x0a, 0x32, 0x35, 0x32, 0x32, 0x33, 0x09, 0x66,
  0x61, 0x6e, 0x63, 0x79, 0x0a, 0x32, 0x35, 0x32, 0x32, 0x34, 0x09, 0x66,
  0x61, 0x6e, 0x67, 0x0a, 0x32, 0x35, 0x32, 0x32, 0x35, 0x09, 0x66, 0x61,
  0x6e, 0x6e, 0x79, 0x0a, 0x32, 0x35, 0x32, 0x32, 0x36, 0x09, 0x66, 0x61,
  0x6e, 0x6f, 0x75, 0x74, 0x0a, 0x32, 0x35, 0x32, 0x33, 0x31, 0x09, 0x66,
  0x61, 0x72, 0x0a, 0x32, 0x35, 0x32, 0x33, 0x32, 0x09, 0x66, 0x61, 0x72,
  0x61, 0x64, 0x0a, 0x32, 0x35, 0x32, 0x33, 0x33, 0x09, 0x66, 0x61, 0x72,
  0x63, 0x65, 0x0a, 0x32, 0x35, 0x32, 0x33, 0x34, 0x09, 0x66, 0x61, 0x72,
  0x65, 0x0a, 0x32, 0x35, 0x32, 0x33, 0x35, 0x09, 0x66, 0x61, 0x72, 0x67,
  0x6f, 0x0a, 0x32, 0x35, 0x32, 0x33, 0x36, 0x09, 0x66, 0x61, 0x72, 0x6c,
  0x65, 0x79, 0x0a, 0x32, 0x35, 0x32, 0x34, 0x31, 0x09, 0x66, 0x61, 0x72,
  0x6d, 0x0a, 0x32, 0x35, 0x32, 0x34, 0x32, 0x09, 0x66, 0x61, 0x72, 0x6f,
  0x0a, 0x32, 0x35, 0x32, 0x34, 0x33, 0x09, 0x66, 0x61, 0x73, 0x74, 0x0a,
  0x32, 0x35, 0x32, 0x34, 0x34, 0x09, 0x66, 0x61, 0x74, 0x0a, 0x32, 0x35,
  0x32, 0x34, 0x35, 0x09, 0x66, 0x61, 0x74, 0x61, 0x6c, 0x0a, 0x32, 0x35,
  0x32, 0x34, 0x36, 0x09, 0x66, 0x61, 0x74, 0x65, 0x0a, 0x32, 0x35, 0x32,
  0x35, 0x31, 0x09, 0x66, 0x61, 0x74, 0x74, 0x79, 0x0a, 0x32, 0x35, 0x32,
  0x35, 0x32, 0x09, 0x66, 0x61, 0x75, 0x6c, 0x74, 0x0a, 0x32, 0x35, 0x32,
  0x35, 0x33, 0x09, 0x66, 0x61, 0x75, 0x6e, 0x0a, 0x32, 0x35, 0x32, 0x35,
  0x34, 0x09, 0x66, 0x61, 0x75, 0x6e, 0x61, 0x0a, 0x32, 0x35, 0x32, 0x35,
  0x35, 0x09, 0x66, 0x61, 0x75, 0x73, 0x74, 0x0a, 0x32, 0x35, 0x32, 0x35,
  0x36, 0x09, 0x66, 0x61, 0x77, 0x6e, 0x0a, 0x32, 0x35, 0x32, 0x36, 0x31,
  0x09, 0x66, 0x61, 0x79, 0x0a, 0x32, 0x35, 0x32, 0x36, 0x32, 0x09, 0x66,
  0x61, 0x7a, 0x65, 0x0a, 0x32, 0x35, 0x32, 0x36, 0x33, 0x09, 0x66, 0x62,
  0x0a, 0x32, 0x35, 0x32, 0x36, 0x34, 0x09, 0x66, 0x62, 0x69, 0x0a, 0x32,
  0x35, 0x32, 0x36, 0x35, 0x09, 0x66, 0x63, 0x0a, 0x32, 0x35, 0x32, 0x36,
  0x36, 0x09, 0x66, 0x63, 0x63, 0x0a, 0x32, 0x35, 0x33, 0x31, 0x31, 0x09,
  0x66, 0x64, 0x0a, 0x32, 0x35, 0x33, 0x31, 0x32, 0x09, 0x66, 0x64, 0x61,
  0x0a, 0x32, 0x35, 0x33, 0x31, 0x33, 0x09, 0x66, 0x65, 0x0a, 0x32, 0x35,
  0x33, 0x31, 0x34, 0x09, 0x66, 0x65, 0x61, 0x72, 0x0a, 0x32, 0x35, 0x33,
  0x31, 0x35, 0x09, 0x66, 0x65, 0x61, 0x73, 0x74, 0x0a, 0x32, 0x35, 0x33,
  0x31, 0x36, 0x09, 0x66, 0x65, 0x61, 0x74, 0x0a, 0x32, 0x35, 0x33, 0x32,
  0x31, 0x09, 0x66, 0x65, 0x62, 0x0a, 0x32, 0x35, 0x33, 0x32, 0x32, 0x09,
  0x66, 0x65, 0x64, 0x0a, 0x32, 0x35, 0x33, 0x32, 0x33, 0x09, 0x66, 0x65,
  0x65, 0x0a, 0x32, 0x35, 0x33, 0x32, 0x34, 0x09, 0x66, 0x65, 0x65, 0x64,
  0x0a, 0x32, 0x35, 0x33, 0x32, 0x35, 0x09, 0x66, 0x65, 0x65, 0x6c, 0x0a,
  0x32, 0x35, 0x33, 0x32, 0x36, 0x09, 0x66, 0x65, 0x65, 0x74, 0x0a, 0x32,
  0x35, 0x33, 0x33, 0x31, 0x09, 0x66, 0x65, 0x69, 0x67, 0x6e, 0x0a, 0x32,
  0x35, 0x33, 0x33, 0x32, 0x09, 0x66, 0x65, 0x69, 0x6e, 0x74, 0x0a, 0x32,
  0x35, 0x33, 0x33, 0x33, 0x09, 0x66, 0x65, 0x6c, 0x69, 0x63, 0x65, 0x0a,
  0x32, 0x35, 0x33, 0x33, 0x34, 0x09, 0x66, 0x65, 0x6c, 0x69, 0x78, 0x0a,
  0x32, 0x35, 0x33, 0x33, 0x35, 0x09, 0x66, 0x65, 0x6c, 0x6c, 0x0a, 0x32,
  0x35, 0x33, 0x33, 0x36, 0x09, 0x66, 0x65, 0x6c, 0x6f, 0x6e, 0x0a, 0x32,
  0x35, 0x33, 0x34, 0x31, 0x09, 0x66, 0x65, 0x6c, 0x74, 0x0a, 0x32, 0x35,
  0x33, 0x34, 0x32, 0x09, 0x66, 0x65, 0x6d, 0x75, 0x72, 0x0a, 0x32, 0x35,
  0x33, 0x34, 0x33, 0x09, 0x66, 0x65, 0x6e, 0x63, 0x65, 0x0a, 0x32, 0x35,
  0x33, 0x34, 0x34, 0x09, 0x66, 0x65, 0x6e, 0x64, 0x0a, 0x32, 0x35, 0x33,
  0x34, 0x35, 0x09, 0x66, 0x65, 0x72, 0x6d, 0x69, 0x0a, 0x32, 0x35, 0x33,
  0x34, 0x36, 0x09, 0x66, 0x65, 0x72, 0x6e, 0x0a, 0x32, 0x35, 0x33, 0x35,
  0x31, 0x09, 0x66, 0x65, 0x72, 0x72, 0x69, 0x63, 0x0a, 0x32, 0x35, 0x33,
  0x35, 0x32, 0x09, 0x66, 0x65, 0x72, 0x72, 0x79, 0x0a, 0x32, 0x35, 0x33,
  0x35, 0x33, 0x09, 0x66, 0x65, 0x73, 0x74, 0x0a, 0x32, 0x35, 0x33, 0x35,
  0x34, 0x09, 0x66, 0x65, 0x74, 0x61, 0x6c, 0x0a, 0x32, 0x35, 0x33, 0x35,
  0x35, 0x09, 0x66, 0x65, 0x74, 0x63, 0x68, 0x0a, 0x32, 0x35, 0x33, 0x35,
  0x36, 0x09, 0x66, 0x65, 0x74, 0x65, 0x0a, 0x32, 0x35, 0x33, 0x36, 0x31,
  0x09, 0x66, 0x65, 0x74, 0x69, 0x64, 0x0a, 0x32, 0x35, 0x33, 0x36, 0x32,
  0x09, 0x66, 0x65, 0x74, 0x75, 0x73, 0x0a, 0x32, 0x35, 0x33, 0x36, 0x33,
  0x09, 0x66, 0x65, 0x75, 0x64, 0x0a, 0x32, 0x35, 0x33, 0x36, 0x34, 0x09,
  0x66, 0x65, 0x76, 0x65, 0x72, 0x0a, 0x32, 0x35, 0x33, 0x36, 0x35, 0x09,
  0x66, 0x65, 0x77, 0x0a, 0x32, 0x35, 0x33, 0x36, 0x36, 0x09, 0x66, 0x66,
  0x0a, 0x32, 0x35, 0x34, 0x31, 0x31, 0x09, 0x66, 0x66, 0x66, 0x0a, 0x32,
  0x35, 0x34, 0x31, 0x32, 0x09, 0x66, 0x66, 0x66, 0x66, 0x0a, 0x32, 0x35,
  0x34, 0x31, 0x33, 0x09, 0x66, 0x67, 0x0a, 0x32, 0x35, 0x34, 0x31, 0x34,
  0x09, 0x66, 0x67, 0x68, 0x0a, 0x32, 0x35, 0x34, 0x31, 0x35, 0x09, 0x66,
  0x68, 0x0a, 0x32, 0x35, 0x34, 0x31, 0x36, 0x09, 0x66, 0x69, 0x0a, 0x32,
  0x35, 0x34, 0x32, 0x31, 0x09, 0x66, 0x69, 0x61, 0x74, 0x0a, 0x32, 0x35,
  0x34, 0x32, 0x32, 0x09, 0x66, 0x69, 0x62, 0x0a, 0x32, 0x35, 0x34, 0x32,
  0x33, 0x09, 0x66, 0x69, 0x62, 0x72, 0x69, 0x6e, 0x0a, 0x32, 0x35, 0x34,
  0x32, 0x34, 0x09, 0x66, 0x69, 0x63, 0x68, 0x65, 0x0a, 0x32, 0x35, 0x34,
  0x32, 0x35, 0x09, 0x66, 0x69, 0x64, 0x65, 0x0a, 0x32, 0x35, 0x34, 0x32,
  0x36, 0x09, 0x66, 0x69, 0x65, 0x66, 0x0a, 0x32, 0x35, 0x34, 0x33, 0x31,
  0x09, 0x66, 0x69, 0x65, 0x6c, 0x64, 0x0a, 0x32, 0x35, 0x34, 0x33, 0x32,
  0x09, 0x66, 0x69, 0x65, 0x6e, 0x64, 0x0a, 0x32, 0x35, 0x34, 0x33, 0x33,
  0x09, 0x66, 0x69, 0x65, 0x72, 0x79, 0x0a, 0x32, 0x35, 0x34, 0x33, 0x34,
  0x09, 0x66, 0x69, 0x66, 0x65, 0x0a, 0x32, 0x35, 0x34, 0x33, 0x35, 0x09,
  0x66, 0x69, 0x66, 0x6f, 0x0a, 0x32, 0x35, 0x34, 0x33, 0x36, 0x09, 0x66,
  0x69, 0x66, 0x74, 0x68, 0x0a, 0x32, 0x35, 0x34, 0x34, 0x31, 0x09, 0x66,
  0x69, 0x66, 0x74, 0x79, 0x0a, 0x32, 0x35, 0x34, 0x34, 0x32, 0x09, 0x66,
  0x69, 0x67, 0x0a, 0x32, 0x35, 0x34, 0x34, 0x33, 0x09, 0x66, 0x69, 0x67,
  0x68, 0x74, 0x0a, 0x32, 0x35, 0x34, 0x34, 0x34, 0x09, 0x66, 0x69, 0x6c,
  0x63, 0x68, 0x0a, 0x32, 0x35, 0x34, 0x34, 0x35, 0x09, 0x66, 0x69, 0x6c,
  0x65, 0x0a, 0x32, 0x35, 0x34, 0x34, 0x36, 0x09, 0x66, 0x69, 0x6c, 0x65,
  0x74, 0x0a, 0x32, 0x35, 0x34, 0x35, 0x31, 0x09, 0x66, 0x69, 0x6c, 0x6c,
  0x0a, 0x32, 0x35, 0x34, 0x35, 0x32, 0x09, 0x66, 0x69, 0x6c, 0x6c, 0x65,
  0x72, 0x0a, 0x32, 0x35, 0x34, 0x35, 0x33, 0x09, 0x66, 0x69, 0x6c, 0x6c,
  0x79, 0x0a, 0x32, 0x35, 0x34, 0x35, 0x34, 0x09, 0x66, 0x69, 0x6c, 0x6d,
  0x0a, 0x32, 0x35, 0x34, 0x35, 0x35, 0x09, 0x66, 0x69, 0x6c, 0x6d, 0x79,
  0x0a, 0x32, 0x35, 0x34, 0x35, 0x36, 0x09, 0x66, 0x69, 0x6c, 0x74, 0x68,
  0x0a, 0x32, 0x35, 0x34, 0x36, 0x31, 0x09, 0x66, 0x69, 0x6e, 0x0a, 0x32,
  0x35, 0x34, 0x36, 0x32, 0x09, 0x66, 0x69, 0x6e, 0x61, 0x6c, 0x0a, 0x32,
  0x35, 0x34, 0x36, 0x33, 0x09, 0x66, 0x69, 0x6e, 0x61, 0x6c, 0x65, 0x0a,
  0x32, 0x35, 0x34, 0x36, 0x34, 0x09, 0x66, 0x69, 0x6e, 0x63, 0x68, 0x0a,
  0x32, 0x35, 0x34, 0x36, 0x35, 0x09, 0x66, 0x69, 0x6e, 0x64, 0x0a, 0x32,
  0x35, 0x34, 0x36, 0x36, 0x09, 0x66, 0x69, 0x6e, 0x65, 0x0a, 0x32, 0x35,
  0x35, 0x31, 0x31, 0x09, 0x66, 0x69, 0x6e, 0x69, 0x74, 0x65, 0x0a, 0x32,
  0x35, 0x35, 0x31, 0x32, 0x09, 0x66, 0x69, 0x6e, 0x6b, 0x0a, 0x32, 0x35,
  0x35, 0x31, 0x33, 0x09, 0x66, 0x69, 0x6e, 0x6e, 0x0a, 0x32, 0x35, 0x35,
  0x31, 0x34, 0x09, 0x66, 0x69, 0x6e, 0x6e, 0x79, 0x0a, 0x32, 0x35, 0x35,
  0x31, 0x35, 0x09, 0x66, 0x69, 0x72, 0x0a, 0x32, 0x35, 0x35, 0x31, 0x36,
  0x09, 0x66, 0x69, 0x72, 0x65, 0x0a, 0x32, 0x35, 0x35, 0x32, 0x31, 0x09,
  0x66, 0x69, 0x72, 0x6d, 0x0a, 0x32, 0x35, 0x35, 0x32, 0x32, 0x09, 0x66,
  0x69, 0x72, 0x73, 0x74, 0x0a, 0x32, 0x35, 0x35, 0x32, 0x33, 0x09, 0x66,
  0x69, 0x73, 0x68, 0x0a, 0x32, 0x35, 0x35, 0x32, 0x34, 0x09, 0x66, 0x69,
  0x73, 0x68, 0x79, 0x0a, 0x32, 0x35, 0x35, 0x32, 0x35, 0x09, 0x66, 0x69,
  0x73, 0x6b, 0x0a, 0x32, 0x35, 0x35, 0x32, 0x36, 0x09, 0x66, 0x69, 0x73,
  0x6b, 0x65, 0x0a, 0x32, 0x35, 0x35, 0x33, 0x31, 0x09, 0x66, 0x69, 0x73,
  0x74, 0x0a, 0x32, 0x35, 0x35, 0x33, 0x32, 0x09, 0x66, 0x69, 0x74, 0x0a,
  0x32, 0x35, 0x35, 0x33, 0x33, 0x09, 0x66, 0x69, 0x74, 0x63, 0x68, 0x0a,
  0x32, 0x35, 0x35, 0x33, 0x34, 0x09, 0x66, 0x69, 0x76, 0x65, 0x0a, 0x32,
  0x35, 0x35, 0x33, 0x35, 0x09, 0x66, 0x69, 0x78, 0x0a, 0x32, 0x35, 0x35,
  0x33, 0x36, 0x09, 0x66, 0x6a, 0x0a, 0x32, 0x35, 0x35, 0x34, 0x31, 0x09,
  0x66, 0x6a, 0x6f, 0x72, 0x64, 0x0a, 0x32, 0x35, 0x35, 0x34, 0x32, 0x09,
  0x66, 0x6b, 0x0a, 0x32, 0x35, 0x35, 0x34, 0x33, 0x09, 0x66, 0x6c, 0x0a,
  0x32, 0x35, 0x35, 0x34, 0x34, 0x09, 0x66, 0x6c, 0x61, 0x63, 0x6b, 0x0a,
  0x32, 0x35, 0x35, 0x34, 0x35, 0x09, 0x66, 0x6c, 0x61, 0x67, 0x0a, 0x32,
  0x35, 0x35, 0x34, 0x36, 0x09, 0x66, 0x6c, 0x61, 0x69, 0x6c, 0x0a, 0x32,
  0x35, 0x35, 0x35, 0x31, 0x09, 0x66, 0x6c, 0x61, 0x69, 0x72, 0x0a, 0x32,
  0x35, 0x35, 0x35, 0x32, 0x09, 0x66, 0x6c, 0x61, 0x6b, 0x0a, 0x32, 0x35,
  0x35, 0x35, 0x33, 0x09, 0x66, 0x6c, 0x61, 0x6b, 0x65, 0x0a, 0x32, 0x35,
  0x35, 0x35, 0x34, 0x09, 0x66, 0x6c, 0x61, 0x6b, 0x79, 0x0a, 0x32, 0x35,
  0x35, 0x35, 0x35, 0x09, 0x66, 0x6c, 0x61, 0x6d, 0x0a, 0x32, 0x35, 0x35,
  0x35, 0x36, 0x09, 0x66, 0x6c, 0x61, 0x6d, 0x65, 0x0a, 0x32, 0x35, 0x35,
  0x36, 0x31, 0x09, 0x66, 0x6c, 0x61, 0x6e, 0x6b, 0x0a, 0x32, 0x35, 0x35,
  0x36, 0x32, 0x09, 0x66, 0x6c, 0x61, 0x70, 0x0a, 0x32, 0x35, 0x35, 0x36,
  0x33, 0x09, 0x66, 0x6c, 0x61, 0x72, 0x65, 0x0a, 0x32, 0x35, 0x35, 0x36,
  0x34, 0x09, 0x66, 0x6c, 0x61, 0x73, 0x68, 0x0a, 0x32, 0x35, 0x35, 0x36,
  0x35, 0x09, 0x66, 0x6c, 0x61, 0x73, 0x6b, 0x0a, 0x32, 0x35, 0x35, 0x36,
  0x36, 0x09, 0x66, 0x6c, 0x61, 0x74, 0x0a, 0x32, 0x35, 0x36, 0x31, 0x31,
  0x09, 0x66, 0x6c, 0x61, 0x74, 0x75, 0x73, 0x0a, 0x32, 0x35, 0x36, 0x31,
  0x32, 0x09, 0x66, 0x6c, 0x61, 0x77, 0x0a, 0x32, 0x35, 0x36, 0x31, 0x33,
  0x09, 0x66, 0x6c, 0x61, 0x78, 0x0a, 0x32, 0x35, 0x36, 0x31, 0x34, 0x09,
  0x66, 0x6c, 0x65, 0x61, 0x0a, 0x32, 0x35, 0x36, 0x31, 0x35, 0x09, 0x66,
  0x6c, 0x65, 0x63, 0x6b, 0x0a, 0x32, 0x35, 0x36, 0x31, 0x36, 0x09, 0x66,
  0x6c, 0x65, 0x64, 0x0a, 0x32, 0x35, 0x36, 0x32, 0x31, 0x09, 0x66, 0x6c,
  0x65, 0x65, 0x0a, 0x32, 0x35, 0x36, 0x32, 0x32, 0x09, 0x66, 0x6c, 0x65,
  0x65, 0x74, 0x0a, 0x32, 0x35, 0x36, 0x32, 0x33, 0x09, 0x66, 0x6c, 0x65,
  0x73, 0x68, 0x0a, 0x32, 0x35, 0x36, 0x32, 0x34, 0x09, 0x66, 0x6c, 0x65,
  0x77, 0x0a, 0x32, 0x35, 0x36, 0x32, 0x35, 0x09, 0x66, 0x6c, 0x65, 0x78,
  0x0a, 0x32, 0x35, 0x36, 0x32, 0x36, 0x09, 0x66, 0x6c, 0x69, 0x63, 0x6b,
  0x0a, 0x32, 0x35, 0x36, 0x33, 0x31, 0x09, 0x66, 0x6c, 0x69, 0x65, 0x72,
  0x0a, 0x32, 0x35, 0x36, 0x33, 0x32, 0x09, 0x66, 0x6c, 0x69, 0x6e, 0x63,
  0x68, 0x0a, 0x32, 0x35, 0x36, 0x33, 0x33, 0x09, 0x66, 0x6c, 0x69, 0x6e,
  0x67, 0x0a, 0x32, 0x35, 0x36, 0x33, 0x34, 0x09, 0x66, 0x6c, 0x69, 0x6e,
  0x74, 0x0a, 0x32, 0x35, 0x36, 0x33, 0x35, 0x09, 0x66, 0x6c, 0x69, 0x70,
  0x0a, 0x32, 0x35, 0x36, 0x33, 0x36, 0x09, 0x66, 0x6c, 0x69, 0x72, 0x74,
  0x0a, 0x32, 0x35, 0x36, 0x34, 0x31, 0x09, 0x66, 0x6c, 0x69, 0x74, 0x0a,
  0x32, 0x35, 0x36, 0x34, 0x32, 0x09, 0x66, 0x6c, 0x6f, 0x0a, 0x32, 0x35,
  0x36, 0x34, 0x33, 0x09, 0x66, 0x6c, 0x6f, 0x61, 0x74, 0x0a, 0x32, 0x35,
  0x36, 0x34, 0x34, 0x09, 0x66, 0x6c, 0x6f, 0x63, 0x0a, 0x32, 0x35, 0x36,
  0x34, 0x35, 0x09, 0x66, 0x6c, 0x6f, 0x63, 0x6b, 0x0a, 0x32, 0x35, 0x36,
  0x34, 0x36, 0x09, 0x66, 0x6c, 0x6f, 0x65, 0x0a, 0x32, 0x35, 0x36, 0x35,
  0x31, 0x09, 0x66, 0x6c, 0x6f, 0x67, 0x0a, 0x32, 0x35, 0x36, 0x35, 0x32,
  0x09, 0x66, 0x6c, 0x6f, 0x6f, 0x64, 0x0a, 0x32, 0x35, 0x36, 0x35, 0x33,
  0x09, 0x66, 0x6c, 0x6f, 0x6f, 0x72, 0x0a, 0x32, 0x35, 0x36, 0x35, 0x34,
  0x09, 0x66, 0x6c, 0x6f, 0x70, 0x0a, 0x32, 0x35, 0x36, 0x35, 0x35, 0x09,
  0x66, 0x6c, 0x6f, 0x70, 0x70, 0x79, 0x0a, 0x32, 0x35, 0x36, 0x35, 0x36,
  0x09, 0x66, 0x6c, 0x6f, 0x72, 0x61, 0x0a, 0x32, 0x35, 0x36, 0x36, 0x31,
  0x09, 0x66, 0x6c, 0x6f, 0x75, 0x72, 0x0a, 0x32, 0x35, 0x36, 0x36, 0x32,
  0x09, 0x66, 0x6c, 0x6f, 0x75, 0x74, 0x0a, 0x32, 0x35, 0x36, 0x36, 0x33,
  0x09, 0x66, 0x6c, 0x6f, 0x77, 0x0a, 0x32, 0x35, 0x36, 0x36, 0x34, 0x09,
  0x66, 0x6c, 0x6f, 0x77, 0x6e, 0x0a, 0x32, 0x35, 0x36, 0x36, 0x35, 0x09,
  0x66, 0x6c, 0x6f, 0x79, 0x64, 0x0a, 0x32, 0x35, 0x36, 0x36, 0x36, 0x09,
  0x66, 0x6c, 0x75, 0x0a, 0x32, 0x36, 0x31, 0x31, 0x31, 0x09, 0x66, 0x6c,
  0x75, 0x62, 0x0a, 0x32, 0x36, 0x31, 0x31, 0x32, 0x09, 0x66, 0x6c, 0x75,
  0x65, 0x0a, 0x32, 0x36, 0x31, 0x31, 0x33, 0x09, 0x66, 0x6c, 0x75, 0x66,
  0x66, 0x0a, 0x32, 0x36, 0x31, 0x31, 0x34, 0x09, 0x66, 0x6c, 0x75, 0x69,
  0x64, 0x0a, 0x32, 0x36, 0x31, 0x31, 0x35, 0x09, 0x66, 0x6c, 0x75, 0x6b,
  0x65, 0x0a, 0x32, 0x36, 0x31, 0x31, 0x36, 0x09, 0x66, 0x6c, 0x75, 0x6e,
  0x67, 0x0a, 0x32, 0x36, 0x31, 0x32, 0x31, 0x09, 0x66, 0x6c, 0x75, 0x73,
  0x68, 0x0a, 0x32, 0x36, 0x31, 0x32, 0x32, 0x09, 0x66, 0x6c, 0x75, 0x74,
  0x65, 0x0a, 0x32, 0x36, 0x31, 0x32, 0x33, 0x09, 0x66, 0x6c, 0x75, 0x78,
  0x0a, 0x32, 0x36, 0x31, 0x32, 0x34, 0x09, 0x66, 0x6c, 0x79, 0x0a, 0x32,
  0x36, 0x31, 0x32, 0x35, 0x09, 0x66, 0x6c, 0x79, 0x65, 0x72, 0x0a, 0x32,
  0x36, 0x31, 0x32, 0x36, 0x09, 0x66, 0x6c, 0x79, 0x6e, 0x6e, 0x0a, 0x32,
  0x36, 0x31, 0x33, 0x31, 0x09, 0x66, 0x6d, 0x0a, 0x32, 0x36, 0x31, 0x33,
  0x32, 0x09, 0x66, 0x6d, 0x63, 0x0a, 0x32, 0x36, 0x31, 0x33, 0x33, 0x09,
  0x66, 0x6e, 0x0a, 0x32, 0x36, 0x31, 0x33, 0x34, 0x09, 0x66, 0x6f, 0x0a,
  0x32, 0x36, 0x31, 0x33, 0x35, 0x09, 0x66, 0x6f, 0x61, 0x6c, 0x0a, 0x32,
  0x36, 0x31, 0x33, 0x36, 0x09, 0x66, 0x6f, 0x61, 0x6d, 0x0a, 0x32, 0x36,
  0x31, 0x34, 0x31, 0x09, 0x66, 0x6f, 0x61, 0x6d, 0x79, 0x0a, 0x32, 0x36,
  0x31, 0x34, 0x32, 0x09, 0x66, 0x6f, 0x62, 0x0a, 0x32, 0x36, 0x31, 0x34,
  0x33, 0x09, 0x66, 0x6f, 0x63, 0x61, 0x6c, 0x0a, 0x32, 0x36, 0x31, 0x34,
  0x34, 0x09, 0x66, 0x6f, 0x63, 0x69, 0x0a, 0x32, 0x36, 0x31, 0x34, 0x35,
  0x09, 0x66, 0x6f, 0x63, 0x75, 0x73, 0x0a, 0x32, 0x36, 0x31, 0x34, 0x36,
  0x09, 0x66, 0x6f, 0x64, 0x64, 0x65, 0x72, 0x0a, 0x32, 0x36, 0x31, 0x35,
  0x31, 0x09, 0x66, 0x6f, 0x65, 0x0a, 0x32, 0x36, 0x31, 0x35, 0x32, 0x09,
  0x66, 0x6f, 0x67, 0x0a, 0x32, 0x36, 0x31, 0x35, 0x33, 0x09, 0x66, 0x6f,
  0x67, 0x67, 0x79, 0x0a, 0x32, 0x36, 0x31, 0x35, 0x34, 0x09, 0x66, 0x6f,
  0x67, 0x79, 0x0a, 0x32, 0x36, 0x31, 0x35, 0x35, 0x09, 0x66, 0x6f, 0x69,
  0x6c, 0x0a, 0x32, 0x36, 0x31, 0x35, 0x36, 0x09, 0x66, 0x6f, 0x69, 0x73,
  0x74, 0x0a, 0x32, 0x36, 0x31, 0x36, 0x31, 0x09, 0x66, 0x6f, 0x6c, 0x64,
  0x0a, 0x32, 0x36, 0x31, 0x36, 0x32, 0x09, 0x66, 0x6f, 0x6c, 0x65, 0x79,
  0x0a, 0x32, 0x36, 0x31, 0x36, 0x33, 0x09, 0x66, 0x6f, 0x6c, 0x69, 0x6f,
  0x0a, 0x32, 0x36, 0x31, 0x36, 0x34, 0x09, 0x66, 0x6f, 0x6c, 0x6b, 0x0a,
  0x32, 0x36, 0x31, 0x36, 0x35, 0x09, 0x66, 0x6f, 0x6c, 0x6c, 0x79, 0x0a,
  0x32, 0x36, 0x31, 0x36, 0x36, 0x09, 0x66, 0x6f, 0x6e, 0x64, 0x0a, 0x32,
  0x36, 0x32, 0x31, 0x31, 0x09, 0x66, 0x6f, 0x6e, 0x74, 0x0a, 0x32, 0x36,
  0x32, 0x31, 0x32, 0x09, 0x66, 0x6f, 0x6f, 0x64, 0x0a, 0x32, 0x36, 0x32,
  0x31, 0x33, 0x09, 0x66, 0x6f, 0x6f, 0x6c, 0x0a, 0x32, 0x36, 0x32, 0x31,
  0x34, 0x09, 0x66, 0x6f, 0x6f, 0x74, 0x0a, 0x32, 0x36, 0x32, 0x31, 0x35,
  0x09, 0x66, 0x6f, 0x6f, 0x74, 0x65, 0x0a, 0x32, 0x36, 0x32, 0x31, 0x36,
  0x09, 0x66, 0x6f, 0x70, 0x0a, 0x32, 0x36, 0x32, 0x32, 0x31, 0x09, 0x66,
  0x6f, 0x72, 0x0a, 0x32, 0x36, 0x32, 0x32, 0x32, 0x09, 0x66, 0x6f, 0x72,
  0x61, 0x79, 0x0a, 0x32, 0x36, 0x32, 0x32, 0x33, 0x09, 0x66, 0x6f, 0x72,
  0x63, 0x65, 0x0a, 0x32, 0x36, 0x32, 0x32, 0x34, 0x09, 0x66, 0x6f, 0x72,
  0x64, 0x0a, 0x32, 0x36, 0x32, 0x32, 0x35, 0x09, 0x66, 0x6f, 0x72, 0x65,
  0x0a, 0x32, 0x36, 0x32, 0x32, 0x36, 0x09, 0x66, 0x6f, 0x72, 0x67, 0x65,
  0x0a, 0x32, 0x36, 0x32, 0x33, 0x31, 0x09, 0x66, 0x6f, 0x72, 0x67, 0x6f,
  0x74, 0x0a, 0x32, 0x36, 0x32, 0x33, 0x32, 0x09, 0x66, 0x6f, 0x72, 0x6b,
  0x0a, 0x32, 0x36, 0x32, 0x33, 0x33, 0x09, 0x66, 0x6f, 0x72, 0x6d, 0x0a,
  0x32, 0x36, 0x32, 0x33, 0x34, 0x09, 0x66, 0x6f, 0x72, 0x74, 0x0a, 0x32,
  0x36, 0x32, 0x33, 0x35, 0x09, 0x66, 0x6f, 0x72, 0x74, 0x65, 0x0a, 0x32,
  0x36, 0x32, 0x33, 0x36, 0x09, 0x66, 0x6f, 0x72, 0x74, 0x68, 0x0a, 0x32,
  0x36, 0x32, 0x34, 0x31, 0x09, 0x66, 0x6f, 0x72, 0x74, 0x79, 0x0a, 0x32,
  0x36, 0x32, 0x34, 0x32, 0x09, 0x66, 0x6f, 0x72, 0x75, 0x6d, 0x0a, 0x32,
  0x36, 0x32, 0x34, 0x33, 0x09, 0x66, 0x6f, 0x73, 0x73, 0x0a, 0x32, 0x36,
  0x32, 0x34, 0x34, 0x09, 0x66, 0x6f, 0x73, 0x73, 0x69, 0x6c, 0x0a, 0x32,
  0x36, 0x32, 0x34, 0x35, 0x09, 0x66, 0x6f, 0x75, 0x6c, 0x0a, 0x32, 0x36,
  0x32, 0x34, 0x36, 0x09, 0x66, 0x6f, 0x75, 0x6e, 0x64, 0x0a, 0x32, 0x36,
  0x32, 0x35, 0x31, 0x09, 0x66, 0x6f, 0x75, 0x6e, 0x74, 0x0a, 0x32, 0x36,
  0x32, 0x35, 0x32, 0x09, 0x66, 0x6f, 0x75, 0x72, 0x0a, 0x32, 0x36, 0x32,
  0x35, 0x33, 0x09, 0x66, 0x6f, 0x76, 0x65, 0x61, 0x0a, 0x32, 0x36, 0x32,
  0x35, 0x34, 0x09, 0x66, 0x6f, 0x77, 0x6c, 0x0a, 0x32, 0x36, 0x32, 0x35,
  0x35, 0x09, 0x66, 0x6f, 0x78, 0x0a, 0x32, 0x36, 0x32, 0x35, 0x36, 0x09,
  0x66, 0x6f, 0x78, 0x79, 0x0a, 0x32, 0x36, 0x32, 0x36, 0x31, 0x09, 0x66,
  0x6f, 0x79, 0x65, 0x72, 0x0a, 0x32, 0x36, 0x32, 0x36, 0x32, 0x09, 0x66,
  0x70, 0x0a, 0x32, 0x36, 0x32, 0x36, 0x33, 0x09, 0x66, 0x70, 0x63, 0x0a,
  0x32, 0x36, 0x32, 0x36, 0x34, 0x09, 0x66, 0x71, 0x0a, 0x32, 0x36, 0x32,
  0x36, 0x35, 0x09, 0x66, 0x72, 0x0a, 0x32, 0x36, 0x32, 0x36, 0x36, 0x09,
  0x66, 0x72, 0x61, 0x69, 0x6c, 0x0a, 0x32, 0x36, 0x33, 0x31, 0x31, 0x09,
  0x66, 0x72, 0x61, 0x6d, 0x65, 0x0a, 0x32, 0x36, 0x33, 0x31, 0x32, 0x09,
  0x66, 0x72, 0x61, 0x6e, 0x0a, 0x32, 0x36, 0x33, 0x31, 0x33, 0x09, 0x66,
  0x72, 0x61, 0x6e, 0x63, 0x0a, 0x32, 0x36, 0x33, 0x31, 0x34, 0x09, 0x66,
  0x72, 0x61, 0x6e, 0x63, 0x61, 0x0a, 0x32, 0x36, 0x33, 0x31, 0x35, 0x09,
  0x66, 0x72, 0x61, 0x6e, 0x6b, 0x0a, 0x32, 0x36, 0x33, 0x31, 0x36, 0x09,
  0x66, 0x72, 0x61, 0x6e, 0x7a, 0x0a, 0x32, 0x36, 0x33, 0x32, 0x31, 0x09,
  0x66, 0x72, 0x61, 0x75, 0x0a, 0x32, 0x36, 0x33, 0x32, 0x32, 0x09, 0x66,
  0x72, 0x61, 0x75, 0x64, 0x0a, 0x32, 0x36, 0x33, 0x32, 0x33, 0x09, 0x66,
  0x72, 0x61, 0x79, 0x0a, 0x32, 0x36, 0x33, 0x32, 0x34, 0x09, 0x66, 0x72,
  0x65, 0x61, 0x6b, 0x0a, 0x32, 0x36, 0x33, 0x32, 0x35, 0x09, 0x66, 0x72,
  0x65, 0x64, 0x0a, 0x32, 0x36, 0x33, 0x32, 0x36, 0x09, 0x66, 0x72, 0x65,
  0x65, 0x0a, 0x32, 0x36, 0x33, 0x33, 0x31, 0x09, 0x66, 0x72, 0x65, 0x65,
  0x64, 0x0a, 0x32, 0x36, 0x33, 0x33, 0x32, 0x09, 0x66, 0x72, 0x65, 0x65,
  0x72, 0x0a, 0x32, 0x36, 0x33, 0x33, 0x33, 0x09, 0x66, 0x72, 0x65, 0x6e,
  0x7a, 0x79, 0x0a, 0x32, 0x36, 0x33, 0x33, 0x34, 0x09, 0x66, 0x72, 0x65,
  0x6f, 0x6e, 0x0a, 0x32, 0x36, 0x33, 0x33, 0x35, 0x09, 0x66, 0x72, 0x65,
  0x73, 0x68, 0x0a, 0x32, 0x36, 0x33, 0x33, 0x36, 0x09, 0x66, 0x72, 0x65,
  0x74, 0x0a, 0x32, 0x36, 0x33, 0x34, 0x31, 0x09, 0x66, 0x72, 0x65, 0x75,
  0x64, 0x0a, 0x32, 0x36, 0x33, 0x34, 0x32, 0x09, 0x66, 0x72, 0x65, 0x79,
  0x0a, 0x32, 0x36, 0x33, 0x34, 0x33, 0x09, 0x66, 0x72, 0x65, 0x79, 0x61,
  0x0a, 0x32, 0x36, 0x33, 0x34, 0x34, 0x09, 0x66, 0x72, 0x69, 0x61, 0x72,
  0x0a, 0x32, 0x36, 0x33, 0x34, 0x35, 0x09, 0x66, 0x72, 0x69, 0x63, 0x6b,
  0x0a, 0x32, 0x36, 0x33, 0x34, 0x36, 0x09, 0x66, 0x72, 0x69, 0x65, 0x64,
  0x0a, 0x32, 0x36, 0x33, 0x35, 0x31, 0x09, 0x66, 0x72, 0x69, 0x6c, 0x6c,
  0x0a, 0x32, 0x36, 0x33, 0x35, 0x32, 0x09, 0x66, 0x72, 0x69, 0x6c, 0x6c,
  0x79, 0x0a, 0x32, 0x36, 0x33, 0x35, 0x33, 0x09, 0x66, 0x72, 0x69, 0x73,
  0x6b, 0x79, 0x0a, 0x32, 0x36, 0x33, 0x35, 0x34, 0x09, 0x66, 0x72, 0x69,
  0x74, 0x7a, 0x0a, 0x32, 0x36, 0x33, 0x35, 0x35, 0x09, 0x66, 0x72, 0x6f,
  0x0a, 0x32, 0x36, 0x33, 0x35, 0x36, 0x09, 0x66, 0x72, 0x6f, 0x63, 0x6b,
  0x0a, 0x32, 0x36, 0x33, 0x36, 0x31, 0x09, 0x66, 0x72, 0x6f, 0x67, 0x0a,
  0x32, 0x36, 0x33, 0x36, 0x32, 0x09, 0x66, 0x72, 0x6f, 0x6d, 0x0a, 0x32,
  0x36, 0x33, 0x36, 0x33, 0x09, 0x66, 0x72, 0x6f, 0x6e, 0x74, 0x0a, 0x32,
  0x36, 0x33, 0x36, 0x34, 0x09, 0x66, 0x72, 0x6f, 0x73, 0x74, 0x0a, 0x32,
  0x36, 0x33, 0x36, 0x35, 0x09, 0x66, 0x72, 0x6f, 0x74, 0x68, 0x0a, 0x32,
  0x36, 0x33, 0x36, 0x36, 0x09, 0x66, 0x72, 0x6f, 0x77, 0x6e, 0x0a, 0x32,
  0x36, 0x34, 0x31, 0x31, 0x09, 0x66, 0x72, 0x6f, 0x7a, 0x65, 0x0a, 0x32,
  0x36, 0x34, 0x31, 0x32, 0x09, 0x66, 0x72, 0x75, 0x69, 0x74, 0x0a, 0x32,
  0x36, 0x34, 0x31, 0x33, 0x09, 0x66, 0x72, 0x79, 0x0a, 0x32, 0x36, 0x34,
  0x31, 0x34, 0x09, 0x66, 0x72, 0x79, 0x65, 0x0a, 0x32, 0x36, 0x34, 0x31,
  0x35, 0x09, 0x66, 0x73, 0x0a, 0x32, 0x36, 0x34, 0x31, 0x36, 0x09, 0x66,
  0x74, 0x0a, 0x32, 0x36, 0x34, 0x32, 0x31, 0x09, 0x66, 0x74, 0x63, 0x0a,
  0x32, 0x36, 0x34, 0x32, 0x32, 0x09, 0x66, 0x75, 0x0a, 0x32, 0x36, 0x34,
  0x32, 0x33, 0x09, 0x66, 0x75, 0x63, 0x68, 0x73, 0x0a, 0x32, 0x36, 0x34,
  0x32, 0x34, 0x09, 0x66, 0x75, 0x64, 0x67, 0x65, 0x0a, 0x32, 0x36, 0x34,
  0x32, 0x35, 0x09, 0x66, 0x75, 0x65, 0x6c, 0x0a, 0x32, 0x36, 0x34, 0x32,
  0x36, 0x09, 0x66, 0x75, 0x67, 0x61, 0x6c, 0x0a, 0x32, 0x36, 0x34, 0x33,
  0x31, 0x09, 0x66, 0x75, 0x67, 0x75, 0x65, 0x0a, 0x32, 0x36, 0x34, 0x33,
  0x32, 0x09, 0x66, 0x75, 0x6a, 0x69, 0x0a, 0x32, 0x36, 0x34, 0x33, 0x33,
  0x09, 0x66, 0x75, 0x6c, 0x6c, 0x0a, 0x32, 0x36, 0x34, 0x33, 0x34, 0x09,
  0x66, 0x75, 0x6c, 0x6c, 0x79, 0x0a, 0x32, 0x36, 0x34, 0x33, 0x35, 0x09,
  0x66, 0x75, 0x6d, 0x0a, 0x32, 0x36, 0x34, 0x33, 0x36, 0x09, 0x66, 0x75,
  0x6d, 0x65, 0x0a, 0x32, 0x36, 0x34, 0x34, 0x31, 0x09, 0x66, 0x75, 0x6e,
  0x0a, 0x32, 0x36, 0x34, 0x34, 0x32, 0x09, 0x66, 0x75, 0x6e, 0x64, 0x0a,
  0x32, 0x36, 0x34, 0x34, 0x33, 0x09, 0x66, 0x75, 0x6e, 0x67, 0x61, 0x6c,
  0x0a, 0x32, 0x36, 0x34, 0x34, 0x34, 0x09, 0x66, 0x75, 0x6e, 0x67, 0x69,
  0x0a, 0x32, 0x36, 0x34, 0x34, 0x35, 0x09, 0x66, 0x75, 0x6e, 0x6b, 0x0a,
  0x32, 0x36, 0x34, 0x34, 0x36, 0x09, 0x66, 0x75, 0x6e, 0x6e, 0x79, 0x0a,
  0x32, 0x36, 0x34, 0x35, 0x31, 0x09, 0x66, 0x75, 0x72, 0x0a, 0x32, 0x36,
  0x34, 0x35, 0x32, 0x09, 0x66, 0x75, 0x72, 0x6c, 0x0a, 0x32, 0x36, 0x34,
  0x35, 0x33, 0x09, 0x66, 0x75, 0x72, 0x72, 0x79, 0x0a, 0x32, 0x36, 0x34,
  0x35, 0x34, 0x09, 0x66, 0x75, 0x72, 0x79, 0x0a, 0x32, 0x36, 0x34, 0x35,
  0x35, 0x09, 0x66, 0x75, 0x72, 0x7a, 0x65, 0x0a, 0x32, 0x36, 0x34, 0x35,
  0x36, 0x09, 0x66, 0x75, 0x73, 0x65, 0x0a, 0x32, 0x36, 0x34, 0x36, 0x31,
  0x09, 0x66, 0x75, 0x73, 0x73, 0x0a, 0x32, 0x36, 0x34, 0x36, 0x32, 0x09,
  0x66, 0x75, 0x73, 0x73, 0x79, 0x0a, 0x32, 0x36, 0x34, 0x36, 0x33, 0x09,
  0x66, 0x75, 0x73, 0x74, 0x79, 0x0a, 0x32, 0x36, 0x34, 0x36, 0x34, 0x09,
  0x66, 0x75, 0x7a, 0x7a, 0x0a, 0x32, 0x36, 0x34, 0x36, 0x35, 0x09, 0x66,
  0x75, 0x7a, 0x7a, 0x79, 0x0a, 0x32, 0x36, 0x34, 0x36, 0x36, 0x09, 0x66,
  0x76, 0x0a, 0x32, 0x36, 0x35, 0x31, 0x31, 0x09, 0x66, 0x77, 0x0a, 0x32,
  0x36, 0x35, 0x31, 0x32, 0x09, 0x66, 0x78, 0x0a, 0x32, 0x36, 0x35, 0x31,
  0x33, 0x09, 0x66, 0x79, 0x0a, 0x32, 0x36, 0x35, 0x31, 0x34, 0x09, 0x66,
  0x7a, 0x0a, 0x32, 0x36, 0x35, 0x31, 0x35, 0x09, 0x67, 0x0a, 0x32, 0x36,
  0x35, 0x31, 0x36, 0x09, 0x67, 0x27, 0x73, 0x0a, 0x32, 0x36, 0x35, 0x32,
  0x31, 0x09, 0x67, 0x61, 0x0a, 0x32, 0x36, 0x35, 0x32, 0x32, 0x09, 0x67,
  0x61, 0x62, 0x0a, 0x32, 0x36, 0x35, 0x32, 0x33, 0x09, 0x67, 0x61, 0x62,
  0x6c, 0x65, 0x0a, 0x32, 0x36, 0x35, 0x32, 0x34, 0x09, 0x67, 0x61, 0x62,
  0x6f, 0x6e, 0x0a, 0x32, 0x36, 0x35, 0x32, 0x35, 0x09, 0x67, 0x61, 0x64,
  0x0a, 0x32, 0x36, 0x35, 0x32, 0x36, 0x09, 0x67, 0x61, 0x64, 0x67, 0x65,
  0x74, 0x0a, 0x32, 0x36, 0x35, 0x33, 0x31, 0x09, 0x67, 0x61, 0x66, 0x66,
  0x0a, 0x32, 0x36, 0x35, 0x33, 0x32, 0x09, 0x67, 0x61, 0x66, 0x66, 0x65,
  0x0a, 0x32, 0x36, 0x35, 0x33, 0x33, 0x09, 0x67, 0x61, 0x67, 0x0a, 0x32,
  0x36, 0x35, 0x33, 0x34, 0x09, 0x67, 0x61, 0x67, 0x65, 0x0a, 0x32, 0x36,
  0x35, 0x33, 0x35, 0x09, 0x67, 0x61, 0x69, 0x6c, 0x0a, 0x32, 0x36, 0x35,
  0x33, 0x36, 0x09, 0x67, 0x61, 0x69, 0x6e, 0x0a, 0x32, 0x36, 0x35, 0x34,
  0x31, 0x09, 0x67, 0x61, 0x69, 0x74, 0x0a, 0x32, 0x36, 0x35, 0x34, 0x32,
  0x09, 0x67, 0x61, 0x6c, 0x0a, 0x32, 0x36, 0x35, 0x34, 0x33, 0x09, 0x67,
  0x61, 0x6c, 0x61, 0x0a, 0x32, 0x36, 0x35, 0x34, 0x34, 0x09, 0x67, 0x61,
  0x6c, 0x61, 0x78, 0x79, 0x0a, 0x32, 0x36, 0x35, 0x34, 0x35, 0x09, 0x67,
  0x61, 0x6c, 0x65, 0x0a, 0x32, 0x36, 0x35, 0x34, 0x36, 0x09, 0x67, 0x61,
  0x6c, 0x65, 0x6e, 0x0a, 0x32, 0x36, 0x35, 0x35, 0x31, 0x09, 0x67, 0x61,
  0x6c, 0x6c, 0x0a, 0x32, 0x36, 0x35, 0x35, 0x32, 0x09, 0x67, 0x61, 0x6c,
  0x6c, 0x6f, 0x70, 0x0a, 0x32, 0x36, 0x35, 0x35, 0x33, 0x09, 0x67, 0x61,
  0x6c, 0x74, 0x0a, 0x32, 0x36, 0x35, 0x35, 0x34, 0x09, 0x67, 0x61, 0x6d,
  0x0a, 0x32, 0x36, 0x35, 0x35, 0x35, 0x09, 0x67, 0x61, 0x6d, 0x65, 0x0a,
  0x32, 0x36, 0x35, 0x35, 0x36, 0x09, 0x67, 0x61, 0x6d, 0x69, 0x6e, 0x0a,
  0x32, 0x36, 0x35, 0x36, 0x31, 0x09, 0x67, 0x61, 0x6d, 0x6d, 0x61, 0x0a,
  0x32, 0x36, 0x35, 0x36, 0x32, 0x09, 0x67, 0x61, 0x6d, 0x75, 0x74, 0x0a,
  0x32, 0x36, 0x35, 0x36, 0x33, 0x09, 0x67, 0x61, 0x6e, 0x64, 0x65, 0x72,
  0x0a, 0x32, 0x36, 0x35, 0x36, 0x34, 0x09, 0x67, 0x61, 0x6e, 0x67, 0x0a,
  0x32, 0x36, 0x35, 0x36, 0x35, 0x09, 0x67, 0x61, 0x6f, 0x0a, 0x32, 0x36,
  0x35, 0x36, 0x36, 0x09, 0x67, 0x61, 0x70, 0x0a, 0x32, 0x36, 0x36, 0x31,
  0x31, 0x09, 0x67, 0x61, 0x70, 0x65, 0x0a, 0x32, 0x36, 0x36, 0x31, 0x32,
  0x09, 0x67, 0x61, 0x72, 0x0a, 0x32, 0x36, 0x36, 0x31, 0x33, 0x09, 0x67,
  0x61, 0x72, 0x62, 0x0a, 0x32, 0x36, 0x36, 0x31, 0x34, 0x09, 0x67, 0x61,
  0x72, 0x69, 0x73, 0x68, 0x0a, 0x32, 0x36, 0x36, 0x31, 0x35, 0x09, 0x67,
  0x61, 0x72, 0x6e, 0x65, 0x72, 0x0a, 0x32, 0x36, 0x36, 0x31, 0x36, 0x09,
  0x67, 0x61, 0x72, 0x72, 0x79, 0x0a, 0x32, 0x36, 0x36, 0x32, 0x31, 0x09,
  0x67, 0x61, 0x72, 0x74, 0x68, 0x0a, 0x32, 0x36, 0x36, 0x32, 0x32, 0x09,
  0x67, 0x61, 0x72, 0x79, 0x0a, 0x32, 0x36, 0x36, 0x32, 0x33, 0x09, 0x67,
  0x61, 0x73, 0x0a, 0x32, 0x36, 0x36, 0x32, 0x34, 0x09, 0x67, 0x61, 0x73,
  0x68, 0x0a, 0x32, 0x36, 0x36, 0x32, 0x35, 0x09, 0x67, 0x61, 0x73, 0x70,
  0x0a, 0x32, 0x36, 0x36, 0x32, 0x36, 0x09, 0x67, 0x61, 0x73, 0x73, 0x79,
  0x0a, 0x32, 0x36, 0x36, 0x33, 0x31, 0x09, 0x67, 0x61, 0x74, 0x65, 0x0a,
  0x32, 0x36, 0x36, 0x33, 0x32, 0x09, 0x67, 0x61, 0x74, 0x65, 0x73, 0x0a,
  0x32, 0x36, 0x36, 0x33, 0x33, 0x09, 0x67, 0x61, 0x74, 0x6f, 0x72, 0x0a,
  0x32, 0x36, 0x36, 0x33, 0x34, 0x09, 0x67, 0x61, 0x75, 0x63, 0x68, 0x65,
  0x0a, 0x32, 0x36, 0x36, 0x33, 0x35, 0x09, 0x67, 0x61, 0x75, 0x64, 0x79,
  0x0a, 0x32, 0x36, 0x36, 0x33, 0x36, 0x09, 0x67, 0x61, 0x75, 0x67, 0x65,
  0x0a, 0x32, 0x36, 0x36, 0x34, 0x31, 0x09, 0x67, 0x61, 0x75, 0x6c, 0x0a,
  0x32, 0x36, 0x36, 0x34, 0x32, 0x09, 0x67, 0x61, 0x75, 0x6e, 0x74, 0x0a,
  0x32, 0x36, 0x36, 0x34, 0x33, 0x09, 0x67, 0x61, 0x75, 0x72, 0x0a, 0x32,
  0x36, 0x36, 0x34, 0x34, 0x09, 0x67, 0x61, 0x75, 0x73, 0x73, 0x0a, 0x32,
  0x36, 0x36, 0x34, 0x35, 0x09, 0x67, 0x61, 0x75, 0x7a, 0x65, 0x0a, 0x32,
  0x36, 0x36, 0x34, 0x36, 0x09, 0x67, 0x61, 0x76, 0x65, 0x0a, 0x32, 0x36,
  0x36, 0x35, 0x31, 0x09, 0x67, 0x61, 0x76, 0x65, 0x6c, 0x0a, 0x32, 0x36,
  0x36, 0x35, 0x32, 0x09, 0x67, 0x61, 0x76, 0x69, 0x6e, 0x0a, 0x32, 0x36,
  0x36, 0x35, 0x33, 0x09, 0x67, 0x61, 0x77, 0x6b, 0x0a, 0x32, 0x36, 0x36,
  0x35, 0x34, 0x09, 0x67, 0x61, 0x77, 0x6b, 0x79, 0x0a, 0x32, 0x36, 0x36,
  0x35, 0x35, 0x09, 0x67, 0x61, 0x79, 0x0a, 0x32, 0x36, 0x36, 0x35, 0x36,
  0x09, 0x67, 0x61, 0x7a, 0x65, 0x0a, 0x32, 0x36, 0x36, 0x36, 0x31, 0x09,
  0x67, 0x62, 0x0a, 0x32, 0x36, 0x36, 0x36, 0x32, 0x09, 0x67, 0x63, 0x0a,
  0x32, 0x36, 0x36, 0x36, 0x33, 0x09, 0x67, 0x64, 0x0a, 0x32, 0x36, 0x36,
  0x36, 0x34, 0x09, 0x67, 0x65, 0x0a, 0x32, 0x36, 0x36, 0x36, 0x35, 0x09,
  0x67, 0x65, 0x61, 0x72, 0x0a, 0x32, 0x36, 0x36, 0x36, 0x36, 0x09, 0x67,
  0x65, 0x63, 0x6b, 0x6f, 0x0a, 0x33, 0x31, 0x31, 0x31, 0x31, 0x09, 0x67,
  0x65, 0x65, 0x0a, 0x33, 0x31, 0x31, 0x31, 0x32, 0x09, 0x67, 0x65, 0x65,
  0x73, 0x65, 0x0a, 0x33, 0x31, 0x31, 0x31, 0x33, 0x09, 0x67, 0x65, 0x69,
  0x67, 0x79, 0x0a, 0x33, 0x31, 0x31, 0x31, 0x34, 0x09, 0x67, 0x65, 0x6c,
  0x0a, 0x33, 0x31, 0x31, 0x31, 0x35, 0x09, 0x67, 0x65, 0x6c, 0x64, 0x0a,
  0x33, 0x31, 0x31, 0x31, 0x36, 0x09, 0x67, 0x65, 0x6d, 0x0a, 0x33, 0x31,
  0x31, 0x32, 0x31, 0x09, 0x67, 0x65, 0x6d, 0x6d, 0x61, 0x0a, 0x33, 0x31,
  0x31, 0x32, 0x32, 0x09, 0x67, 0x65, 0x6e, 0x65, 0x0a, 0x33, 0x31, 0x31,
  0x32, 0x33, 0x09, 0x67, 0x65, 0x6e, 0x69, 0x65, 0x0a, 0x33, 0x31, 0x31,
  0x32, 0x34, 0x09, 0x67, 0x65, 0x6e, 0x69, 0x69, 0x0a, 0x33, 0x31, 0x31,
  0x32, 0x35, 0x09, 0x67, 0x65, 0x6e, 0x6f, 0x61, 0x0a, 0x33, 0x31, 0x31,
  0x32, 0x36, 0x09, 0x67, 0x65, 0x6e, 0x72, 0x65, 0x0a, 0x33, 0x31, 0x31,
  0x33, 0x31, 0x09, 0x67, 0x65, 0x6e, 0x74, 0x0a, 0x33, 0x31, 0x31, 0x33,
  0x32, 0x09, 0x67, 0x65, 0x6e, 0x74, 0x72, 0x79, 0x0a, 0x33, 0x31, 0x31,
  0x33, 0x33, 0x09, 0x67, 0x65, 0x6e, 0x75, 0x73, 0x0a, 0x33, 0x31, 0x31,
  0x33, 0x34, 0x09, 0x67, 0x65, 0x72, 0x62, 0x69, 0x6c, 0x0a, 0x33, 0x31,
  0x31, 0x33, 0x35, 0x09, 0x67, 0x65, 0x72, 0x6d, 0x0a, 0x33, 0x31, 0x31,
  0x33, 0x36, 0x09, 0x67, 0x65, 0x72, 0x72, 0x79, 0x0a, 0x33, 0x31, 0x31,
  0x34, 0x31, 0x09, 0x67, 0x65, 0x74, 0x0a, 0x33, 0x31, 0x31, 0x34, 0x32,
  0x09, 0x67, 0x65, 0x74, 0x74, 0x79, 0x0a, 0x33, 0x31, 0x31, 0x34, 0x33,
  0x09, 0x67, 0x66, 0x0a, 0x33, 0x31, 0x31, 0x34, 0x34, 0x09, 0x67, 0x67,
  0x0a, 0x33, 0x31, 0x31, 0x34, 0x35, 0x09, 0x67, 0x67, 0x67, 0x0a, 0x33,
  0x31, 0x31, 0x34, 0x36, 0x09, 0x67, 0x67, 0x67, 0x67, 0x0a, 0x33, 0x31,
  0x31, 0x35, 0x31, 0x09, 0x67, 0x68, 0x0a, 0x33, 0x31, 0x31, 0x35, 0x32,
  0x09, 0x67, 0x68, 0x61, 0x6e, 0x61, 0x0a, 0x33, 0x31, 0x31, 0x35, 0x33,
  0x09, 0x67, 0x68, 0x65, 0x6e, 0x74, 0x0a, 0x33, 0x31, 0x31, 0x35, 0x34,
  0x09, 0x67, 0x68, 0x65, 0x74, 0x74, 0x6f, 0x0a, 0x33, 0x31, 0x31, 0x35,
  0x35, 0x09, 0x67, 0x68, 0x69, 0x0a, 0x33, 0x31, 0x31, 0x35, 0x36, 0x09,
  0x67, 0x68, 0x6f, 0x73, 0x74, 0x0a, 0x33, 0x31, 0x31, 0x36, 0x31, 0x09,
  0x67, 0x68, 0x6f, 0x75, 0x6c, 0x0a, 0x33, 0x31, 0x31, 0x36, 0x32, 0x09,
  0x67, 0x69, 0x0a, 0x33, 0x31, 0x31, 0x36, 0x33, 0x09, 0x67, 0x69, 0x61,
  0x6e, 0x74, 0x0a, 0x33, 0x31, 0x31, 0x36, 0x34, 0x09, 0x67, 0x69, 0x62,
  0x62, 0x73, 0x0a, 0x33, 0x31, 0x31, 0x36, 0x35, 0x09, 0x67, 0x69, 0x62,
  0x62, 0x79, 0x0a, 0x33, 0x31, 0x31, 0x36, 0x36, 0x09, 0x67, 0x69, 0x62,
  0x65, 0x0a, 0x33, 0x31, 0x32, 0x31, 0x31, 0x09, 0x67, 0x69, 0x64, 0x64,
  0x79, 0x0a, 0x33, 0x31, 0x32, 0x31, 0x32, 0x09, 0x67, 0x69, 0x66, 0x74,
  0x0a, 0x33, 0x31, 0x32, 0x31, 0x33, 0x09, 0x67, 0x69, 0x67, 0x0a, 0x33,
  0x31, 0x32, 0x31, 0x34, 0x09, 0x67, 0x69, 0x6c, 0x0a, 0x33, 0x31, 0x32,
  0x31, 0x35, 0x09, 0x67, 0x69, 0x6c, 0x61, 0x0a, 0x33, 0x31, 0x32, 0x31,
  0x36, 0x09, 0x67, 0x69, 0x6c, 0x64, 0x0a, 0x33, 0x31, 0x32, 0x32, 0x31,
  0x09, 0x67, 0x69, 0x6c, 0x65, 0x73, 0x0a, 0x33, 0x31, 0x32, 0x32, 0x32,
  0x09, 0x67, 0x69, 0x6c, 0x6c, 0x0a, 0x33, 0x31, 0x32, 0x32, 0x33, 0x09,
  0x67, 0x69, 0x6c, 0x74, 0x0a, 0x33, 0x31, 0x32, 0x32, 0x34, 0x09, 0x67,
  0x69, 0x6d, 0x62, 0x61, 0x6c, 0x0a, 0x33, 0x31, 0x32, 0x32, 0x35, 0x09,
  0x67, 0x69, 0x6d, 0x70, 0x79, 0x0a, 0x33, 0x31, 0x32, 0x32, 0x36, 0x09,
  0x67, 0x69, 0x6e, 0x0a, 0x33, 0x31, 0x32, 0x33, 0x31, 0x09, 0x67, 0x69,
  0x6e, 0x61, 0x0a, 0x33, 0x31, 0x32, 0x33, 0x32, 0x09, 0x67, 0x69, 0x6e,
  0x6e, 0x0a, 0x33, 0x31, 0x32, 0x33, 0x33, 0x09, 0x67, 0x69, 0x6e, 0x6f,
  0x0a, 0x33, 0x31, 0x32, 0x33, 0x34, 0x09, 0x67, 0x69, 0x72, 0x64, 0x0a,
  0x33, 0x31, 0x32, 0x33, 0x35, 0x09, 0x67, 0x69, 0x72, 0x6c, 0x0a, 0x33,
  0x31, 0x32, 0x33, 0x36, 0x09, 0x67, 0x69, 0x72, 0x74, 0x68, 0x0a, 0x33,
  0x31, 0x32, 0x34, 0x31, 0x09, 0x67, 0x69, 0x73, 0x74, 0x0a, 0x33, 0x31,
  0x32, 0x34, 0x32, 0x09, 0x67, 0x69, 0x76, 0x65, 0x0a, 0x33, 0x31, 0x32,
  0x34, 0x33, 0x09, 0x67, 0x69, 0x76, 0x65, 0x6e, 0x0a, 0x33, 0x31, 0x32,
  0x34, 0x34, 0x09, 0x67, 0x6a, 0x0a, 0x33, 0x31, 0x32, 0x34, 0x35, 0x09,
  0x67, 0x6b, 0x0a, 0x33, 0x31, 0x32, 0x34, 0x36, 0x09, 0x67, 0x6c, 0x0a,
  0x33, 0x31, 0x32, 0x35, 0x31, 0x09, 0x67, 0x6c, 0x61, 0x64, 0x0a, 0x33,
  0x31, 0x32, 0x35, 0x32, 0x09, 0x67, 0x6c, 0x61, 0x64, 0x64, 0x79, 0x0a,
  0x33, 0x31, 0x32, 0x35, 0x33, 0x09, 0x67, 0x6c, 0x61, 0x64, 0x65, 0x0a,
  0x33, 0x31, 0x32, 0x35, 0x34, 0x09, 0x67, 0x6c, 0x61, 0x6d, 0x6f, 0x72,
  0x0a, 0x33, 0x31, 0x32, 0x35, 0x35, 0x09, 0x67, 0x6c, 0x61, 0x6e, 0x64,
  0x0a, 0x33, 0x31, 0x32, 0x35, 0x36, 0x09, 0x67, 0x6c, 0x61, 0x6e, 0x73,
  0x0a, 0x33, 0x31, 0x32, 0x36, 0x31, 0x09, 0x67, 0x6c, 0x61, 0x72, 0x65,
  0x0a, 0x33, 0x31, 0x32, 0x36, 0x32, 0x09, 0x67, 0x6c, 0x61, 0x73, 0x73,
  0x0a, 0x33, 0x31, 0x32, 0x36, 0x33, 0x09, 0x67, 0x6c, 0x61, 0x7a, 0x65,
  0x0a, 0x33, 0x31, 0x32, 0x36, 0x34, 0x09, 0x67, 0x6c, 0x65, 0x61, 0x6d,
  0x0a, 0x33, 0x31, 0x32, 0x36, 0x35, 0x09, 0x67, 0x6c, 0x65, 0x61, 0x6e,
  0x0a, 0x33, 0x31, 0x32, 0x36, 0x36, 0x09, 0x67, 0x6c, 0x65, 0x65, 0x0a,
  0x33, 0x31, 0x33, 0x31, 0x31, 0x09, 0x67, 0x6c, 0x65, 0x6e, 0x0a, 0x33,
  0x31, 0x33, 0x31, 0x32, 0x09, 0x67, 0x6c, 0x65, 0x6e, 0x6e, 0x0a, 0x33,
  0x31, 0x33, 0x31, 0x33, 0x09, 0x67, 0x6c, 0x69, 0x62, 0x0a, 0x33, 0x31,
  0x33, 0x31, 0x34, 0x09, 0x67, 0x6c, 0x69, 0x64, 0x65, 0x0a, 0x33, 0x31,
  0x33, 0x31, 0x35, 0x09, 0x67, 0x6c, 0x69, 0x6e, 0x74, 0x0a, 0x33, 0x31,
  0x33, 0x31, 0x36, 0x09, 0x67, 0x6c, 0x6f, 0x61, 0x74, 0x0a, 0x33, 0x31,
  0x33, 0x32, 0x31, 0x09, 0x67, 0x6c, 0x6f, 0x62, 0x0a, 0x33, 0x31, 0x33,
  0x32, 0x32, 0x09, 0x67, 0x6c, 0x6f, 0x62, 0x65, 0x0a, 0x33, 0x31, 0x33,
  0x32, 0x33, 0x09, 0x67, 0x6c, 0x6f, 0x6d, 0x0a, 0x33, 0x31, 0x33, 0x32,
  0x34, 0x09, 0x67, 0x6c, 0x6f, 0x6f, 0x6d, 0x0a, 0x33, 0x31, 0x33, 0x32,
  0x35, 0x09, 0x67, 0x6c, 0x6f, 0x72, 0x79, 0x0a, 0x33, 0x31, 0x33, 0x32,
  0x36, 0x09, 0x67, 0x6c, 0x6f, 0x73, 0x73, 0x0a, 0x33, 0x31, 0x33, 0x33,
  0x31, 0x09, 0x67, 0x6c, 0x6f, 0x76, 0x65, 0x0a, 0x33, 0x31, 0x33, 0x33,
  0x32, 0x09, 0x67, 0x6c, 0x6f, 0x77, 0x0a, 0x33, 0x31, 0x33, 0x33, 0x33,
  0x09, 0x67, 0x6c, 0x75, 0x65, 0x0a, 0x33, 0x31, 0x33, 0x33, 0x34, 0x09,
  0x67, 0x6c, 0x75, 0x65, 0x64, 0x0a, 0x33, 0x31, 0x33, 0x33, 0x35, 0x09,
  0x67, 0x6c, 0x75, 0x65, 0x79, 0x0a, 0x33, 0x31, 0x33, 0x33, 0x36, 0x09,
  0x67, 0x6c, 0x75, 0x69, 0x6e, 0x67, 0x0a, 0x33, 0x31, 0x33, 0x34, 0x31,
  0x09, 0x67, 0x6c, 0x75, 0x6d, 0x0a, 0x33, 0x31, 0x33, 0x34, 0x32, 0x09,
  0x67, 0x6c, 0x75, 0x74, 0x0a, 0x33, 0x31, 0x33, 0x34, 0x33, 0x09, 0x67,
  0x6c, 0x79, 0x70, 0x68, 0x0a, 0x33, 0x31, 0x33, 0x34, 0x34, 0x09, 0x67,
  0x6d, 0x0a, 0x33, 0x31, 0x33, 0x34, 0x35, 0x09, 0x67, 0x6d, 0x74, 0x0a,
  0x33, 0x31, 0x33, 0x34, 0x36, 0x09, 0x67, 0x6e, 0x0a, 0x33, 0x31, 0x33,
  0x35, 0x31, 0x09, 0x67, 0x6e, 0x61, 0x72, 0x6c, 0x0a, 0x33, 0x31, 0x33,
  0x35, 0x32, 0x09, 0x67, 0x6e, 0x61, 0x73, 0x68, 0x0a, 0x33, 0x31, 0x33,
  0x35, 0x33, 0x09, 0x67, 0x6e, 0x61, 0x74, 0x0a, 0x33, 0x31, 0x33, 0x35,
  0x34, 0x09, 0x67, 0x6e, 0x61, 0x77, 0x0a, 0x33, 0x31, 0x33, 0x35, 0x35,
  0x09, 0x67, 0x6e, 0x6f, 0x6d, 0x65, 0x0a, 0x33, 0x31, 0x33, 0x35, 0x36,
  0x09, 0x67, 0x6e, 0x70, 0x0a, 0x33, 0x31, 0x33, 0x36, 0x31, 0x09, 0x67,
  0x6e, 0x75, 0x0a, 0x33, 0x31, 0x33, 0x36, 0x32, 0x09, 0x67, 0x6f, 0x0a,
  0x33, 0x31, 0x33, 0x36, 0x33, 0x09, 0x67, 0x6f, 0x61, 0x0a, 0x33, 0x31,
  0x33, 0x36, 0x34, 0x09, 0x67, 0x6f, 0x61, 0x64, 0x0a, 0x33, 0x31, 0x33,
  0x36, 0x35, 0x09, 0x67, 0x6f, 0x61, 0x6c, 0x0a, 0x33, 0x31, 0x33, 0x36,
  0x36, 0x09, 0x67, 0x6f, 0x61, 0x74, 0x0a, 0x33, 0x31, 0x34, 0x31, 0x31,
  0x09, 0x67, 0x6f, 0x62, 0x0a, 0x33, 0x31, 0x34, 0x31, 0x32, 0x09, 0x67,
  0x6f, 0x65, 0x72, 0x0a, 0x33, 0x31, 0x34, 0x31, 0x33, 0x09, 0x67, 0x6f,
  0x65, 0x73, 0x0a, 0x33, 0x31, 0x34, 0x31, 0x34, 0x09, 0x67, 0x6f, 0x66,
  0x66, 0x0a, 0x33, 0x31, 0x34, 0x31, 0x35, 0x09, 0x67, 0x6f, 0x67, 0x0a,
  0x33, 0x31, 0x34, 0x31, 0x36, 0x09, 0x67, 0x6f, 0x67, 0x67, 0x6c, 0x65,
  0x0a, 0x33, 0x31, 0x34, 0x32, 0x31, 0x09, 0x67, 0x6f, 0x67, 0x68, 0x0a,
  0x33, 0x31, 0x34, 0x32, 0x32, 0x09, 0x67, 0x6f, 0x67, 0x6f, 0x0a, 0x33,
  0x31, 0x34, 0x32, 0x33, 0x09, 0x67, 0x6f, 0x6c, 0x64, 0x0a, 0x33, 0x31,
  0x34, 0x32, 0x34, 0x09, 0x67, 0x6f, 0x6c, 0x66, 0x0a, 0x33, 0x31, 0x34,
  0x32, 0x35, 0x09, 0x67, 0x6f, 0x6c, 0x6c, 0x79, 0x0a, 0x33, 0x31, 0x34,
  0x32, 0x36, 0x09, 0x67, 0x6f, 0x6e, 0x65, 0x0a, 0x33, 0x31, 0x34, 0x33,
  0x31, 0x09, 0x67, 0x6f, 0x6e, 0x67, 0x0a, 0x33, 0x31, 0x34, 0x33, 0x32,
  0x09, 0x67, 0x6f, 0x6f, 0x0a, 0x33, 0x31, 0x34, 0x33, 0x33, 0x09, 0x67,
  0x6f, 0x6f, 0x64, 0x0a, 0x33, 0x31, 0x34, 0x33, 0x34, 0x09, 0x67, 0x6f,
  0x6f, 0x64, 0x65, 0x0a, 0x33, 0x31, 0x34, 0x33, 0x35, 0x09, 0x67, 0x6f,
  0x6f, 0x64, 0x79, 0x0a, 0x33, 0x31, 0x34, 0x33, 0x36, 0x09, 0x67, 0x6f,
  0x6f, 0x66, 0x0a, 0x33, 0x31, 0x34, 0x34, 0x31, 0x09, 0x67, 0x6f, 0x6f,
  0x66, 0x79, 0x0a, 0x33, 0x31, 0x34, 0x34, 0x32, 0x09, 0x67, 0x6f, 0x6f,
  0x73, 0x65, 0x0a, 0x33, 0x31, 0x34, 0x34, 0x33, 0x09, 0x67, 0x6f, 0x70,
  0x0a, 0x33, 0x31, 0x34, 0x34, 0x34, 0x09, 0x67, 0x6f, 0x72, 0x64, 0x6f,
  0x6e, 0x0a, 0x33, 0x31, 0x34, 0x34, 0x35, 0x09, 0x67, 0x6f, 0x72, 0x65,
  0x0a, 0x33, 0x31, 0x34, 0x34, 0x36, 0x09, 0x67, 0x6f, 0x72, 0x65, 0x6e,
  0x0a, 0x33, 0x31, 0x34, 0x35, 0x31, 0x09, 0x67, 0x6f, 0x72, 0x67, 0x65,
  0x0a, 0x33, 0x31, 0x34, 0x35, 0x32, 0x09, 0x67, 0x6f, 0x72, 0x6b, 0x79,
  0x0a, 0x33, 0x31, 0x34, 0x35, 0x33, 0x09, 0x67, 0x6f, 0x72, 0x73, 0x65,
  0x0a, 0x33, 0x31, 0x34, 0x35, 0x34, 0x09, 0x67, 0x6f, 0x72, 0x79, 0x0a,
  0x33, 0x31, 0x34, 0x35, 0x35, 0x09, 0x67, 0x6f, 0x73, 0x68, 0x0a, 0x33,
  0x31, 0x34, 0x35, 0x36, 0x09, 0x67, 0x6f, 0x73, 0x70, 0x65, 0x6c, 0x0a,
  0x33, 0x31, 0x34, 0x36, 0x31, 0x09, 0x67, 0x6f, 0x74, 0x0a, 0x33, 0x31,
  0x34, 0x36, 0x32, 0x09, 0x67, 0x6f, 0x75, 0x64, 0x61, 0x0a, 0x33, 0x31,
  0x34, 0x36, 0x33, 0x09, 0x67, 0x6f, 0x75, 0x67, 0x65, 0x0a, 0x33, 0x31,
  0x34, 0x36, 0x34, 0x09, 0x67, 0x6f, 0x75, 0x6c, 0x64, 0x0a, 0x33, 0x31,
  0x34, 0x36, 0x35, 0x09, 0x67, 0x6f, 0x75, 0x72, 0x64, 0x0a, 0x33, 0x31,
  0x34, 0x36, 0x36, 0x09, 0x67, 0x6f, 0x75, 0x74, 0x0a, 0x33, 0x31, 0x35,
  0x31, 0x31, 0x09, 0x67, 0x6f, 0x77, 0x6e, 0x0a, 0x33, 0x31, 0x35, 0x31,
  0x32, 0x09, 0x67, 0x70, 0x0a, 0x33, 0x31, 0x35, 0x31, 0x33, 0x09, 0x67,
  0x70, 0x6f, 0x0a, 0x33, 0x31, 0x35, 0x31, 0x34, 0x09, 0x67, 0x71, 0x0a,
  0x33, 0x31, 0x35, 0x31, 0x35, 0x09, 0x67, 0x72, 0x0a, 0x33, 0x31, 0x35,
  0x31, 0x36, 0x09, 0x67, 0x72, 0x61, 0x62, 0x0a, 0x33, 0x31, 0x35, 0x32,
  0x31, 0x09, 0x67, 0x72, 0x61, 0x63, 0x65, 0x0a, 0x33, 0x31, 0x35, 0x32,
  0x32, 0x09, 0x67, 0x72, 0x61, 0x64, 0x0a, 0x33, 0x31, 0x35, 0x32, 0x33,
  0x09, 0x67, 0x72, 0x61, 0x64, 0x65, 0x0a, 0x33, 0x31, 0x35, 0x32, 0x34,
  0x09, 0x67, 0x72, 0x61, 0x64, 0x79, 0x0a, 0x33, 0x31, 0x35, 0x32, 0x35,
  0x09, 0x67, 0x72, 0x61, 0x66, 0x66, 0x0a, 0x33, 0x31, 0x35, 0x32, 0x36,
  0x09, 0x67, 0x72, 0x61, 0x66, 0x74, 0x0a, 0x33, 0x31, 0x35, 0x33, 0x31,
  0x09, 0x67, 0x72, 0x61, 0x69, 0x6c, 0x0a, 0x33, 0x31, 0x35, 0x33, 0x32,
  0x09, 0x67, 0x72, 0x61, 0x69, 0x6e, 0x0a, 0x33, 0x31, 0x35, 0x33, 0x33,
  0x09, 0x67, 0x72, 0x61, 0x6e, 0x64, 0x0a, 0x33, 0x31, 0x35, 0x33, 0x34,
  0x09, 0x67, 0x72, 0x61, 0x6e, 0x74, 0x0a, 0x33, 0x31, 0x35, 0x33, 0x35,
  0x09, 0x67, 0x72, 0x61, 0x70, 0x65, 0x0a, 0x33, 0x31, 0x35, 0x33, 0x36,
  0x09, 0x67, 0x72, 0x61, 0x70, 0x68, 0x0a, 0x33, 0x31, 0x35, 0x34, 0x31,
  0x09, 0x67, 0x72, 0x61, 0x73, 0x70, 0x0a, 0x33, 0x31, 0x35, 0x34, 0x32,
  0x09, 0x67, 0x72, 0x61, 0x73, 0x73, 0x0a, 0x33, 0x31, 0x35, 0x34, 0x33,
  0x09, 0x67, 0x72, 0x61, 0x74, 0x61, 0x0a, 0x33, 0x31, 0x35, 0x34, 0x34,
  0x09, 0x67, 0x72, 0x61, 0x74, 0x65, 0x0a, 0x33, 0x31, 0x35, 0x34, 0x35,
  0x09, 0x67, 0x72, 0x61, 0x74, 0x65, 0x72, 0x0a, 0x33, 0x31, 0x35, 0x34,
  0x36, 0x09, 0x67, 0x72, 0x61, 0x76, 0x65, 0x0a, 0x33, 0x31, 0x35, 0x35,
  0x31, 0x09, 0x67, 0x72, 0x61, 0x76, 0x79, 0x0a, 0x33, 0x31, 0x35, 0x35,
  0x32, 0x09, 0x67, 0x72, 0x61, 0x79, 0x0a, 0x33, 0x31, 0x35, 0x35, 0x33,
  0x09, 0x67, 0x72, 0x61, 0x7a, 0x65, 0x0a, 0x33, 0x31, 0x35, 0x35, 0x34,
  0x09, 0x67, 0x72, 0x65, 0x61, 0x74, 0x0a, 0x33, 0x31, 0x35, 0x35, 0x35,
  0x09, 0x67, 0x72, 0x65, 0x62, 0x65, 0x0a, 0x33, 0x31, 0x35, 0x35, 0x36,
  0x09, 0x67, 0x72, 0x65, 0x65, 0x64, 0x0a, 0x33, 0x31, 0x35, 0x36, 0x31,
  0x09, 0x67, 0x72, 0x65, 0x65, 0x64, 0x79, 0x0a, 0x33, 0x31, 0x35, 0x36,
  0x32, 0x09, 0x67, 0x72, 0x65, 0x65, 0x6b, 0x0a, 0x33, 0x31, 0x35, 0x36,
  0x33, 0x09, 0x67, 0x72, 0x65, 0x65, 0x6e, 0x0a, 0x33, 0x31, 0x35, 0x36,
  0x34, 0x09, 0x67, 0x72, 0x65, 0x65, 0x72, 0x0a, 0x33, 0x31, 0x35, 0x36,
  0x35, 0x09, 0x67, 0x72, 0x65, 0x65, 0x74, 0x0a, 0x33, 0x31, 0x35, 0x36,
  0x36, 0x09, 0x67, 0x72, 0x65, 0x67, 0x0a, 0x33, 0x31, 0x36, 0x31, 0x31,
  0x09, 0x67, 0x72, 0x65, 0x67, 0x67, 0x0a, 0x33, 0x31, 0x36, 0x31, 0x32,
  0x09, 0x67, 0x72, 0x65, 0x74, 0x61, 0x0a, 0x33, 0x31, 0x36, 0x31, 0x33,
  0x09, 0x67, 0x72, 0x65, 0x77, 0x0a, 0x33, 0x31, 0x36, 0x31, 0x34, 0x09,
  0x67, 0x72, 0x65, 0x79, 0x0a, 0x33, 0x31, 0x36, 0x31, 0x35, 0x09, 0x67,
  0x72, 0x69, 0x64, 0x0a, 0x33, 0x31, 0x36, 0x31, 0x36, 0x09, 0x67, 0x72,
  0x69, 0x65, 0x66, 0x0a, 0x33, 0x31, 0x36, 0x32, 0x31, 0x09, 0x67, 0x72,
  0x69, 0x65, 0x76, 0x65, 0x0a, 0x33, 0x31, 0x36, 0x32, 0x32, 0x09, 0x67,
  0x72, 0x69, 0x6c, 0x6c, 0x0a, 0x33, 0x31, 0x36, 0x32, 0x33, 0x09, 0x67,
  0x72, 0x69, 0x6d, 0x0a, 0x33, 0x31, 0x36, 0x32, 0x34, 0x09, 0x67, 0x72,
  0x69, 0x6d, 0x65, 0x0a, 0x33, 0x31, 0x36, 0x32, 0x35, 0x09, 0x67, 0x72,
  0x69, 0x6d, 0x6d, 0x0a, 0x33, 0x31, 0x36, 0x32, 0x36, 0x09, 0x67, 0x72,
  0x69, 0x6e, 0x0a, 0x33, 0x31, 0x36, 0x33, 0x31, 0x09, 0x67, 0x72, 0x69,
  0x6e, 0x64, 0x0a, 0x33, 0x31, 0x36, 0x33, 0x32, 0x09, 0x67, 0x72, 0x69,
  0x70, 0x0a, 0x33, 0x31, 0x36, 0x33, 0x33, 0x09, 0x67, 0x72, 0x69, 0x70,
  0x65, 0x0a, 0x33, 0x31, 0x36, 0x33, 0x34, 0x09, 0x67, 0x72, 0x69, 0x73,
  0x74, 0x0a, 0x33, 0x31, 0x36, 0x33, 0x35, 0x09, 0x67, 0x72, 0x69, 0x74,
  0x0a, 0x33, 0x31, 0x36, 0x33, 0x36, 0x09, 0x67, 0x72, 0x6f, 0x61, 0x6e,
  0x0a, 0x33, 0x31, 0x36, 0x34, 0x31, 0x09, 0x67, 0x72, 0x6f, 0x61, 0x74,
  0x0a, 0x33, 0x31, 0x36, 0x34, 0x32, 0x09, 0x67, 0x72, 0x6f, 0x69, 0x6e,
  0x0a, 0x33, 0x31, 0x36, 0x34, 0x33, 0x09, 0x67, 0x72, 0x6f, 0x6f, 0x6d,
  0x0a, 0x33, 0x31, 0x36, 0x34, 0x34, 0x09, 0x67, 0x72, 0x6f, 0x70, 0x65,
  0x0a, 0x33, 0x31, 0x36, 0x34, 0x35, 0x09, 0x67, 0x72, 0x6f, 0x73, 0x73,
  0x0a, 0x33, 0x31, 0x36, 0x34, 0x36, 0x09, 0x67, 0x72, 0x6f, 0x74, 0x6f,
  0x6e, 0x0a, 0x33, 0x31, 0x36, 0x35, 0x31, 0x09, 0x67, 0x72, 0x6f, 0x75,
  0x70, 0x0a, 0x33, 0x31, 0x36, 0x35, 0x32, 0x09, 0x67, 0x72, 0x6f, 0x75,
  0x74, 0x0a, 0x33, 0x31, 0x36, 0x35, 0x33, 0x09, 0x67, 0x72, 0x6f, 0x76,
  0x65, 0x0a, 0x33, 0x31, 0x36, 0x35, 0x34, 0x09, 0x67, 0x72, 0x6f, 0x77,
  0x0a, 0x33, 0x31, 0x36, 0x35, 0x35, 0x09, 0x67, 0x72, 0x6f, 0x77, 0x6c,
  0x0a, 0x33, 0x31, 0x36, 0x35, 0x36, 0x09, 0x67, 0x72, 0x6f, 0x77, 0x6e,
  0x0a, 0x33, 0x31, 0x36, 0x36, 0x31, 0x09, 0x67, 0x72, 0x75, 0x62, 0x0a,
  0x33, 0x31, 0x36, 0x36, 0x32, 0x09, 0x67, 0x72, 0x75, 0x66, 0x66, 0x0a,
  0x33, 0x31, 0x36, 0x36, 0x33, 0x09, 0x67, 0x72, 0x75, 0x6e, 0x74, 0x0a,
  0x33, 0x31, 0x36, 0x36, 0x34, 0x09, 0x67, 0x73, 0x0a, 0x33, 0x31, 0x36,
  0x36, 0x35, 0x09, 0x67, 0x73, 0x61, 0x0a, 0x33, 0x31, 0x36, 0x36, 0x36,
  0x09, 0x67, 0x74, 0x0a, 0x33, 0x32, 0x31, 0x31, 0x31, 0x09, 0x67, 0x75,
  0x0a, 0x33, 0x32, 0x31, 0x31, 0x32, 0x09, 0x67, 0x75, 0x61, 0x6d, 0x0a,
  0x33, 0x32, 0x31, 0x31, 0x33, 0x09, 0x67, 0x75, 0x61, 0x6e, 0x6f, 0x0a,
  0x33, 0x32, 0x31, 0x31, 0x34, 0x09, 0x67, 0x75, 0x61, 0x72, 0x64, 0x0a,
  0x33, 0x32, 0x31, 0x31, 0x35, 0x09, 0x67, 0x75, 0x65, 0x73, 0x73, 0x0a,
  0x33, 0x32, 0x31, 0x31, 0x36, 0x09, 0x67, 0x75, 0x65, 0x73, 0x74, 0x0a,
  0x33, 0x32, 0x31, 0x32, 0x31, 0x09, 0x67, 0x75, 0x69, 0x64, 0x65, 0x0a,
  0x33, 0x32, 0x31, 0x32, 0x32, 0x09, 0x67, 0x75, 0x69, 0x6c, 0x64, 0x0a,
  0x33, 0x32, 0x31, 0x32, 0x33, 0x09, 0x67, 0x75, 0x69, 0x6c, 0x65, 0x0a,
  0x33, 0x32, 0x31, 0x32, 0x34, 0x09, 0x67, 0x75, 0x69, 0x6c, 0x74, 0x0a,
  0x33, 0x32, 0x31, 0x32, 0x35, 0x09, 0x67, 0x75, 0x69, 0x73, 0x65, 0x0a,
  0x33, 0x32, 0x31, 0x32, 0x36, 0x09, 0x67, 0x75, 0x69, 0x74, 0x61, 0x72,
  0x0a, 0x33, 0x32, 0x31, 0x33, 0x31, 0x09, 0x67, 0x75, 0x6c, 0x65, 0x73,
  0x0a, 0x33, 0x32, 0x31, 0x33, 0x32, 0x09, 0x67, 0x75, 0x6c, 0x66, 0x0a,
  0x33, 0x32, 0x31, 0x33, 0x33, 0x09, 0x67, 0x75, 0x6c, 0x6c, 0x0a, 0x33,
  0x32, 0x31, 0x33, 0x34, 0x09, 0x67, 0x75, 0x6c, 0x6c, 0x79, 0x0a, 0x33,
  0x32, 0x31, 0x33, 0x35, 0x09, 0x67, 0x75, 0x6c, 0x70, 0x0a, 0x33, 0x32,
  0x31, 0x33, 0x36, 0x09, 0x67, 0x75, 0x6d, 0x0a, 0x33, 0x32, 0x31, 0x34,
  0x31, 0x09, 0x67, 0x75, 0x6d, 0x62, 0x6f, 0x0a, 0x33, 0x32, 0x31, 0x34,
  0x32, 0x09, 0x67, 0x75, 0x6d, 0x6d, 0x79, 0x0a, 0x33, 0x32, 0x31, 0x34,
  0x33, 0x09, 0x67, 0x75, 0x6e, 0x0a, 0x33, 0x32, 0x31, 0x34, 0x34, 0x09,
  0x67, 0x75, 0x6e, 0x6b, 0x0a, 0x33, 0x32, 0x31, 0x34, 0x35, 0x09, 0x67,
  0x75, 0x6e, 0x6b, 0x79, 0x0a, 0x33, 0x32, 0x31, 0x34, 0x36, 0x09, 0x67,
  0x75, 0x6e, 0x6e, 0x79, 0x0a, 0x33, 0x32, 0x31, 0x35, 0x31, 0x09, 0x67,
  0x75, 0x72, 0x67, 0x6c, 0x65, 0x0a, 0x33, 0x32, 0x31, 0x35, 0x32, 0x09,
  0x67, 0x75, 0x72, 0x75, 0x0a, 0x33, 0x32, 0x31, 0x35, 0x33, 0x09, 0x67,
  0x75, 0x73, 0x0a, 0x33, 0x32, 0x31, 0x35, 0x34, 0x09, 0x67, 0x75, 0x73,
  0x68, 0x0a, 0x33, 0x32, 0x31, 0x35, 0x35, 0x09, 0x67, 0x75, 0x73, 0x74,
  0x0a, 0x33, 0x32, 0x31, 0x35, 0x36, 0x09, 0x67, 0x75, 0x73, 0x74, 0x6f,
  0x0a, 0x33, 0x32, 0x31, 0x36, 0x31, 0x09, 0x67, 0x75, 0x73, 0x74, 0x79,
  0x0a, 0x33, 0x32, 0x31, 0x36, 0x32, 0x09, 0x67, 0x75, 0x74, 0x0a, 0x33,
  0x32, 0x31, 0x36, 0x33, 0x09, 0x67, 0x75, 0x74, 0x73, 0x79, 0x0a, 0x33,
  0x32, 0x31, 0x36, 0x34, 0x09, 0x67, 0x75, 0x79, 0x0a, 0x33, 0x32, 0x31,
  0x36, 0x35, 0x09, 0x67, 0x75, 0x79, 0x61, 0x6e, 0x61, 0x0a, 0x33, 0x32,
  0x31, 0x36, 0x36, 0x09, 0x67, 0x76, 0x0a, 0x33, 0x32, 0x32, 0x31, 0x31,
  0x09, 0x67, 0x77, 0x0a, 0x33, 0x32, 0x32, 0x31, 0x32, 0x09, 0x67, 0x77,
  0x65, 0x6e, 0x0a, 0x33, 0x32, 0x32, 0x31, 0x33, 0x09, 0x67, 0x77, 0x79,
  0x6e, 0x0a, 0x33, 0x32, 0x32, 0x31, 0x34, 0x09, 0x67, 0x78, 0x0a, 0x33,
  0x32, 0x32, 0x31, 0x35, 0x09, 0x67, 0x79, 0x0a, 0x33, 0x32, 0x32, 0x31,
  0x36, 0x09, 0x67, 0x79, 0x6d, 0x0a, 0x33, 0x32, 0x32, 0x32, 0x31, 0x09,
  0x67, 0x79, 0x70, 0x0a, 0x33, 0x32, 0x32, 0x32, 0x32, 0x09, 0x67, 0x79,
  0x70, 0x73, 0x79, 0x0a, 0x33, 0x32, 0x32, 0x32, 0x33, 0x09, 0x67, 0x79,
  0x72, 0x6f, 0x0a, 0x33, 0x32, 0x32, 0x32, 0x34, 0x09, 0x67, 0x7a, 0x0a,
  0x33, 0x32, 0x32, 0x32, 0x35, 0x09, 0x68, 0x0a, 0x33, 0x32, 0x32, 0x32,
  0x36, 0x09, 0x68, 0x27, 0x73, 0x0a, 0x33, 0x32, 0x32, 0x33, 0x31, 0x09,
  0x68, 0x61, 0x0a, 0x33, 0x32, 0x32, 0x33, 0x32, 0x09, 0x68, 0x61, 0x61,
  0x67, 0x0a, 0x33, 0x32, 0x32, 0x33, 0x33, 0x09, 0x68, 0x61, 0x61, 0x73,
  0x0a, 0x33, 0x32, 0x32, 0x33, 0x34, 0x09, 0x68, 0x61, 0x62, 0x69, 0x62,
  0x0a, 0x33, 0x32, 0x32, 0x33, 0x35, 0x09, 0x68, 0x61, 0x62, 0x69, 0x74,
  0x0a, 0x33, 0x32, 0x32, 0x33, 0x36, 0x09, 0x68, 0x61, 0x63, 0x6b, 0x0a,
  0x33, 0x32, 0x32, 0x34, 0x31, 0x09, 0x68, 0x61, 0x64, 0x0a, 0x33, 0x32,
  0x32, 0x34, 0x32, 0x09, 0x68, 0x61, 0x64, 0x65, 0x73, 0x0a, 0x33, 0x32,
  0x32, 0x34, 0x33, 0x09, 0x68, 0x61, 0x64, 0x72, 0x6f, 0x6e, 0x0a, 0x33,
  0x32, 0x32, 0x34, 0x34, 0x09, 0x68, 0x61, 0x67, 0x65, 0x6e, 0x0a, 0x33,
  0x32, 0x32, 0x34, 0x35, 0x09, 0x68, 0x61, 0x67, 0x65, 0x72, 0x0a, 0x33,
  0x32, 0x32, 0x34, 0x36, 0x09, 0x68, 0x61, 0x67, 0x75, 0x65, 0x0a, 0x33,
  0x32, 0x32, 0x35, 0x31, 0x09, 0x68, 0x61, 0x68, 0x6e, 0x0a, 0x33, 0x32,
  0x32, 0x35, 0x32, 0x09, 0x68, 0x61, 0x69, 0x66, 0x61, 0x0a, 0x33, 0x32,
  0x32, 0x35, 0x33, 0x09, 0x68, 0x61, 0x69, 0x6b, 0x75, 0x0a, 0x33, 0x32,
  0x32, 0x35, 0x34, 0x09, 0x68, 0x61, 0x69, 0x6c, 0x0a, 0x33, 0x32, 0x32,
  0x35, 0x35, 0x09, 0x68, 0x61, 0x69, 0x72, 0x0a, 0x33, 0x32, 0x32, 0x35,
  0x36, 0x09, 0x68, 0x61, 0x69, 0x72, 0x79, 0x0a, 0x33, 0x32, 0x32, 0x36,
  0x31, 0x09, 0x68, 0x61, 0x69, 0x74, 0x69, 0x0a, 0x33, 0x32, 0x32, 0x36,
  0x32, 0x09, 0x68, 0x61, 0x6c, 0x0a, 0x33, 0x32, 0x32, 0x36, 0x33, 0x09,
  0x68, 0x61, 0x6c, 0x65, 0x0a, 0x33, 0x32, 0x32, 0x36, 0x34, 0x09, 0x68,
  0x61, 0x6c, 0x65, 0x79, 0x0a, 0x33, 0x32, 0x32, 0x36, 0x35, 0x09, 0x68,
  0x61, 0x6c, 0x66, 0x0a, 0x33, 0x32, 0x32, 0x36, 0x36, 0x09, 0x68, 0x61,
  0x6c, 0x6c, 0x0a, 0x33, 0x32, 0x33, 0x31, 0x31, 0x09, 0x68, 0x61, 0x6c,
  0x6d, 0x61, 0x0a, 0x33, 0x32, 0x33, 0x31, 0x32, 0x09, 0x68, 0x61, 0x6c,
  0x6f, 0x0a, 0x33, 0x32, 0x33, 0x31, 0x33, 0x09, 0x68, 0x61, 0x6c, 0x74,
  0x0a, 0x33, 0x32, 0x33, 0x31, 0x34, 0x09, 0x68, 0x61, 0x6c, 0x76, 0x61,
  0x68, 0x0a, 0x33, 0x32, 0x33, 0x31, 0x35, 0x09, 0x68, 0x61, 0x6c, 0x76,
  0x65, 0x0a, 0x33, 0x32, 0x33, 0x31, 0x36, 0x09, 0x68, 0x61, 0x6d, 0x0a,
  0x33, 0x32, 0x33, 0x32, 0x31, 0x09, 0x68, 0x61, 0x6d, 0x61, 0x6c, 0x0a,
  0x33, 0x32, 0x33, 0x32, 0x32, 0x09, 0x68, 0x61, 0x6d, 0x6c, 0x69, 0x6e,
  0x0a, 0x33, 0x32, 0x33, 0x32, 0x33, 0x09, 0x68, 0x61, 0x6e, 0x0a, 0x33,
  0x32, 0x33, 0x32, 0x34, 0x09, 0x68, 0x61, 0x6e, 0x64, 0x0a, 0x33, 0x32,
  0x33, 0x32, 0x35, 0x09, 0x68, 0x61, 0x6e, 0x64, 0x79, 0x0a, 0x33, 0x32,
  0x33, 0x32, 0x36, 0x09, 0x68, 0x61, 0x6e, 0x65, 0x79, 0x0a, 0x33, 0x32,
  0x33, 0x33, 0x31, 0x09, 0x68, 0x61, 0x6e, 0x67, 0x0a, 0x33, 0x32, 0x33,
  0x33, 0x32, 0x09, 0x68, 0x61, 0x6e, 0x6b, 0x0a, 0x33, 0x32, 0x33, 0x33,
  0x33, 0x09, 0x68, 0x61, 0x6e, 0x6e, 0x61, 0x0a, 0x33, 0x32, 0x33, 0x33,
  0x34, 0x09, 0x68, 0x61, 0x6e, 0x6f, 0x69, 0x0a, 0x33, 0x32, 0x33, 0x33,
  0x35, 0x09, 0x68, 0x61, 0x6e, 0x73, 0x0a, 0x33, 0x32, 0x33, 0x33, 0x36,
  0x09, 0x68, 0x61, 0x6e, 0x73, 0x65, 0x6c, 0x0a, 0x33, 0x32, 0x33, 0x34,
  0x31, 0x09, 0x68, 0x61, 0x70, 0x0a, 0x33, 0x32, 0x33, 0x34, 0x32, 0x09,
  0x68, 0x61, 0x70, 0x70, 0x79, 0x0a, 0x33, 0x32, 0x33, 0x34, 0x33, 0x09,
  0x68, 0x61, 0x72, 0x64, 0x0a, 0x33, 0x32, 0x33, 0x34, 0x34, 0x09, 0x68,
  0x61, 0x72, 0x64, 0x79, 0x0a, 0x33, 0x32, 0x33, 0x34, 0x35, 0x09, 0x68,
  0x61, 0x72, 0x65, 0x0a, 0x33, 0x32, 0x33, 0x34, 0x36, 0x09, 0x68, 0x61,
  0x72, 0x65, 0x6d, 0x0a, 0x33, 0x32, 0x33, 0x35, 0x31, 0x09, 0x68, 0x61,
  0x72, 0x6b, 0x0a, 0x33, 0x32, 0x33, 0x35, 0x32, 0x09, 0x68, 0x61, 0x72,
  0x6c, 0x65, 0x79, 0x0a, 0x33, 0x32, 0x33, 0x35, 0x33, 0x09, 0x68, 0x61,
  0x72, 0x6d, 0x0a, 0x33, 0x32, 0x33, 0x35, 0x34, 0x09, 0x68, 0x61, 0x72,
  0x70, 0x0a, 0x33, 0x32, 0x33, 0x35, 0x35, 0x09, 0x68, 0x61, 0x72, 0x70,
  0x79, 0x0a, 0x33, 0x32, 0x33, 0x35, 0x36, 0x09, 0x68, 0x61, 0x72, 0x72,
  0x79, 0x0a, 0x33, 0x32, 0x33, 0x36, 0x31, 0x09, 0x68, 0x61, 0x72, 0x73,
  0x68, 0x0a, 0x33, 0x32, 0x33, 0x36, 0x32, 0x09, 0x68, 0x61, 0x72, 0x74,
  0x0a, 0x33, 0x32, 0x33, 0x36, 0x33, 0x09, 0x68, 0x61, 0x72, 0x76, 0x65,
  0x79, 0x0a, 0x33, 0x32, 0x33, 0x36, 0x34, 0x09, 0x68, 0x61, 0x73, 0x68,
  0x0a, 0x33, 0x32, 0x33, 0x36, 0x35, 0x09, 0x68, 0x61, 0x73, 0x70, 0x0a,
  0x33, 0x32, 0x33, 0x36, 0x36, 0x09, 0x68, 0x61, 0x73, 0x74, 0x0a, 0x33,
  0x32, 0x34, 0x31, 0x31, 0x09, 0x68, 0x61, 0x73, 0x74, 0x65, 0x0a, 0x33,
  0x32, 0x34, 0x31, 0x32, 0x09, 0x68, 0x61, 0x73, 0x74, 0x79, 0x0a, 0x33,
  0x32, 0x34, 0x31, 0x33, 0x09, 0x68, 0x61, 0x74, 0x0a, 0x33, 0x32, 0x34,
  0x31, 0x34, 0x09, 0x68, 0x61, 0x74, 0x63, 0x68, 0x0a, 0x33, 0x32, 0x34,
  0x31, 0x35, 0x09, 0x68, 0x61, 0x74, 0x65, 0x0a, 0x33, 0x32, 0x34, 0x31,
  0x36, 0x09, 0x68, 0x61, 0x74, 0x65, 0x72, 0x0a, 0x33, 0x32, 0x34, 0x32,
  0x31, 0x09, 0x68, 0x61, 0x74, 0x68, 0x0a, 0x33, 0x32, 0x34, 0x32, 0x32,
  0x09, 0x68, 0x61, 0x74, 0x72, 0x65, 0x64, 0x0a, 0x33, 0x32, 0x34, 0x32,
  0x33, 0x09, 0x68, 0x61, 0x75, 0x6c, 0x0a, 0x33, 0x32, 0x34, 0x32, 0x34,
  0x09, 0x68, 0x61, 0x75, 0x6e, 0x74, 0x0a, 0x33, 0x32, 0x34, 0x32, 0x35,
  0x09, 0x68, 0x61, 0x76, 0x65, 0x0a, 0x33, 0x32, 0x34, 0x32, 0x36, 0x09,
  0x68, 0x61, 0x76, 0x65, 0x6e, 0x0a, 0x33, 0x32, 0x34, 0x33, 0x31, 0x09,
  0x68, 0x61, 0x76, 0x6f, 0x63, 0x0a, 0x33, 0x32, 0x34, 0x33, 0x32, 0x09,
  0x68, 0x61, 0x77, 0x0a, 0x33, 0x32, 0x34, 0x33, 0x33, 0x09, 0x68, 0x61,
  0x77, 0x6b, 0x0a, 0x33, 0x32, 0x34, 0x33, 0x34, 0x09, 0x68, 0x61, 0x79,
  0x0a, 0x33, 0x32, 0x34, 0x33, 0x35, 0x09, 0x68, 0x61, 0x79, 0x64, 0x6e,
  0x0a, 0x33, 0x32, 0x34, 0x33, 0x36, 0x09, 0x68, 0x61, 0x79, 0x65, 0x73,
  0x0a, 0x33, 0x32, 0x34, 0x34, 0x31, 0x09, 0x68, 0x61, 0x79, 0x73, 0x0a,
  0x33, 0x32, 0x34, 0x34, 0x32, 0x09, 0x68, 0x61, 0x7a, 0x61, 0x72, 0x64,
  0x0a, 0x33, 0x32, 0x34, 0x34, 0x33, 0x09, 0x68, 0x61, 0x7a, 0x65, 0x0a,
  0x33, 0x32, 0x34, 0x34, 0x34, 0x09, 0x68, 0x61, 0x7a, 0x65, 0x6c, 0x0a,
  0x33, 0x32, 0x34, 0x34, 0x35, 0x09, 0x68, 0x61, 0x7a, 0x79, 0x0a, 0x33,
  0x32, 0x34, 0x34, 0x36, 0x09, 0x68, 0x62, 0x0a, 0x33, 0x32, 0x34, 0x35,
  0x31, 0x09, 0x68, 0x63, 0x0a, 0x33, 0x32, 0x34, 0x35, 0x32, 0x09, 0x68,
  0x64, 0x0a, 0x33, 0x32, 0x34, 0x35, 0x33, 0x09, 0x68, 0x65, 0x0a, 0x33,
  0x32, 0x34, 0x35, 0x34, 0x09, 0x68, 0x65, 0x27, 0x64, 0x0a, 0x33, 0x32,
  0x34, 0x35, 0x35, 0x09, 0x68, 0x65, 0x27, 0x6c, 0x6c, 0x0a, 0x33, 0x32,
  0x34, 0x35, 0x36, 0x09, 0x68, 0x65, 0x61, 0x64, 0x0a, 0x33, 0x32, 0x34,
  0x36, 0x31, 0x09, 0x68, 0x65, 0x61, 0x64, 0x79, 0x0a, 0x33, 0x32, 0x34,
  0x36, 0x32, 0x09, 0x68, 0x65, 0x61, 0x6c, 0x0a, 0x33, 0x32, 0x34, 0x36,
  0x33, 0x09, 0x68, 0x65, 0x61, 0x6c, 0x79, 0x0a, 0x33, 0x32, 0x34, 0x36,
  0x34, 0x09, 0x68, 0x65, 0x61, 0x70, 0x0a, 0x33, 0x32, 0x34, 0x36, 0x35,
  0x09, 0x68, 0x65, 0x61, 0x72, 0x0a, 0x33, 0x32, 0x34, 0x36, 0x36, 0x09,
  0x68, 0x65, 0x61, 0x72, 0x64, 0x0a, 0x33, 0x32, 0x35, 0x31, 0x31, 0x09,
  0x68, 0x65, 0x61, 0x72, 0x74, 0x0a, 0x33, 0x32, 0x35, 0x31, 0x32, 0x09,
  0x68, 0x65, 0x61, 0x74, 0x0a, 0x33, 0x32, 0x35, 0x31, 0x33, 0x09, 0x68,
  0x65, 0x61, 0x74, 0x68, 0x0a, 0x33, 0x32, 0x35, 0x31, 0x34, 0x09, 0x68,
  0x65, 0x61, 0x76, 0x65, 0x0a, 0x33, 0x32, 0x35, 0x31, 0x35, 0x09, 0x68,
  0x65, 0x61, 0x76, 0x79, 0x0a, 0x33, 0x32, 0x35, 0x31, 0x36, 0x09, 0x68,
  0x65, 0x62, 0x65, 0x0a, 0x33, 0x32, 0x35, 0x32, 0x31, 0x09, 0x68, 0x65,
  0x62, 0x72, 0x65, 0x77, 0x0a, 0x33, 0x32, 0x35, 0x32, 0x32, 0x09, 0x68,
  0x65, 0x63, 0x6b, 0x0a, 0x33, 0x32, 0x35, 0x32, 0x33, 0x09, 0x68, 0x65,
  0x63, 0x6b, 0x6c, 0x65, 0x0a, 0x33, 0x32, 0x35, 0x32, 0x34, 0x09, 0x68,
  0x65, 0x64, 0x67, 0x65, 0x0a, 0x33, 0x32, 0x35, 0x32, 0x35, 0x09, 0x68,
  0x65, 0x65, 0x64, 0x0a, 0x33, 0x32, 0x35, 0x32, 0x36, 0x09, 0x68, 0x65,
  0x65, 0x6c, 0x0a, 0x33, 0x32, 0x35, 0x33, 0x31, 0x09, 0x68, 0x65, 0x66,
  0x74, 0x0a, 0x33, 0x32, 0x35, 0x33, 0x32, 0x09, 0x68, 0x65, 0x66, 0x74,
  0x79, 0x0a, 0x33, 0x32, 0x35, 0x33, 0x33, 0x09, 0x68, 0x65, 0x69, 0x67,
  0x68, 0x0a, 0x33, 0x32, 0x35, 0x33, 0x34, 0x09, 0x68, 0x65, 0x69, 0x6e,
  0x65, 0x0a, 0x33, 0x32, 0x35, 0x33, 0x35, 0x09, 0x68, 0x65, 0x69, 0x6e,
  0x7a, 0x0a, 0x33, 0x32, 0x35, 0x33, 0x36, 0x09, 0x68, 0x65, 0x69, 0x72,
  0x0a, 0x33, 0x32, 0x35, 0x34, 0x31, 0x09, 0x68, 0x65, 0x6c, 0x64, 0x0a,
  0x33, 0x32, 0x35, 0x34, 0x32, 0x09, 0x68, 0x65, 0x6c, 0x65, 0x6e, 0x0a,
  0x33, 0x32, 0x35, 0x34, 0x33, 0x09, 0x68, 0x65, 0x6c, 0x67, 0x61, 0x0a,
  0x33, 0x32, 0x35, 0x34, 0x34, 0x09, 0x68, 0x65, 0x6c, 0x69, 0x78, 0x0a,
  0x33, 0x32, 0x35, 0x34, 0x35, 0x09, 0x68, 0x65, 0x6c, 0x6c, 0x0a, 0x33,
  0x32, 0x35, 0x34, 0x36, 0x09, 0x68, 0x65, 0x6c, 0x6c, 0x6f, 0x0a, 0x33,
  0x32, 0x35, 0x35, 0x31, 0x09, 0x68, 0x65, 0x6c, 0x6d, 0x0a, 0x33, 0x32,
  0x35, 0x35, 0x32, 0x09, 0x68, 0x65, 0x6c, 0x6d, 0x75, 0x74, 0x0a, 0x33,
  0x32, 0x35, 0x35, 0x33, 0x09, 0x68, 0x65, 0x6c, 0x70, 0x0a, 0x33, 0x32,
  0x35, 0x35, 0x34, 0x09, 0x68, 0x65, 0x6d, 0x0a, 0x33, 0x32, 0x35, 0x35,
  0x35, 0x09, 0x68, 0x65, 0x6d, 0x70, 0x0a, 0x33, 0x32, 0x35, 0x35, 0x36,
  0x09, 0x68, 0x65, 0x6e, 0x0a, 0x33, 0x32, 0x35, 0x36, 0x31, 0x09, 0x68,
  0x65, 0x6e, 0x63, 0x65, 0x0a, 0x33, 0x32, 0x35, 0x36, 0x32, 0x09, 0x68,
  0x65, 0x6e, 0x72, 0x69, 0x0a, 0x33, 0x32, 0x35, 0x36, 0x33, 0x09, 0x68,
  0x65, 0x6e, 0x72, 0x79, 0x0a, 0x33, 0x32, 0x35, 0x36, 0x34, 0x09, 0x68,
  0x65, 0x72, 0x0a, 0x33, 0x32, 0x35, 0x36, 0x35, 0x09, 0x68, 0x65, 0x72,
  0x61, 0x0a, 0x33, 0x32, 0x35, 0x36, 0x36, 0x09, 0x68, 0x65, 0x72, 0x62,
  0x0a, 0x33, 0x32, 0x36, 0x31, 0x31, 0x09, 0x68, 0x65, 0x72, 0x64, 0x0a,
  0x33, 0x32, 0x36, 0x31, 0x32, 0x09, 0x68, 0x65, 0x72, 0x65, 0x0a, 0x33,
  0x32, 0x36, 0x31, 0x33, 0x09, 0x68, 0x65, 0x72, 0x6f, 0x0a, 0x33, 0x32,
  0x36, 0x31, 0x34, 0x09, 0x68, 0x65, 0x72, 0x6f, 0x69, 0x63, 0x0a, 0x33,
  0x32, 0x36, 0x31, 0x35, 0x09, 0x68, 0x65, 0x72, 0x6f, 0x6e, 0x0a, 0x33,
  0x32, 0x36, 0x31, 0x36, 0x09, 0x68, 0x65, 0x72, 0x72, 0x0a, 0x33, 0x32,
  0x36, 0x32, 0x31, 0x09, 0x68, 0x65, 0x72, 0x74, 0x7a, 0x0a, 0x33, 0x32,
  0x36, 0x32, 0x32, 0x09, 0x68, 0x65, 0x73, 0x73, 0x0a, 0x33, 0x32, 0x36,
  0x32, 0x33, 0x09, 0x68, 0x65, 0x73, 0x73, 0x65, 0x0a, 0x33, 0x32, 0x36,
  0x32, 0x34, 0x09, 0x68, 0x65, 0x74, 0x74, 0x69, 0x65, 0x0a, 0x33, 0x32,
  0x36, 0x32, 0x35, 0x09, 0x68, 0x65, 0x74, 0x74, 0x79, 0x0a, 0x33, 0x32,
  0x36, 0x32, 0x36, 0x09, 0x68, 0x65, 0x77, 0x0a, 0x33, 0x32, 0x36, 0x33,
  0x31, 0x09, 0x68, 0x65, 0x77, 0x69, 0x74, 0x74, 0x0a, 0x33, 0x32, 0x36,
  0x33, 0x32, 0x09, 0x68, 0x65, 0x77, 0x6e, 0x0a, 0x33, 0x32, 0x36, 0x33,
  0x33, 0x09, 0x68, 0x65, 0x78, 0x0a, 0x33, 0x32, 0x36, 0x33, 0x34, 0x09,
  0x68, 0x65, 0x79, 0x0a, 0x33, 0x32, 0x36, 0x33, 0x35, 0x09, 0x68, 0x66,
  0x0a, 0x33, 0x32, 0x36, 0x33, 0x36, 0x09, 0x68, 0x67, 0x0a, 0x33, 0x32,
  0x36, 0x34, 0x31, 0x09, 0x68, 0x68, 0x0a, 0x33, 0x32, 0x36, 0x34, 0x32,
  0x09, 0x68, 0x68, 0x68, 0x0a, 0x33, 0x32, 0x36, 0x34, 0x33, 0x09, 0x68,
  0x68, 0x68, 0x68, 0x0a, 0x33, 0x32, 0x36, 0x34, 0x34, 0x09, 0x68, 0x69,
  0x0a, 0x33, 0x32, 0x36, 0x34, 0x35, 0x09, 0x68, 0x69, 0x61, 0x74, 0x74,
  0x0a, 0x33, 0x32, 0x36, 0x34, 0x36, 0x09, 0x68, 0x69, 0x63, 0x6b, 0x0a,
  0x33, 0x32, 0x36, 0x35, 0x31, 0x09, 0x68, 0x69, 0x63, 0x6b, 0x73, 0x0a,
  0x33, 0x32, 0x36, 0x35, 0x32, 0x09, 0x68, 0x69, 0x64, 0x0a, 0x33, 0x32,
  0x36, 0x35, 0x33, 0x09, 0x68, 0x69, 0x64, 0x65, 0x0a, 0x33, 0x32, 0x36,
  0x35, 0x34, 0x09, 0x68, 0x69, 0x67, 0x68, 0x0a, 0x33, 0x32, 0x36, 0x35,
  0x35, 0x09, 0x68, 0x69, 0x6a, 0x0a, 0x33, 0x32, 0x36, 0x35, 0x36, 0x09,
  0x68, 0x69, 0x6b, 0x65, 0x0a, 0x33, 0x32, 0x36, 0x36, 0x31, 0x09, 0x68,
  0x69, 0x6c, 0x6c, 0x0a, 0x33, 0x32, 0x36, 0x36, 0x32, 0x09, 0x68, 0x69,
  0x6c, 0x6c, 0x79, 0x0a, 0x33, 0x32, 0x36, 0x36, 0x33, 0x09, 0x68, 0x69,
  0x6c, 0x74, 0x0a, 0x33, 0x32, 0x36, 0x36, 0x34, 0x09, 0x68, 0x69, 0x6c,
  0x75, 0x6d, 0x0a, 0x33, 0x32, 0x36, 0x36, 0x35, 0x09, 0x68, 0x69, 0x6d,
  0x0a, 0x33, 0x32, 0x36, 0x36, 0x36, 0x09, 0x68, 0x69, 0x6e, 0x64, 0x0a,
  0x33, 0x33, 0x31, 0x31, 0x31, 0x09, 0x68, 0x69, 0x6e, 0x64, 0x75, 0x0a,
  0x33, 0x33, 0x31, 0x31, 0x32, 0x09, 0x68, 0x69, 0x6e, 0x65, 0x73, 0x0a,
  0x33, 0x33, 0x31, 0x31, 0x33, 0x09, 0x68, 0x69, 0x6e, 0x67, 0x65, 0x0a,
  0x33, 0x33, 0x31, 0x31, 0x34, 0x09, 0x68, 0x69, 0x6e, 0x74, 0x0a, 0x33,
  0x33, 0x31, 0x31, 0x35, 0x09, 0x68, 0x69, 0x70, 0x0a, 0x33, 0x33, 0x31,
  0x31, 0x36, 0x09, 0x68, 0x69, 0x70, 0x70, 0x6f, 0x0a, 0x33, 0x33, 0x31,
  0x32, 0x31, 0x09, 0x68, 0x69, 0x70, 0x70, 0x79, 0x0a, 0x33, 0x33, 0x31,
  0x32, 0x32, 0x09, 0x68, 0x69, 0x72, 0x61, 0x6d, 0x0a, 0x33, 0x33, 0x31,
  0x32, 0x33, 0x09, 0x68, 0x69, 0x72, 0x65, 0x0a, 0x33, 0x33, 0x31, 0x32,
  0x34, 0x09, 0x68, 0x69, 0x72, 0x73, 0x63, 0x68, 0x0a, 0x33, 0x33, 0x31,
  0x32, 0x35, 0x09, 0x68, 0x69, 0x73, 0x0a, 0x33, 0x33, 0x31, 0x32, 0x36,
  0x09, 0x68, 0x69, 0x73, 0x73, 0x0a, 0x33, 0x33, 0x31, 0x33, 0x31, 0x09,
  0x68, 0x69, 0x74, 0x0a, 0x33, 0x33, 0x31, 0x33, 0x32, 0x09, 0x68, 0x69,
  0x74, 0x63, 0x68, 0x0a, 0x33, 0x33, 0x31, 0x33, 0x33, 0x09, 0x68, 0x69,
  0x76, 0x65, 0x0a, 0x33, 0x33, 0x31, 0x33, 0x34, 0x09, 0x68, 0x6a, 0x0a,
  0x33, 0x33, 0x31, 0x33, 0x35, 0x09, 0x68, 0x6b, 0x0a, 0x33, 0x33, 0x31,
  0x33, 0x36, 0x09, 0x68, 0x6c, 0x0a, 0x33, 0x33, 0x31, 0x34, 0x31, 0x09,
  0x68, 0x6d, 0x0a, 0x33, 0x33, 0x31, 0x34, 0x32, 0x09, 0x68, 0x6e, 0x0a,
  0x33, 0x33, 0x31, 0x34, 0x33, 0x09, 0x68, 0x6f, 0x0a, 0x33, 0x33, 0x31,
  0x34, 0x34, 0x09, 0x68, 0x6f, 0x61, 0x67, 0x79, 0x0a, 0x33, 0x33, 0x31,
  0x34, 0x35, 0x09, 0x68, 0x6f, 0x61, 0x72, 0x0a, 0x33, 0x33, 0x31, 0x34,
  0x36, 0x09, 0x68, 0x6f, 0x61, 0x72, 0x64, 0x0a, 0x33, 0x33, 0x31, 0x35,
  0x31, 0x09, 0x68, 0x6f, 0x62, 0x0a, 0x33, 0x33, 0x31, 0x35, 0x32, 0x09,
  0x68, 0x6f, 0x62, 0x62, 0x73, 0x0a, 0x33, 0x33, 0x31, 0x35, 0x33, 0x09,
  0x68, 0x6f, 0x62, 0x62, 0x79, 0x0a, 0x33, 0x33, 0x31, 0x35, 0x34, 0x09,
  0x68, 0x6f, 0x62, 0x6f, 0x0a, 0x33, 0x33, 0x31, 0x35, 0x35, 0x09, 0x68,
  0x6f, 0x63, 0x0a, 0x33, 0x33, 0x31, 0x35, 0x36, 0x09, 0x68, 0x6f, 0x63,
  0x6b, 0x0a, 0x33, 0x33, 0x31, 0x36, 0x31, 0x09, 0x68, 0x6f, 0x64, 0x67,
  0x65, 0x0a, 0x33, 0x33, 0x31, 0x36, 0x32, 0x09, 0x68, 0x6f, 0x64, 0x67,
  0x65, 0x73, 0x0a, 0x33, 0x33, 0x31, 0x36, 0x33, 0x09, 0x68, 0x6f, 0x65,
  0x0a, 0x33, 0x33, 0x31, 0x36, 0x34, 0x09, 0x68, 0x6f, 0x66, 0x66, 0x0a,
  0x33, 0x33, 0x31, 0x36, 0x35, 0x09, 0x68, 0x6f, 0x67, 0x0a, 0x33, 0x33,
  0x31, 0x36, 0x36, 0x09, 0x68, 0x6f, 0x67, 0x61, 0x6e, 0x0a, 0x33, 0x33,
  0x32, 0x31, 0x31, 0x09, 0x68, 0x6f, 0x69, 0x0a, 0x33, 0x33, 0x32, 0x31,
  0x32, 0x09, 0x68, 0x6f, 0x6b, 0x61, 0x6e, 0x0a, 0x33, 0x33, 0x32, 0x31,
  0x33, 0x09, 0x68, 0x6f, 0x6c, 0x64, 0x0a, 0x33, 0x33, 0x32, 0x31, 0x34,
  0x09, 0x68, 0x6f, 0x6c, 0x64, 0x75, 0x70, 0x0a, 0x33, 0x33, 0x32, 0x31,
  0x35, 0x09, 0x68, 0x6f, 0x6c, 0x65, 0x0a, 0x33, 0x33, 0x32, 0x31, 0x36,
  0x09, 0x68, 0x6f, 0x6c, 0x6c, 0x79, 0x0a, 0x33, 0x33, 0x32, 0x32, 0x31,
  0x09, 0x68, 0x6f, 0x6c, 0x6d, 0x0a, 0x33, 0x33, 0x32, 0x32, 0x32, 0x09,
  0x68, 0x6f, 0x6c, 0x73, 0x74, 0x0a, 0x33, 0x33, 0x32, 0x32, 0x33, 0x09,
  0x68, 0x6f, 0x6c, 0x74, 0x0a, 0x33, 0x33, 0x32, 0x32, 0x34, 0x09, 0x68,
  0x6f, 0x6d, 0x65, 0x0a, 0x33, 0x33, 0x32, 0x32, 0x35, 0x09, 0x68, 0x6f,
  0x6d, 0x6f, 0x0a, 0x33, 0x33, 0x32, 0x32, 0x36, 0x09, 0x68, 0x6f, 0x6e,
  0x64, 0x61, 0x0a, 0x33, 0x33, 0x32, 0x33, 0x31, 0x09, 0x68, 0x6f, 0x6e,
  0x64, 0x6f, 0x0a, 0x33, 0x33, 0x32, 0x33, 0x32, 0x09, 0x68, 0x6f, 0x6e,
  0x65, 0x0a, 0x33, 0x33, 0x32, 0x33, 0x33, 0x09, 0x68, 0x6f, 0x6e, 0x65,
  0x79, 0x0a, 0x33, 0x33, 0x32, 0x33, 0x34, 0x09, 0x68, 0x6f, 0x6e, 0x67,
  0x0a, 0x33, 0x33, 0x32, 0x33, 0x35, 0x09, 0x68, 0x6f, 0x6e, 0x6b, 0x0a,
  0x33, 0x33, 0x32, 0x33, 0x36, 0x09, 0x68, 0x6f, 0x6f, 0x63, 0x68, 0x0a,
  0x33, 0x33, 0x32, 0x34, 0x31, 0x09, 0x68, 0x6f, 0x6f, 0x64, 0x0a, 0x33,
  0x33, 0x32, 0x34, 0x32, 0x09, 0x68, 0x6f, 0x6f, 0x66, 0x0a, 0x33, 0x33,
  0x32, 0x34, 0x33, 0x09, 0x68, 0x6f, 0x6f, 0x6b, 0x0a, 0x33, 0x33, 0x32,
  0x34, 0x34, 0x09, 0x68, 0x6f, 0x6f, 0x6b, 0x75, 0x70, 0x0a, 0x33, 0x33,
  0x32, 0x34, 0x35, 0x09, 0x68, 0x6f, 0x6f, 0x70, 0x0a, 0x33, 0x33, 0x32,
  0x34, 0x36, 0x09, 0x68, 0x6f, 0x6f, 0x74, 0x0a, 0x33, 0x33, 0x32, 0x35,
  0x31, 0x09, 0x68, 0x6f, 0x70, 0x0a, 0x33, 0x33, 0x32, 0x35, 0x32, 0x09,
  0x68, 0x6f, 0x70, 0x65, 0x0a, 0x33, 0x33, 0x32, 0x35, 0x33, 0x09, 0x68,
  0x6f, 0x72, 0x64, 0x65, 0x0a, 0x33, 0x33, 0x32, 0x35, 0x34, 0x09, 0x68,
  0x6f, 0x72, 0x6e, 0x0a, 0x33, 0x33, 0x32, 0x35, 0x35, 0x09, 0x68, 0x6f,
  0x72, 0x6e, 0x79, 0x0a, 0x33, 0x33, 0x32, 0x35, 0x36, 0x09, 0x68, 0x6f,
  0x72, 0x73, 0x65, 0x0a, 0x33, 0x33, 0x32, 0x36, 0x31, 0x09, 0x68, 0x6f,
  0x72, 0x75, 0x73, 0x0a, 0x33, 0x33, 0x32, 0x36, 0x32, 0x09, 0x68, 0x6f,
  0x73, 0x65, 0x0a, 0x33, 0x33, 0x32, 0x36, 0x33, 0x09, 0x68, 0x6f, 0x73,
  0x74, 0x0a, 0x33, 0x33, 0x32, 0x36, 0x34, 0x09, 0x68, 0x6f, 0x74, 0x0a,
  0x33, 0x33, 0x32, 0x36, 0x35, 0x09, 0x68, 0x6f, 0x74, 0x62, 0x6f, 0x78,
  0x0a, 0x33, 0x33, 0x32, 0x36, 0x36, 0x09, 0x68, 0x6f, 0x74, 0x65, 0x6c,
  0x0a, 0x33, 0x33, 0x33, 0x31, 0x31, 0x09, 0x68, 0x6f, 0x75, 0x67, 0x68,
  0x0a, 0x33, 0x33, 0x33, 0x31, 0x32, 0x09, 0x68, 0x6f, 0x75, 0x6e, 0x64,
  0x0a, 0x33, 0x33, 0x33, 0x31, 0x33, 0x09, 0x68, 0x6f, 0x75, 0x72, 0x0a,
  0x33, 0x33, 0x33, 0x31, 0x34, 0x09, 0x68, 0x6f, 0x75, 0x73, 0x65, 0x0a,
  0x33, 0x33, 0x33, 0x31, 0x35, 0x09, 0x68, 0x6f, 0x76, 0x65, 0x0a, 0x33,
  0x33, 0x33, 0x31, 0x36, 0x09, 0x68, 0x6f, 0x76, 0x65, 0x6c, 0x0a, 0x33,
  0x33, 0x33, 0x32, 0x31, 0x09, 0x68, 0x6f, 0x76, 0x65, 0x72, 0x0a, 0x33,
  0x33, 0x33, 0x32, 0x32, 0x09, 0x68, 0x6f, 0x77, 0x0a, 0x33, 0x33, 0x33,
  0x32, 0x33, 0x09, 0x68, 0x6f, 0x77, 0x64, 0x79, 0x0a, 0x33, 0x33, 0x33,
  0x32, 0x34, 0x09, 0x68, 0x6f, 0x77, 0x65, 0x0a, 0x33, 0x33, 0x33, 0x32,
  0x35, 0x09, 0x68, 0x6f, 0x77, 0x6c, 0x0a, 0x33, 0x33, 0x33, 0x32, 0x36,
  0x09, 0x68, 0x6f, 0x79, 0x0a, 0x33, 0x33, 0x33, 0x33, 0x31, 0x09, 0x68,
  0x6f, 0x79, 0x74, 0x0a, 0x33, 0x33, 0x33, 0x33, 0x32, 0x09, 0x68, 0x70,
  0x0a, 0x33, 0x33, 0x33, 0x33, 0x33, 0x09, 0x68, 0x71, 0x0a, 0x33, 0x33,
  0x33, 0x33, 0x34, 0x09, 0x68, 0x72, 0x0a, 0x33, 0x33, 0x33, 0x33, 0x35,
  0x09, 0x68, 0x73, 0x0a, 0x33, 0x33, 0x33, 0x33, 0x36, 0x09, 0x68, 0x74,
  0x0a, 0x33, 0x33, 0x33, 0x34, 0x31, 0x09, 0x68, 0x75, 0x0a, 0x33, 0x33,
  0x33, 0x34, 0x32, 0x09, 0x68, 0x75, 0x62, 0x0a, 0x33, 0x33, 0x33, 0x34,
  0x33, 0x09, 0x68, 0x75, 0x62, 0x62, 0x75, 0x62, 0x0a, 0x33, 0x33, 0x33,
  0x34, 0x34, 0x09, 0x68, 0x75, 0x62, 0x62, 0x79, 0x0a, 0x33, 0x33, 0x33,
  0x34, 0x35, 0x09, 0x68, 0x75, 0x62, 0x65, 0x72, 0x0a, 0x33, 0x33, 0x33,
  0x34, 0x36, 0x09, 0x68, 0x75, 0x63, 0x6b, 0x0a, 0x33, 0x33, 0x33, 0x35,
  0x31, 0x09, 0x68, 0x75, 0x65, 0x0a, 0x33, 0x33, 0x33, 0x35, 0x32, 0x09,
  0x68, 0x75, 0x65, 0x64, 0x0a, 0x33, 0x33, 0x33, 0x35, 0x33, 0x09, 0x68,
  0x75, 0x66, 0x66, 0x0a, 0x33, 0x33, 0x33, 0x35, 0x34, 0x09, 0x68, 0x75,
  0x67, 0x0a, 0x33, 0x33, 0x33, 0x35, 0x35, 0x09, 0x68, 0x75, 0x67, 0x65,
  0x0a, 0x33, 0x33, 0x33, 0x35, 0x36, 0x09, 0x68, 0x75, 0x67, 0x68, 0x0a,
  0x33, 0x33, 0x33, 0x36, 0x31, 0x09, 0x68, 0x75, 0x67, 0x68, 0x65, 0x73,
  0x0a, 0x33, 0x33, 0x33, 0x36, 0x32, 0x09, 0x68, 0x75, 0x67, 0x6f, 0x0a,
  0x33, 0x33, 0x33, 0x36, 0x33, 0x09, 0x68, 0x75, 0x68, 0x0a, 0x33, 0x33,
  0x33, 0x36, 0x34, 0x09, 0x68, 0x75, 0x6c, 0x6b, 0x0a, 0x33, 0x33, 0x33,
  0x36, 0x35, 0x09, 0x68, 0x75, 0x6c, 0x6c, 0x0a, 0x33, 0x33, 0x33, 0x36,
  0x36, 0x09, 0x68, 0x75, 0x6d, 0x0a, 0x33, 0x33, 0x34, 0x31, 0x31, 0x09,
  0x68, 0x75, 0x6d, 0x61, 0x6e, 0x0a, 0x33, 0x33, 0x34, 0x31, 0x32, 0x09,
  0x68, 0x75, 0x6d, 0x69, 0x64, 0x0a, 0x33, 0x33, 0x34, 0x31, 0x33, 0x09,
  0x68, 0x75, 0x6d, 0x70, 0x0a, 0x33, 0x33, 0x34, 0x31, 0x34, 0x09, 0x68,
  0x75, 0x6d, 0x75, 0x73, 0x0a, 0x33, 0x33, 0x34, 0x31, 0x35, 0x09, 0x68,
  0x75, 0x6e, 0x0a, 0x33, 0x33, 0x34, 0x31, 0x36, 0x09, 0x68, 0x75, 0x6e,
  0x63, 0x68, 0x0a, 0x33, 0x33, 0x34, 0x32, 0x31, 0x09, 0x68, 0x75, 0x6e,
  0x67, 0x0a, 0x33, 0x33, 0x34, 0x32, 0x32, 0x09, 0x68, 0x75, 0x6e, 0x6b,
  0x0a, 0x33, 0x33, 0x34, 0x32, 0x33, 0x09, 0x68, 0x75, 0x6e, 0x74, 0x0a,
  0x33, 0x33, 0x34, 0x32, 0x34, 0x09, 0x68, 0x75, 0x72, 0x64, 0x0a, 0x33,
  0x33, 0x34, 0x32, 0x35, 0x09, 0x68, 0x75, 0x72, 0x6c, 0x0a, 0x33, 0x33,
  0x34, 0x32, 0x36, 0x09, 0x68, 0x75, 0x72, 0x6f, 0x6e, 0x0a, 0x33, 0x33,
  0x34, 0x33, 0x31, 0x09, 0x68, 0x75, 0x72, 0x72, 0x61, 0x68, 0x0a, 0x33,
  0x33, 0x34, 0x33, 0x32, 0x09, 0x68, 0x75, 0x72, 0x72, 0x79, 0x0a, 0x33,
  0x33, 0x34, 0x33, 0x33, 0x09, 0x68, 0x75, 0x72, 0x73, 0x74, 0x0a, 0x33,
  0x33, 0x34, 0x33, 0x34, 0x09, 0x68, 0x75, 0x72, 0x74, 0x0a, 0x33, 0x33,
  0x34, 0x33, 0x35, 0x09, 0x68, 0x75, 0x72, 0x74, 0x79, 0x0a, 0x33, 0x33,
  0x34, 0x33, 0x36, 0x09, 0x68, 0x75, 0x73, 0x68, 0x0a, 0x33, 0x33, 0x34,
  0x34, 0x31, 0x09, 0x68, 0x75, 0x73, 0x6b, 0x79, 0x0a, 0x33, 0x33, 0x34,
  0x34, 0x32, 0x09, 0x68, 0x75, 0x74, 0x0a, 0x33, 0x33, 0x34, 0x34, 0x33,
  0x09, 0x68, 0x75, 0x74, 0x63, 0x68, 0x0a, 0x33, 0x33, 0x34, 0x34, 0x34,
  0x09, 0x68, 0x76, 0x0a, 0x33, 0x33, 0x34, 0x34, 0x35, 0x09, 0x68, 0x77,
  0x0a, 0x33, 0x33, 0x34, 0x34, 0x36, 0x09, 0x68, 0x78, 0x0a, 0x33, 0x33,
  0x34, 0x35, 0x31, 0x09, 0x68, 0x79, 0x0a, 0x33, 0x33, 0x34, 0x35, 0x32,
  0x09, 0x68, 0x79, 0x64, 0x65, 0x0a, 0x33, 0x33, 0x34, 0x35, 0x33, 0x09,
  0x68, 0x79, 0x64, 0x72, 0x61, 0x0a, 0x33, 0x33, 0x34, 0x35, 0x34, 0x09,
  0x68, 0x79, 0x64, 0x72, 0x6f, 0x0a, 0x33, 0x33, 0x34, 0x35, 0x35, 0x09,
  0x68, 0x79, 0x65, 0x6e, 0x61, 0x0a, 0x33, 0x33, 0x34, 0x35, 0x36, 0x09,
  0x68, 0x79, 0x69, 0x6e, 0x67, 0x0a, 0x33, 0x33, 0x34, 0x36, 0x31, 0x09,
  0x68, 0x79, 0x6d, 0x61, 0x6e, 0x0a, 0x33, 0x33, 0x34, 0x36, 0x32, 0x09,
  0x68, 0x79, 0x6d, 0x65, 0x6e, 0x0a, 0x33, 0x33, 0x34, 0x36, 0x33, 0x09,
  0x68, 0x79, 0x6d, 0x6e, 0x0a, 0x33, 0x33, 0x34, 0x36, 0x34, 0x09, 0x68,
  0x79, 0x6d, 0x6e, 0x61, 0x6c, 0x0a, 0x33, 0x33, 0x34, 0x36, 0x35, 0x09,
  0x68, 0x7a, 0x0a, 0x33, 0x33, 0x34, 0x36, 0x36, 0x09, 0x69, 0x0a, 0x33,
  0x33, 0x35, 0x31, 0x31, 0x09, 0x69, 0x27, 0x64, 0x0a, 0x33, 0x33, 0x35,
  0x31, 0x32, 0x09, 0x69, 0x27, 0x6c, 0x6c, 0x0a, 0x33, 0x33, 0x35, 0x31,
  0x33, 0x09, 0x69, 0x27, 0x6d, 0x0a, 0x33, 0x33, 0x35, 0x31, 0x34, 0x09,
  0x69, 0x27, 0x73, 0x0a, 0x33, 0x33, 0x35, 0x31, 0x35, 0x09, 0x69, 0x27,
  0x76, 0x65, 0x0a, 0x33, 0x33, 0x35, 0x31, 0x36, 0x09, 0x69, 0x61, 0x0a,
  0x33, 0x33, 0x35, 0x32, 0x31, 0x09, 0x69, 0x61, 0x6d, 0x62, 0x69, 0x63,
  0x0a, 0x33, 0x33, 0x35, 0x32, 0x32, 0x09, 0x69, 0x61, 0x6e, 0x0a, 0x33,
  0x33, 0x35, 0x32, 0x33, 0x09, 0x69, 0x62, 0x0a, 0x33, 0x33, 0x35, 0x32,
  0x34, 0x09, 0x69, 0x62, 0x65, 0x78, 0x0a, 0x33, 0x33, 0x35, 0x32, 0x35,
  0x09, 0x69, 0x62, 0x69, 0x64, 0x0a, 0x33, 0x33, 0x35, 0x32, 0x36, 0x09,
  0x69, 0x62, 0x69, 0x73, 0x0a, 0x33, 0x33, 0x35, 0x33, 0x31, 0x09, 0x69,
  0x62, 0x6d, 0x0a, 0x33, 0x33, 0x35, 0x33, 0x32, 0x09, 0x69, 0x62, 0x6e,
  0x0a, 0x33, 0x33, 0x35, 0x33, 0x33, 0x09, 0x69, 0x63, 0x0a, 0x33, 0x33,
  0x35, 0x33, 0x34, 0x09, 0x69, 0x63, 0x63, 0x0a, 0x33, 0x33, 0x35, 0x33,
  0x35, 0x09, 0x69, 0x63, 0x65, 0x0a, 0x33, 0x33, 0x35, 0x33, 0x36, 0x09,
  0x69, 0x63, 0x69, 0x6e, 0x67, 0x0a, 0x33, 0x33, 0x35, 0x34, 0x31, 0x09,
  0x69, 0x63, 0x6b, 0x79, 0x0a, 0x33, 0x33, 0x35, 0x34, 0x32, 0x09, 0x69,
  0x63, 0x6f, 0x6e, 0x0a, 0x33, 0x33, 0x35, 0x34, 0x33, 0x09, 0x69, 0x63,
  0x79, 0x0a, 0x33, 0x33, 0x35, 0x34, 0x34, 0x09, 0x69, 0x64, 0x0a, 0x33,
  0x33, 0x35, 0x34, 0x35, 0x09, 0x69, 0x64, 0x61, 0x0a, 0x33, 0x33, 0x35,
  0x34, 0x36, 0x09, 0x69, 0x64, 0x61, 0x68, 0x6f, 0x0a, 0x33, 0x33, 0x35,
  0x35, 0x31, 0x09, 0x69, 0x64, 0x65, 0x61, 0x0a, 0x33, 0x33, 0x35, 0x35,
  0x32, 0x09, 0x69, 0x64, 0x65, 0x61, 0x6c, 0x0a, 0x33, 0x33, 0x35, 0x35,
  0x33, 0x09, 0x69, 0x64, 0x69, 0x6f, 0x6d, 0x0a, 0x33, 0x33, 0x35, 0x35,
  0x34, 0x09, 0x69, 0x64, 0x69, 0x6f, 0x74, 0x0a, 0x33, 0x33, 0x35, 0x35,
  0x35, 0x09, 0x69, 0x64, 0x6c, 0x65, 0x0a, 0x33, 0x33, 0x35, 0x35, 0x36,
  0x09, 0x69, 0x64, 0x6f, 0x6c, 0x0a, 0x33, 0x33, 0x35, 0x36, 0x31, 0x09,
  0x69, 0x64, 0x79, 0x6c, 0x6c, 0x0a, 0x33, 0x33, 0x35, 0x36, 0x32, 0x09,
  0x69, 0x65, 0x0a, 0x33, 0x33, 0x35, 0x36, 0x33, 0x09, 0x69, 0x65, 0x65,
  0x65, 0x0a, 0x33, 0x33, 0x35, 0x36, 0x34, 0x09, 0x69, 0x66, 0x0a, 0x33,
  0x33, 0x35, 0x36, 0x35, 0x09, 0x69, 0x66, 0x66, 0x79, 0x0a, 0x33, 0x33,
  0x35, 0x36, 0x36, 0x09, 0x69, 0x66, 0x6e, 0x69, 0x0a, 0x33, 0x33, 0x36,
  0x31, 0x31, 0x09, 0x69, 0x67, 0x0a, 0x33, 0x33, 0x36, 0x31, 0x32, 0x09,
  0x69, 0x67, 0x6c, 0x6f, 0x6f, 0x0a, 0x33, 0x33, 0x36, 0x31, 0x33, 0x09,
  0x69, 0x67, 0x6f, 0x72, 0x0a, 0x33, 0x33, 0x36, 0x31, 0x34, 0x09, 0x69,
  0x68, 0x0a, 0x33, 0x33, 0x36, 0x31, 0x35, 0x09, 0x69, 0x69, 0x0a, 0x33,
  0x33, 0x36, 0x31, 0x36, 0x09, 0x69, 0x69, 0x69, 0x0a, 0x33, 0x33, 0x36,
  0x32, 0x31, 0x09, 0x69, 0x69, 0x69, 0x69, 0x0a, 0x33, 0x33, 0x36, 0x32,
  0x32, 0x09, 0x69, 0x6a, 0x0a, 0x33, 0x33, 0x36, 0x32, 0x33, 0x09, 0x69,
  0x6a, 0x6b, 0x0a, 0x33, 0x33, 0x36, 0x32, 0x34, 0x09, 0x69, 0x6b, 0x0a,
  0x33, 0x33, 0x36, 0x32, 0x35, 0x09, 0x69, 0x6b, 0x65, 0x0a, 0x33, 0x33,
  0x36, 0x32, 0x36, 0x09, 0x69, 0x6c, 0x0a, 0x33, 0x33, 0x36, 0x33, 0x31,
  0x09, 0x69, 0x6c, 0x65, 0x75, 0x6d, 0x0a, 0x33, 0x33, 0x36, 0x33, 0x32,
  0x09, 0x69, 0x6c, 0x69, 0x61, 0x63, 0x0a, 0x33, 0x33, 0x36, 0x33, 0x33,
  0x09, 0x69, 0x6c, 0x69, 0x61, 0x64, 0x0a, 0x33, 0x33, 0x36, 0x33, 0x34,
  0x09, 0x69, 0x6c, 0x6c, 0x0a, 0x33, 0x33, 0x36, 0x33, 0x35, 0x09, 0x69,
  0x6c, 0x6c, 0x75, 0x6d, 0x65, 0x0a, 0x33, 0x33, 0x36, 0x33, 0x36, 0x09,
  0x69, 0x6c, 0x6f, 0x6e, 0x61, 0x0a, 0x33, 0x33, 0x36, 0x34, 0x31, 0x09,
  0x69, 0x6d, 0x0a, 0x33, 0x33, 0x36, 0x34, 0x32, 0x09, 0x69, 0x6d, 0x61,
  0x67, 0x65, 0x0a, 0x33, 0x33, 0x36, 0x34, 0x33, 0x09, 0x69, 0x6d, 0x62,
  0x75, 0x65, 0x0a, 0x33, 0x33, 0x36, 0x34, 0x34, 0x09, 0x69, 0x6d, 0x70,
  0x0a, 0x33, 0x33, 0x36, 0x34, 0x35, 0x09, 0x69, 0x6d, 0x70, 0x65, 0x6c,
  0x0a, 0x33, 0x33, 0x36, 0x34, 0x36, 0x09, 0x69, 0x6d, 0x70, 0x6f, 0x72,
  0x74, 0x0a, 0x33, 0x33, 0x36, 0x35, 0x31, 0x09, 0x69, 0x6d, 0x70, 0x75,
  0x74, 0x65, 0x0a, 0x33, 0x33, 0x36, 0x35, 0x32, 0x09, 0x69, 0x6e, 0x0a,
  0x33, 0x33, 0x36, 0x35, 0x33, 0x09, 0x69, 0x6e, 0x61, 0x6e, 0x65, 0x0a,
  0x33, 0x33, 0x36, 0x35, 0x34, 0x09, 0x69, 0x6e, 0x61, 0x70, 0x74, 0x0a,
  0x33, 0x33, 0x36, 0x35, 0x35, 0x09, 0x69, 0x6e, 0x63, 0x0a, 0x33, 0x33,
  0x36, 0x35, 0x36, 0x09, 0x69, 0x6e, 0x63, 0x61, 0x0a, 0x33, 0x33, 0x36,
  0x36, 0x31, 0x09, 0x69, 0x6e, 0x63, 0x65, 0x73, 0x74, 0x0a, 0x33, 0x33,
  0x36, 0x36, 0x32, 0x09, 0x69, 0x6e, 0x63, 0x68, 0x0a, 0x33, 0x33, 0x36,
  0x36, 0x33, 0x09, 0x69, 0x6e, 0x63, 0x75, 0x72, 0x0a, 0x33, 0x33, 0x36,
  0x36, 0x34, 0x09, 0x69, 0x6e, 0x64, 0x65, 0x78, 0x0a, 0x33, 0x33, 0x36,
  0x36, 0x35, 0x09, 0x69, 0x6e, 0x64, 0x69, 0x61, 0x0a, 0x33, 0x33, 0x36,
  0x36, 0x36, 0x09, 0x69, 0x6e, 0x64, 0x69, 0x65, 0x73, 0x0a, 0x33, 0x34,
  0x31, 0x31, 0x31, 0x09, 0x69, 0x6e, 0x64, 0x79, 0x0a, 0x33, 0x34, 0x31,
  0x31, 0x32, 0x09, 0x69, 0x6e, 0x65, 0x70, 0x74, 0x0a, 0x33, 0x34, 0x31,
  0x31, 0x33, 0x09, 0x69, 0x6e, 0x65, 0x72, 0x74, 0x0a, 0x33, 0x34, 0x31,
  0x31, 0x34, 0x09, 0x69, 0x6e, 0x66, 0x65, 0x63, 0x74, 0x0a, 0x33, 0x34,
  0x31, 0x31, 0x35, 0x09, 0x69, 0x6e, 0x66, 0x65, 0x72, 0x0a, 0x33, 0x34,
  0x31, 0x31, 0x36, 0x09, 0x69, 0x6e, 0x66, 0x69, 0x6d, 0x61, 0x0a, 0x33,
  0x34, 0x31, 0x32, 0x31, 0x09, 0x69, 0x6e, 0x66, 0x69, 0x78, 0x0a, 0x33,
  0x34, 0x31, 0x32, 0x32, 0x09, 0x69, 0x6e, 0x66, 0x72, 0x61, 0x0a, 0x33,
  0x34, 0x31, 0x32, 0x33, 0x09, 0x69, 0x6e, 0x67, 0x6f, 0x74, 0x0a, 0x33,
  0x34, 0x31, 0x32, 0x34, 0x09, 0x69, 0x6e, 0x68, 0x65, 0x72, 0x65, 0x0a,
  0x33, 0x34, 0x31, 0x32, 0x35, 0x09, 0x69, 0x6e, 0x6a, 0x75, 0x6e, 0x0a,
  0x33, 0x34, 0x31, 0x32, 0x36, 0x09, 0x69, 0x6e, 0x6b, 0x0a, 0x33, 0x34,
  0x31, 0x33, 0x31, 0x09, 0x69, 0x6e, 0x6c, 0x61, 0x79, 0x0a, 0x33, 0x34,
  0x31, 0x33, 0x32, 0x09, 0x69, 0x6e, 0x6c, 0x65, 0x74, 0x0a, 0x33, 0x34,
  0x31, 0x33, 0x33, 0x09, 0x69, 0x6e, 0x6d, 0x61, 0x6e, 0x0a, 0x33, 0x34,
  0x31, 0x33, 0x34, 0x09, 0x69, 0x6e, 0x6e, 0x0a, 0x33, 0x34, 0x31, 0x33,
  0x35, 0x09, 0x69, 0x6e, 0x6e, 0x65, 0x72, 0x0a, 0x33, 0x34, 0x31, 0x33,
  0x36, 0x09, 0x69, 0x6e, 0x70, 0x75, 0x74, 0x0a, 0x33, 0x34, 0x31, 0x34,
  0x31, 0x09, 0x69, 0x6e, 0x73, 0x65, 0x63, 0x74, 0x0a, 0x33, 0x34, 0x31,
  0x34, 0x32, 0x09, 0x69, 0x6e, 0x73, 0x65, 0x74, 0x0a, 0x33, 0x34, 0x31,
  0x34, 0x33, 0x09, 0x69, 0x6e, 0x73, 0x75, 0x6c, 0x74, 0x0a, 0x33, 0x34,
  0x31, 0x34, 0x34, 0x09, 0x69, 0x6e, 0x74, 0x65, 0x6e, 0x64, 0x0a, 0x33,
  0x34, 0x31, 0x34, 0x35, 0x09, 0x69, 0x6e, 0x74, 0x65, 0x72, 0x0a, 0x33,
  0x34, 0x31, 0x34, 0x36, 0x09, 0x69, 0x6e, 0x74, 0x6f, 0x0a, 0x33, 0x34,
  0x31, 0x35, 0x31, 0x09, 0x69, 0x6e, 0x75, 0x72, 0x65, 0x0a, 0x33, 0x34,
  0x31, 0x35, 0x32, 0x09, 0x69, 0x6e, 0x76, 0x6f, 0x6b, 0x65, 0x0a, 0x33,
  0x34, 0x31, 0x35, 0x33, 0x09, 0x69, 0x6f, 0x0a, 0x33, 0x34, 0x31, 0x35,
  0x34, 0x09, 0x69, 0x6f, 0x6e, 0x0a, 0x33, 0x34, 0x31, 0x35, 0x35, 0x09,
  0x69, 0x6f, 0x6e, 0x69, 0x63, 0x0a, 0x33, 0x34, 0x31, 0x35, 0x36, 0x09,
  0x69, 0x6f, 0x74, 0x61, 0x0a, 0x33, 0x34, 0x31, 0x36, 0x31, 0x09, 0x69,
  0x6f, 0x77, 0x61, 0x0a, 0x33, 0x34, 0x31, 0x36, 0x32, 0x09, 0x69, 0x70,
  0x0a, 0x33, 0x34, 0x31, 0x36, 0x33, 0x09, 0x69, 0x70, 0x73, 0x6f, 0x0a,
  0x33, 0x34, 0x31, 0x36, 0x34, 0x09, 0x69, 0x71, 0x0a, 0x33, 0x34, 0x31,
  0x36, 0x35, 0x09, 0x69, 0x72, 0x0a, 0x33, 0x34, 0x31, 0x36, 0x36, 0x09,
  0x69, 0x72, 0x61, 0x0a, 0x33, 0x34, 0x32, 0x31, 0x31, 0x09, 0x69, 0x72,
  0x61, 0x6e, 0x0a, 0x33, 0x34, 0x32, 0x31, 0x32, 0x09, 0x69, 0x72, 0x61,
  0x71, 0x0a, 0x33, 0x34, 0x32, 0x31, 0x33, 0x09, 0x69, 0x72, 0x61, 0x74,
  0x65, 0x0a, 0x33, 0x34, 0x32, 0x31, 0x34, 0x09, 0x69, 0x72, 0x65, 0x0a,
  0x33, 0x34, 0x32, 0x31, 0x35, 0x09, 0x69, 0x72, 0x65, 0x6e, 0x65, 0x0a,
  0x33, 0x34, 0x32, 0x31, 0x36, 0x09, 0x69, 0x72, 0x69, 0x73, 0x0a, 0x33,
  0x34, 0x32, 0x32, 0x31, 0x09, 0x69, 0x72, 0x69, 0x73, 0x68, 0x0a, 0x33,
  0x34, 0x32, 0x32, 0x32, 0x09, 0x69, 0x72, 0x6b, 0x0a, 0x33, 0x34, 0x32,
  0x32, 0x33, 0x09, 0x69, 0x72, 0x6d, 0x61, 0x0a, 0x33, 0x34, 0x32, 0x32,
  0x34, 0x09, 0x69, 0x72, 0x6f, 0x6e, 0x0a, 0x33, 0x34, 0x32, 0x32, 0x35,
  0x09, 0x69, 0x72, 0x6f, 0x6e, 0x79, 0x0a, 0x33, 0x34, 0x32, 0x32, 0x36,
  0x09, 0x69, 0x72, 0x73, 0x0a, 0x33, 0x34, 0x32, 0x33, 0x31, 0x09, 0x69,
  0x72, 0x76, 0x69, 0x6e, 0x0a, 0x33, 0x34, 0x32, 0x33, 0x32, 0x09, 0x69,
  0x72, 0x77, 0x69, 0x6e, 0x0a, 0x33, 0x34, 0x32, 0x33, 0x33, 0x09, 0x69,
  0x73, 0x0a, 0x33, 0x34, 0x32, 0x33, 0x34, 0x09, 0x69, 0x73, 0x61, 0x61,
  0x63, 0x0a, 0x33, 0x34, 0x32, 0x33, 0x35, 0x09, 0x69, 0x73, 0x61, 0x62,
  0x65, 0x6c, 0x0a, 0x33, 0x34, 0x32, 0x33, 0x36, 0x09, 0x69, 0x73, 0x69,
  0x6e, 0x67, 0x0a, 0x33, 0x34, 0x32, 0x34, 0x31, 0x09, 0x69, 0x73, 0x69,
  0x73, 0x0a, 0x33, 0x34, 0x32, 0x34, 0x32, 0x09, 0x69, 0x73, 0x6c, 0x61,
  0x6d, 0x0a, 0x33, 0x34, 0x32, 0x34, 0x33, 0x09, 0x69, 0x73, 0x6c, 0x61,
  0x6e, 0x64, 0x0a, 0x33, 0x34, 0x32, 0x34, 0x34, 0x09, 0x69, 0x73, 0x6c,
  0x65, 0x0a, 0x33, 0x34, 0x32, 0x34, 0x35, 0x09, 0x69, 0x73, 0x6e, 0x27,
  0x74, 0x0a, 0x33, 0x34, 0x32, 0x34, 0x36, 0x09, 0x69, 0x73, 0x72, 0x61,
  0x65, 0x6c, 0x0a, 0x33, 0x34, 0x32, 0x35, 0x31, 0x09, 0x69, 0x73, 0x73,
  0x75, 0x65, 0x0a, 0x33, 0x34, 0x32, 0x35, 0x32, 0x09, 0x69, 0x74, 0x0a,
  0x33, 0x34, 0x32, 0x35, 0x33, 0x09, 0x69, 0x74, 0x26, 0x74, 0x0a, 0x33,
  0x34, 0x32, 0x35, 0x34, 0x09, 0x69, 0x74, 0x27, 0x64, 0x0a, 0x33, 0x34,
  0x32, 0x35, 0x35, 0x09, 0x69, 0x74, 0x27, 0x6c, 0x6c, 0x0a, 0x33, 0x34,
  0x32, 0x35, 0x36, 0x09, 0x69, 0x74, 0x61, 0x6c, 0x79, 0x0a, 0x33, 0x34,
  0x32, 0x36, 0x31, 0x09, 0x69, 0x74, 0x63, 0x68, 0x0a, 0x33, 0x34, 0x32,
  0x36, 0x32, 0x09, 0x69, 0x74, 0x65, 0x6d, 0x0a, 0x33, 0x34, 0x32, 0x36,
  0x33, 0x09, 0x69, 0x74, 0x6f, 0x0a, 0x33, 0x34, 0x32, 0x36, 0x34, 0x09,
  0x69, 0x74, 0x74, 0x0a, 0x33, 0x34, 0x32, 0x36, 0x35, 0x09, 0x69, 0x75,
  0x0a, 0x33, 0x34, 0x32, 0x36, 0x36, 0x09, 0x69, 0x76, 0x0a, 0x33, 0x34,
  0x33, 0x31, 0x31, 0x09, 0x69, 0x76, 0x61, 0x6e, 0x0a, 0x33, 0x34, 0x33,
  0x31, 0x32, 0x09, 0x69, 0x76, 0x65, 0x0a, 0x33, 0x34, 0x33, 0x31, 0x33,
  0x09, 0x69, 0x76, 0x6f, 0x72, 0x79, 0x0a, 0x33, 0x34, 0x33, 0x31, 0x34,
  0x09, 0x69, 0x76, 0x79, 0x0a, 0x33, 0x34, 0x33, 0x31, 0x35, 0x09, 0x69,
  0x77, 0x0a, 0x33, 0x34, 0x33, 0x31, 0x36, 0x09, 0x69, 0x78, 0x0a, 0x33,
  0x34, 0x33, 0x32, 0x31, 0x09, 0x69, 0x79, 0x0a, 0x33, 0x34, 0x33, 0x32,
  0x32, 0x09, 0x69, 0x7a, 0x0a, 0x33, 0x34, 0x33, 0x32, 0x33, 0x09, 0x6a,
  0x0a, 0x33, 0x34, 0x33, 0x32, 0x34, 0x09, 0x6a, 0x27, 0x73, 0x0a, 0x33,
  0x34, 0x33, 0x32, 0x35, 0x09, 0x6a, 0x61, 0x0a, 0x33, 0x34, 0x33, 0x32,
  0x36, 0x09, 0x6a, 0x61, 0x62, 0x0a, 0x33, 0x34, 0x33, 0x33, 0x31, 0x09,
  0x6a, 0x61, 0x63, 0x6b, 0x0a, 0x33, 0x34, 0x33, 0x33, 0x32, 0x09, 0x6a,
  0x61, 0x63, 0x6b, 0x79, 0x0a, 0x33, 0x34, 0x33, 0x33, 0x33, 0x09, 0x6a,
  0x61, 0x63, 0x6d, 0x0a, 0x33, 0x34, 0x33, 0x33, 0x34, 0x09, 0x6a, 0x61,
  0x63, 0x6f, 0x62, 0x0a, 0x33, 0x34, 0x33, 0x33, 0x35, 0x09, 0x6a, 0x61,
  0x63, 0x6f, 0x62, 0x69, 0x0a, 0x33, 0x34, 0x33, 0x33, 0x36, 0x09, 0x6a,
  0x61, 0x64, 0x65, 0x0a, 0x33, 0x34, 0x33, 0x34, 0x31, 0x09, 0x6a, 0x61,
  0x67, 0x0a, 0x33, 0x34, 0x33, 0x34, 0x32, 0x09, 0x6a, 0x61, 0x69, 0x6c,
  0x0a, 0x33, 0x34, 0x33, 0x34, 0x33, 0x09, 0x6a, 0x61, 0x69, 0x6d, 0x65,
  0x0a, 0x33, 0x34, 0x33, 0x34, 0x34, 0x09, 0x6a, 0x61, 0x6b, 0x65, 0x0a,
  0x33, 0x34, 0x33, 0x34, 0x35, 0x09, 0x6a, 0x61, 0x6d, 0x0a, 0x33, 0x34,
  0x33, 0x34, 0x36, 0x09, 0x6a, 0x61, 0x6d, 0x65, 0x73, 0x0a, 0x33, 0x34,
  0x33, 0x35, 0x31, 0x09, 0x6a, 0x61, 0x6e, 0x0a, 0x33, 0x34, 0x33, 0x35,
  0x32, 0x09, 0x6a, 0x61, 0x6e, 0x65, 0x0a, 0x33, 0x34, 0x33, 0x35, 0x33,
  0x09, 0x6a, 0x61, 0x6e, 0x65, 0x74, 0x0a, 0x33, 0x34, 0x33, 0x35, 0x34,
  0x09, 0x6a, 0x61, 0x6e, 0x6f, 0x73, 0x0a, 0x33, 0x34, 0x33, 0x35, 0x35,
  0x09, 0x6a, 0x61, 0x6e, 0x75, 0x73, 0x0a, 0x33, 0x34, 0x33, 0x35, 0x36,
  0x09, 0x6a, 0x61, 0x70, 0x61, 0x6e, 0x0a, 0x33, 0x34, 0x33, 0x36, 0x31,
  0x09, 0x6a, 0x61, 0x72, 0x0a, 0x33, 0x34, 0x33, 0x36, 0x32, 0x09, 0x6a,
  0x61, 0x73, 0x6f, 0x6e, 0x0a, 0x33, 0x34, 0x33, 0x36, 0x33, 0x09, 0x6a,
  0x61, 0x76, 0x61, 0x0a, 0x33, 0x34, 0x33, 0x36, 0x34, 0x09, 0x6a, 0x61,
  0x77, 0x0a, 0x33, 0x34, 0x33, 0x36, 0x35, 0x09, 0x6a, 0x61, 0x79, 0x0a,
  0x33, 0x34, 0x33, 0x36, 0x36, 0x09, 0x6a, 0x61, 0x7a, 0x7a, 0x0a, 0x33,
  0x34, 0x34, 0x31, 0x31, 0x09, 0x6a, 0x61, 0x7a, 0x7a, 0x79, 0x0a, 0x33,
  0x34, 0x34, 0x31, 0x32, 0x09, 0x6a, 0x62, 0x0a, 0x33, 0x34, 0x34, 0x31,
  0x33, 0x09, 0x6a, 0x63, 0x0a, 0x33, 0x34, 0x34, 0x31, 0x34, 0x09, 0x6a,
  0x64, 0x0a, 0x33, 0x34, 0x34, 0x31, 0x35, 0x09, 0x6a, 0x65, 0x0a, 0x33,
  0x34, 0x34, 0x31, 0x36, 0x09, 0x6a, 0x65, 0x61, 0x6e, 0x0a, 0x33, 0x34,
  0x34, 0x32, 0x31, 0x09, 0x6a, 0x65, 0x64, 0x0a, 0x33, 0x34, 0x34, 0x32,
  0x32, 0x09, 0x6a, 0x65, 0x65, 0x70, 0x0a, 0x33, 0x34, 0x34, 0x32, 0x33,
  0x09, 0x6a, 0x65, 0x66, 0x66, 0x0a, 0x33, 0x34, 0x34, 0x32, 0x34, 0x09,
  0x6a, 0x65, 0x6a, 0x75, 0x6e, 0x65, 0x0a, 0x33, 0x34, 0x34, 0x32, 0x35,
  0x09, 0x6a, 0x65, 0x6c, 0x6c, 0x79, 0x0a, 0x33, 0x34, 0x34, 0x32, 0x36,
  0x09, 0x6a, 0x65, 0x6e, 0x6e, 0x79, 0x0a, 0x33, 0x34, 0x34, 0x33, 0x31,
  0x09, 0x6a, 0x65, 0x72, 0x65, 0x73, 0x0a, 0x33, 0x34, 0x34, 0x33, 0x32,
  0x09, 0x6a, 0x65, 0x72, 0x6b, 0x0a, 0x33, 0x34, 0x34, 0x33, 0x33, 0x09,
  0x6a, 0x65, 0x72, 0x6b, 0x79, 0x0a, 0x33, 0x34, 0x34, 0x33, 0x34, 0x09,
  0x6a, 0x65, 0x72, 0x72, 0x79, 0x0a, 0x33, 0x34, 0x34, 0x33, 0x35, 0x09,
  0x6a, 0x65, 0x72, 0x73, 0x65, 0x79, 0x0a, 0x33, 0x34, 0x34, 0x33, 0x36,
  0x09, 0x6a, 0x65, 0x73, 0x73, 0x0a, 0x33, 0x34, 0x34, 0x34, 0x31, 0x09,
  0x6a, 0x65, 0x73, 0x73, 0x65, 0x0a, 0x33, 0x34, 0x34, 0x34, 0x32, 0x09,
  0x6a, 0x65, 0x73, 0x74, 0x0a, 0x33, 0x34, 0x34, 0x34, 0x33, 0x09, 0x6a,
  0x65, 0x73, 0x75, 0x73, 0x0a, 0x33, 0x34, 0x34, 0x34, 0x34, 0x09, 0x6a,
  0x65, 0x74, 0x0a, 0x33, 0x34, 0x34, 0x34, 0x35, 0x09, 0x6a, 0x65, 0x77,
  0x0a, 0x33, 0x34, 0x34, 0x34, 0x36, 0x09, 0x6a, 0x65, 0x77, 0x65, 0x6c,
  0x0a, 0x33, 0x34, 0x34, 0x35, 0x31, 0x09, 0x6a, 0x65, 0x77, 0x65, 0x74,
  0x74, 0x0a, 0x33, 0x34, 0x34, 0x35, 0x32, 0x09, 0x6a, 0x65, 0x77, 0x69,
  0x73, 0x68, 0x0a, 0x33, 0x34, 0x34, 0x35, 0x33, 0x09, 0x6a, 0x66, 0x0a,
  0x33, 0x34, 0x34, 0x35, 0x34, 0x09, 0x6a, 0x67, 0x0a, 0x33, 0x34, 0x34,
  0x35, 0x35, 0x09, 0x6a, 0x68, 0x0a, 0x33, 0x34, 0x34, 0x35, 0x36, 0x09,
  0x6a, 0x69, 0x0a, 0x33, 0x34, 0x34, 0x36, 0x31, 0x09, 0x6a, 0x69, 0x62,
  0x65, 0x0a, 0x33, 0x34, 0x34, 0x36, 0x32, 0x09, 0x6a, 0x69, 0x66, 0x66,
  0x79, 0x0a, 0x33, 0x34, 0x34, 0x36, 0x33, 0x09, 0x6a, 0x69, 0x67, 0x0a,
  0x33, 0x34, 0x34, 0x36, 0x34, 0x09, 0x6a, 0x69, 0x6c, 0x6c, 0x0a, 0x33,
  0x34, 0x34, 0x36, 0x35, 0x09, 0x6a, 0x69, 0x6c, 0x74, 0x0a, 0x33, 0x34,
  0x34, 0x36, 0x36, 0x09, 0x6a, 0x69, 0x6d, 0x0a, 0x33, 0x34, 0x35, 0x31,
  0x31, 0x09, 0x6a, 0x69, 0x6d, 0x6d, 0x79, 0x0a, 0x33, 0x34, 0x35, 0x31,
  0x32, 0x09, 0x6a, 0x69, 0x6e, 0x78, 0x0a, 0x33, 0x34, 0x35, 0x31, 0x33,
  0x09, 0x6a, 0x69, 0x76, 0x65, 0x0a, 0x33, 0x34, 0x35, 0x31, 0x34, 0x09,
  0x6a, 0x6a, 0x0a, 0x33, 0x34, 0x35, 0x31, 0x35, 0x09, 0x6a, 0x6a, 0x6a,
  0x0a, 0x33, 0x34, 0x35, 0x31, 0x36, 0x09, 0x6a, 0x6a, 0x6a, 0x6a, 0x0a,
  0x33, 0x34, 0x35, 0x32, 0x31, 0x09, 0x6a, 0x6b, 0x0a, 0x33, 0x34, 0x35,
  0x32, 0x32, 0x09, 0x6a, 0x6b, 0x6c, 0x0a, 0x33, 0x34, 0x35, 0x32, 0x33,
  0x09, 0x6a, 0x6c, 0x0a, 0x33, 0x34, 0x35, 0x32, 0x34, 0x09, 0x6a, 0x6d,
  0x0a, 0x33, 0x34, 0x35, 0x32, 0x35, 0x09, 0x6a, 0x6e, 0x0a, 0x33, 0x34,
  0x35, 0x32, 0x36, 0x09, 0x6a, 0x6f, 0x0a, 0x33, 0x34, 0x35, 0x33, 0x31,
  0x09, 0x6a, 0x6f, 0x61, 0x6e, 0x0a, 0x33, 0x34, 0x35, 0x33, 0x32, 0x09,
  0x6a, 0x6f, 0x62, 0x0a, 0x33, 0x34, 0x35, 0x33, 0x33, 0x09, 0x6a, 0x6f,
  0x63, 0x6b, 0x0a, 0x33, 0x34, 0x35, 0x33, 0x34, 0x09, 0x6a, 0x6f, 0x63,
  0x6b, 0x65, 0x79, 0x0a, 0x33, 0x34, 0x35, 0x33, 0x35, 0x09, 0x6a, 0x6f,
  0x65, 0x0a, 0x33, 0x34, 0x35, 0x33, 0x36, 0x09, 0x6a, 0x6f, 0x65, 0x6c,
  0x0a, 0x33, 0x34, 0x35, 0x34, 0x31, 0x09, 0x6a, 0x6f, 0x65, 0x79, 0x0a,
  0x33, 0x34, 0x35, 0x34, 0x32, 0x09, 0x6a, 0x6f, 0x67, 0x0a, 0x33, 0x34,
  0x35, 0x34, 0x33, 0x09, 0x6a, 0x6f, 0x68, 0x6e, 0x0a, 0x33, 0x34, 0x35,
  0x34, 0x34, 0x09, 0x6a, 0x6f, 0x68, 0x6e, 0x73, 0x0a, 0x33, 0x34, 0x35,
  0x34, 0x35, 0x09, 0x6a, 0x6f, 0x69, 0x6e, 0x0a, 0x33, 0x34, 0x35, 0x34,
  0x36, 0x09, 0x6a, 0x6f, 0x69, 0x6e, 0x74, 0x0a, 0x33, 0x34, 0x35, 0x35,
  0x31, 0x09, 0x6a, 0x6f, 0x6b, 0x65, 0x0a, 0x33, 0x34, 0x35, 0x35, 0x32,
  0x09, 0x6a, 0x6f, 0x6c, 0x6c, 0x61, 0x0a, 0x33, 0x34, 0x35, 0x35, 0x33,
  0x09, 0x6a, 0x6f, 0x6c, 0x6c, 0x79, 0x0a, 0x33, 0x34, 0x35, 0x35, 0x34,
  0x09, 0x6a, 0x6f, 0x6c, 0x74, 0x0a, 0x33, 0x34, 0x35, 0x35, 0x35, 0x09,
  0x6a, 0x6f, 0x6e, 0x0a, 0x33, 0x34, 0x35, 0x35, 0x36, 0x09, 0x6a, 0x6f,
  0x6e, 0x61, 0x73, 0x0a, 0x33, 0x34, 0x35, 0x36, 0x31, 0x09, 0x6a, 0x6f,
  0x6e, 0x65, 0x73, 0x0a, 0x33, 0x34, 0x35, 0x36, 0x32, 0x09, 0x6a, 0x6f,
  0x72, 0x67, 0x65, 0x0a, 0x33, 0x34, 0x35, 0x36, 0x33, 0x09, 0x6a, 0x6f,
  0x73, 0x65, 0x0a, 0x33, 0x34, 0x35, 0x36, 0x34, 0x09, 0x6a, 0x6f, 0x73,
  0x65, 0x66, 0x0a, 0x33, 0x34, 0x35, 0x36, 0x35, 0x09, 0x6a, 0x6f, 0x73,
  0x68, 0x75, 0x61, 0x0a, 0x33, 0x34, 0x35, 0x36, 0x36, 0x09, 0x6a, 0x6f,
  0x73, 0x73, 0x0a, 0x33, 0x34, 0x36, 0x31, 0x31, 0x09, 0x6a, 0x6f, 0x73,
  0x74, 0x6c, 0x65, 0x0a, 0x33, 0x34, 0x36, 0x31, 0x32, 0x09, 0x6a, 0x6f,
  0x74, 0x0a, 0x33, 0x34, 0x36, 0x31, 0x33, 0x09, 0x6a, 0x6f, 0x75, 0x6c,
  0x65, 0x0a, 0x33, 0x34, 0x36, 0x31, 0x34, 0x09, 0x6a, 0x6f, 0x75, 0x73,
  0x74, 0x0a, 0x33, 0x34, 0x36, 0x31, 0x35, 0x09, 0x6a, 0x6f, 0x76, 0x65,
  0x0a, 0x33, 0x34, 0x36, 0x31, 0x36, 0x09, 0x6a, 0x6f, 0x77, 0x6c, 0x0a,
  0x33, 0x34, 0x36, 0x32, 0x31, 0x09, 0x6a, 0x6f, 0x77, 0x6c, 0x79, 0x0a,
  0x33, 0x34, 0x36, 0x32, 0x32, 0x09, 0x6a, 0x6f, 0x79, 0x0a, 0x33, 0x34,
  0x36, 0x32, 0x33, 0x09, 0x6a, 0x6f, 0x79, 0x63, 0x65, 0x0a, 0x33, 0x34,
  0x36, 0x32, 0x34, 0x09, 0x6a, 0x70, 0x0a, 0x33, 0x34, 0x36, 0x32, 0x35,
  0x09, 0x6a, 0x71, 0x0a, 0x33, 0x34, 0x36, 0x32, 0x36, 0x09, 0x6a, 0x72,
  0x0a, 0x33, 0x34, 0x36, 0x33, 0x31, 0x09, 0x6a, 0x73, 0x0a, 0x33, 0x34,
  0x36, 0x33, 0x32, 0x09, 0x6a, 0x74, 0x0a, 0x33, 0x34, 0x36, 0x33, 0x33,
  0x09, 0x6a, 0x75, 0x0a, 0x33, 0x34, 0x36, 0x33, 0x34, 0x09, 0x6a, 0x75,
  0x61, 0x6e, 0x0a, 0x33, 0x34, 0x36, 0x33, 0x35, 0x09, 0x6a, 0x75, 0x64,
  0x61, 0x73, 0x0a, 0x33, 0x34, 0x36, 0x33, 0x36, 0x09, 0x6a, 0x75, 0x64,
  0x64, 0x0a, 0x33, 0x34, 0x36, 0x34, 0x31, 0x09, 0x6a, 0x75, 0x64, 0x65,
  0x0a, 0x33, 0x34, 0x36, 0x34, 0x32, 0x09, 0x6a, 0x75, 0x64, 0x67, 0x65,
  0x0a, 0x33, 0x34, 0x36, 0x34, 0x33, 0x09, 0x6a, 0x75, 0x64, 0x6f, 0x0a,
  0x33, 0x34, 0x36, 0x34, 0x34, 0x09, 0x6a, 0x75, 0x64, 0x79, 0x0a, 0x33,
  0x34, 0x36, 0x34, 0x35, 0x09, 0x6a, 0x75, 0x67, 0x0a, 0x33, 0x34, 0x36,
  0x34, 0x36, 0x09, 0x6a, 0x75, 0x67, 0x67, 0x6c, 0x65, 0x0a, 0x33, 0x34,
  0x36, 0x35, 0x31, 0x09, 0x6a, 0x75, 0x69, 0x63, 0x65, 0x0a, 0x33, 0x34,
  0x36, 0x35, 0x32, 0x09, 0x6a, 0x75, 0x69, 0x63, 0x79, 0x0a, 0x33, 0x34,
  0x36, 0x35, 0x33, 0x09, 0x6a, 0x75, 0x6a, 0x75, 0x0a, 0x33, 0x34, 0x36,
  0x35, 0x34, 0x09, 0x6a, 0x75, 0x6b, 0x65, 0x0a, 0x33, 0x34, 0x36, 0x35,
  0x35, 0x09, 0x6a, 0x75, 0x6b, 0x65, 0x73, 0x0a, 0x33, 0x34, 0x36, 0x35,
  0x36, 0x09, 0x6a, 0x75, 0x6c, 0x65, 0x70, 0x0a, 0x33, 0x34, 0x36, 0x36,
  0x31, 0x09, 0x6a, 0x75, 0x6c, 0x65, 0x73, 0x0a, 0x33, 0x34, 0x36, 0x36,
  0x32, 0x09, 0x6a, 0x75, 0x6c, 0x69, 0x61, 0x0a, 0x33, 0x34, 0x36, 0x36,
  0x33, 0x09, 0x6a, 0x75, 0x6c, 0x69, 0x65, 0x0a, 0x33, 0x34, 0x36, 0x36,
  0x34, 0x09, 0x6a, 0x75, 0x6c, 0x69, 0x6f, 0x0a, 0x33, 0x34, 0x36, 0x36,
  0x35, 0x09, 0x6a, 0x75, 0x6c, 0x79, 0x0a, 0x33, 0x34, 0x36, 0x36, 0x36,
  0x09, 0x6a, 0x75, 0x6d, 0x62, 0x6f, 0x0a, 0x33, 0x35, 0x31, 0x31, 0x31,
  0x09, 0x6a, 0x75, 0x6d, 0x70, 0x0a, 0x33, 0x35, 0x31, 0x31, 0x32, 0x09,
  0x6a, 0x75, 0x6d, 0x70, 0x79, 0x0a, 0x33, 0x35, 0x31, 0x31, 0x33, 0x09,
  0x6a, 0x75, 0x6e, 0x63, 0x6f, 0x0a, 0x33, 0x35, 0x31, 0x31, 0x34, 0x09,
  0x6a, 0x75, 0x6e, 0x65, 0x0a, 0x33, 0x35, 0x31, 0x31, 0x35, 0x09, 0x6a,
  0x75, 0x6e, 0x6b, 0x0a, 0x33, 0x35, 0x31, 0x31, 0x36, 0x09, 0x6a, 0x75,
  0x6e, 0x6b, 0x79, 0x0a, 0x33, 0x35, 0x31, 0x32, 0x31, 0x09, 0x6a, 0x75,
  0x6e, 0x6f, 0x0a, 0x33, 0x35, 0x31, 0x32, 0x32, 0x09, 0x6a, 0x75, 0x6e,
  0x74, 0x61, 0x0a, 0x33, 0x35, 0x31, 0x32, 0x33, 0x09, 0x6a, 0x75, 0x72,
  0x61, 0x0a, 0x33, 0x35, 0x31, 0x32, 0x34, 0x09, 0x6a, 0x75, 0x72, 0x65,
  0x0a, 0x33, 0x35, 0x31, 0x32, 0x35, 0x09, 0x6a, 0x75, 0x72, 0x6f, 0x72,
  0x0a, 0x33, 0x35, 0x31, 0x32, 0x36, 0x09, 0x6a, 0x75, 0x72, 0x79, 0x0a,
  0x33, 0x35, 0x31, 0x33, 0x31, 0x09, 0x6a, 0x75, 0x73, 0x74, 0x0a, 0x33,
  0x35, 0x31, 0x33, 0x32, 0x09, 0x6a, 0x75, 0x74, 0x0a, 0x33, 0x35, 0x31,
  0x33, 0x33, 0x09, 0x6a, 0x75, 0x74, 0x65, 0x0a, 0x33, 0x35, 0x31, 0x33,
  0x34, 0x09, 0x6a, 0x76, 0x0a, 0x33, 0x35, 0x31, 0x33, 0x35, 0x09, 0x6a,
  0x77, 0x0a, 0x33, 0x35, 0x31, 0x33, 0x36, 0x09, 0x6a, 0x78, 0x0a, 0x33,
  0x35, 0x31, 0x34, 0x31, 0x09, 0x6a, 0x79, 0x0a, 0x33, 0x35, 0x31, 0x34,
  0x32, 0x09, 0x6a, 0x7a, 0x0a, 0x33, 0x35, 0x31, 0x34, 0x33, 0x09, 0x6b,
  0x0a, 0x33, 0x35, 0x31, 0x34, 0x34, 0x09, 0x6b, 0x27, 0x73, 0x0a, 0x33,
  0x35, 0x31, 0x34, 0x35, 0x09, 0x6b, 0x61, 0x0a, 0x33, 0x35, 0x31, 0x34,
  0x36, 0x09, 0x6b, 0x61, 0x62, 0x75, 0x6c, 0x0a, 0x33, 0x35, 0x31, 0x35,
  0x31, 0x09, 0x6b, 0x61, 0x66, 0x6b, 0x61, 0x0a, 0x33, 0x35, 0x31, 0x35,
  0x32, 0x09, 0x6b, 0x61, 0x68, 0x6e, 0x0a, 0x33, 0x35, 0x31, 0x35, 0x33,
  0x09, 0x6b, 0x61, 0x6a, 0x61, 0x72, 0x0a, 0x33, 0x35, 0x31, 0x35, 0x34,
  0x09, 0x6b, 0x61, 0x6c, 0x65, 0x0a, 0x33, 0x35, 0x31, 0x35, 0x35, 0x09,
  0x6b, 0x61, 0x6c, 0x6d, 0x69, 0x61, 0x0a, 0x33, 0x35, 0x31, 0x35, 0x36,
  0x09, 0x6b, 0x61, 0x6e, 0x65, 0x0a, 0x33, 0x35, 0x31, 0x36, 0x31, 0x09,
  0x6b, 0x61, 0x6e, 0x74, 0x0a, 0x33, 0x35, 0x31, 0x36, 0x32, 0x09, 0x6b,
  0x61, 0x70, 0x6f, 0x6b, 0x0a, 0x33, 0x35, 0x31, 0x36, 0x33, 0x09, 0x6b,
  0x61, 0x70, 0x70, 0x61, 0x0a, 0x33, 0x35, 0x31, 0x36, 0x34, 0x09, 0x6b,
  0x61, 0x72, 0x61, 0x74, 0x65, 0x0a, 0x33, 0x35, 0x31, 0x36, 0x35, 0x09,
  0x6b, 0x61, 0x72, 0x65, 0x6e, 0x0a, 0x33, 0x35, 0x31, 0x36, 0x36, 0x09,
  0x6b, 0x61, 0x72, 0x6c, 0x0a, 0x33, 0x35, 0x32, 0x31, 0x31, 0x09, 0x6b,
  0x61, 0x72, 0x6d, 0x61, 0x0a, 0x33, 0x35, 0x32, 0x31, 0x32, 0x09, 0x6b,
  0x61, 0x72, 0x6f, 0x6c, 0x0a, 0x33, 0x35, 0x32, 0x31, 0x33, 0x09, 0x6b,
  0x61, 0x72, 0x70, 0x0a, 0x33, 0x35, 0x32, 0x31, 0x34, 0x09, 0x6b, 0x61,
  0x74, 0x65, 0x0a, 0x33, 0x35, 0x32, 0x31, 0x35, 0x09, 0x6b, 0x61, 0x74,
  0x68, 0x79, 0x0a, 0x33, 0x35, 0x32, 0x31, 0x36, 0x09, 0x6b, 0x61, 0x74,
  0x69, 0x65, 0x0a, 0x33, 0x35, 0x32, 0x32, 0x31, 0x09, 0x6b, 0x61, 0x74,
  0x7a, 0x0a, 0x33, 0x35, 0x32, 0x32, 0x32, 0x09, 0x6b, 0x61, 0x76, 0x61,
  0x0a, 0x33, 0x35, 0x32, 0x32, 0x33, 0x09, 0x6b, 0x61, 0x79, 0x0a, 0x33,
  0x35, 0x32, 0x32, 0x34, 0x09, 0x6b, 0x61, 0x79, 0x6f, 0x0a, 0x33, 0x35,
  0x32, 0x32, 0x35, 0x09, 0x6b, 0x61, 0x7a, 0x6f, 0x6f, 0x0a, 0x33, 0x35,
  0x32, 0x32, 0x36, 0x09, 0x6b, 0x62, 0x0a, 0x33, 0x35, 0x32, 0x33, 0x31,
  0x09, 0x6b, 0x63, 0x0a, 0x33, 0x35, 0x32, 0x33, 0x32, 0x09, 0x6b, 0x64,
  0x0a, 0x33, 0x35, 0x32, 0x33, 0x33, 0x09, 0x6b, 0x65, 0x0a, 0x33, 0x35,
  0x32, 0x33, 0x34, 0x09, 0x6b, 0x65, 0x61, 0x74, 0x73, 0x0a, 0x33, 0x35,
  0x32, 0x33, 0x35, 0x09, 0x6b, 0x65, 0x65, 0x6c, 0x0a, 0x33, 0x35, 0x32,
  0x33, 0x36, 0x09, 0x6b, 0x65, 0x65, 0x6e, 0x0a, 0x33, 0x35, 0x32, 0x34,
  0x31, 0x09, 0x6b, 0x65, 0x65, 0x70, 0x0a, 0x33, 0x35, 0x32, 0x34, 0x32,
  0x09, 0x6b, 0x65, 0x67, 0x0a, 0x33, 0x35, 0x32, 0x34, 0x33, 0x09, 0x6b,
  0x65, 0x69, 0x74, 0x68, 0x0a, 0x33, 0x35, 0x32, 0x34, 0x34, 0x09, 0x6b,
  0x65, 0x6c, 0x6c, 0x65, 0x72, 0x0a, 0x33, 0x35, 0x32, 0x34, 0x35, 0x09,
  0x6b, 0x65, 0x6c, 0x6c, 0x79, 0x0a, 0x33, 0x35, 0x32, 0x34, 0x36, 0x09,
  0x6b, 0x65, 0x6c, 0x70, 0x0a, 0x33, 0x35, 0x32, 0x35, 0x31, 0x09, 0x6b,
  0x65, 0x6d, 0x70, 0x0a, 0x33, 0x35, 0x32, 0x35, 0x32, 0x09, 0x6b, 0x65,
  0x6e, 0x0a, 0x33, 0x35, 0x32, 0x35, 0x33, 0x09, 0x6b, 0x65, 0x6e, 0x6f,
  0x0a, 0x33, 0x35, 0x32, 0x35, 0x34, 0x09, 0x6b, 0x65, 0x6e, 0x74, 0x0a,
  0x33, 0x35, 0x32, 0x35, 0x35, 0x09, 0x6b, 0x65, 0x6e, 0x79, 0x61, 0x0a,
  0x33, 0x35, 0x32, 0x35, 0x36, 0x09, 0x6b, 0x65, 0x70, 0x6c, 0x65, 0x72,
  0x0a, 0x33, 0x35, 0x32, 0x36, 0x31, 0x09, 0x6b, 0x65, 0x70, 0x74, 0x0a,
  0x33, 0x35, 0x32, 0x36, 0x32, 0x09, 0x6b, 0x65, 0x72, 0x6e, 0x0a, 0x33,
  0x35, 0x32, 0x36, 0x33, 0x09, 0x6b, 0x65, 0x72, 0x72, 0x0a, 0x33, 0x35,
  0x32, 0x36, 0x34, 0x09, 0x6b, 0x65, 0x72, 0x72, 0x79, 0x0a, 0x33, 0x35,
  0x32, 0x36, 0x35, 0x09, 0x6b, 0x65, 0x74, 0x63, 0x68, 0x0a, 0x33, 0x35,
  0x32, 0x36, 0x36, 0x09, 0x6b, 0x65, 0x76, 0x69, 0x6e, 0x0a, 0x33, 0x35,
  0x33, 0x31, 0x31, 0x09, 0x6b, 0x65, 0x79, 0x0a, 0x33, 0x35, 0x33, 0x31,
  0x32, 0x09, 0x6b, 0x65, 0x79, 0x65, 0x64, 0x0a, 0x33, 0x35, 0x33, 0x31,
  0x33, 0x09, 0x6b, 0x65, 0x79, 0x65, 0x73, 0x0a, 0x33, 0x35, 0x33, 0x31,
  0x34, 0x09, 0x6b, 0x65, 0x79, 0x73, 0x0a, 0x33, 0x35, 0x33, 0x31, 0x35,
  0x09, 0x6b, 0x66, 0x0a, 0x33, 0x35, 0x33, 0x31, 0x36, 0x09, 0x6b, 0x67,
  0x0a, 0x33, 0x35, 0x33, 0x32, 0x31, 0x09, 0x6b, 0x68, 0x0a, 0x33, 0x35,
  0x33, 0x32, 0x32, 0x09, 0x6b, 0x68, 0x61, 0x6b, 0x69, 0x0a, 0x33, 0x35,
  0x33, 0x32, 0x33, 0x09, 0x6b, 0x68, 0x61, 0x6e, 0x0a, 0x33, 0x35, 0x33,
  0x32, 0x34, 0x09, 0x6b, 0x68, 0x6d, 0x65, 0x72, 0x0a, 0x33, 0x35, 0x33,
  0x32, 0x35, 0x09, 0x6b, 0x69, 0x0a, 0x33, 0x35, 0x33, 0x32, 0x36, 0x09,
  0x6b, 0x69, 0x63, 0x6b, 0x0a, 0x33, 0x35, 0x33, 0x33, 0x31, 0x09, 0x6b,
  0x69, 0x64, 0x0a, 0x33, 0x35, 0x33, 0x33, 0x32, 0x09, 0x6b, 0x69, 0x64,
  0x64, 0x65, 0x0a, 0x33, 0x35, 0x33, 0x33, 0x33, 0x09, 0x6b, 0x69, 0x64,
  0x6e, 0x65, 0x79, 0x0a, 0x33, 0x35, 0x33, 0x33, 0x34, 0x09, 0x6b, 0x69,
  0x65, 0x76, 0x0a, 0x33, 0x35, 0x33, 0x33, 0x35, 0x09, 0x6b, 0x69, 0x67,
  0x61, 0x6c, 0x69, 0x0a, 0x33, 0x35, 0x33, 0x33, 0x36, 0x09, 0x6b, 0x69,
  0x6c, 0x6c, 0x0a, 0x33, 0x35, 0x33, 0x34, 0x31, 0x09, 0x6b, 0x69, 0x6d,
  0x0a, 0x33, 0x35, 0x33, 0x34, 0x32, 0x09, 0x6b, 0x69, 0x6e, 0x0a, 0x33,
  0x35, 0x33, 0x34, 0x33, 0x09, 0x6b, 0x69, 0x6e, 0x64, 0x0a, 0x33, 0x35,
  0x33, 0x34, 0x34, 0x09, 0x6b, 0x69, 0x6e, 0x67, 0x0a, 0x33, 0x35, 0x33,
  0x34, 0x35, 0x09, 0x6b, 0x69, 0x6e, 0x6b, 0x0a, 0x33, 0x35, 0x33, 0x34,
  0x36, 0x09, 0x6b, 0x69, 0x6e, 0x6b, 0x79, 0x0a, 0x33, 0x35, 0x33, 0x35,
  0x31, 0x09, 0x6b, 0x69, 0x6f, 0x73, 0x6b, 0x0a, 0x33, 0x35, 0x33, 0x35,
  0x32, 0x09, 0x6b, 0x69, 0x6f, 0x77, 0x61, 0x0a, 0x33, 0x35, 0x33, 0x35,
  0x33, 0x09, 0x6b, 0x69, 0x72, 0x62, 0x79, 0x0a, 0x33, 0x35, 0x33, 0x35,
  0x34, 0x09, 0x6b, 0x69, 0x72, 0x6b, 0x0a, 0x33, 0x35, 0x33, 0x35, 0x35,
  0x09, 0x6b, 0x69, 0x72, 0x6f, 0x76, 0x0a, 0x33, 0x35, 0x33, 0x35, 0x36,
  0x09, 0x6b, 0x69, 0x73, 0x73, 0x0a, 0x33, 0x35, 0x33, 0x36, 0x31, 0x09,
  0x6b, 0x69, 0x74, 0x0a, 0x33, 0x35, 0x33, 0x36, 0x32, 0x09, 0x6b, 0x69,
  0x74, 0x65, 0x0a, 0x33, 0x35, 0x33, 0x36, 0x33, 0x09, 0x6b, 0x69, 0x74,
  0x74, 0x79, 0x0a, 0x33, 0x35, 0x33, 0x36, 0x34, 0x09, 0x6b, 0x69, 0x76,
  0x61, 0x0a, 0x33, 0x35, 0x33, 0x36, 0x35, 0x09, 0x6b, 0x69, 0x76, 0x75,
  0x0a, 0x33, 0x35, 0x33, 0x36, 0x36, 0x09, 0x6b, 0x69, 0x77, 0x69, 0x0a,
  0x33, 0x35, 0x34, 0x31, 0x31, 0x09, 0x6b, 0x6a, 0x0a, 0x33, 0x35, 0x34,
  0x31, 0x32, 0x09, 0x6b, 0x6b, 0x0a, 0x33, 0x35, 0x34, 0x31, 0x33, 0x09,
  0x6b, 0x6b, 0x6b, 0x0a, 0x33, 0x35, 0x34, 0x31, 0x34, 0x09, 0x6b, 0x6b,
  0x6b, 0x6b, 0x0a, 0x33, 0x35, 0x34, 0x31, 0x35, 0x09, 0x6b, 0x6c, 0x0a,
  0x33, 0x35, 0x34, 0x31, 0x36, 0x09, 0x6b, 0x6c, 0x61, 0x6e, 0x0a, 0x33,
  0x35, 0x34, 0x32, 0x31, 0x09, 0x6b, 0x6c, 0x61, 0x75, 0x73, 0x0a, 0x33,
  0x35, 0x34, 0x32, 0x32, 0x09, 0x6b, 0x6c, 0x65, 0x69, 0x6e, 0x0a, 0x33,
  0x35, 0x34, 0x32, 0x33, 0x09, 0x6b, 0x6c, 0x69, 0x6e, 0x65, 0x0a, 0x33,
  0x35, 0x34, 0x32, 0x34, 0x09, 0x6b, 0x6c, 0x6d, 0x0a, 0x33, 0x35, 0x34,
  0x32, 0x35, 0x09, 0x6b, 0x6c, 0x75, 0x78, 0x0a, 0x33, 0x35, 0x34, 0x32,
  0x36, 0x09, 0x6b, 0x6d, 0x0a, 0x33, 0x35, 0x34, 0x33, 0x31, 0x09, 0x6b,
  0x6e, 0x0a, 0x33, 0x35, 0x34, 0x33, 0x32, 0x09, 0x6b, 0x6e, 0x61, 0x63,
  0x6b, 0x0a, 0x33, 0x35, 0x34, 0x33, 0x33, 0x09, 0x6b, 0x6e, 0x61, 0x70,
  0x70, 0x0a, 0x33, 0x35, 0x34, 0x33, 0x34, 0x09, 0x6b, 0x6e, 0x61, 0x75,
  0x65, 0x72, 0x0a, 0x33, 0x35, 0x34, 0x33, 0x35, 0x09, 0x6b, 0x6e, 0x65,
  0x61, 0x64, 0x0a, 0x33, 0x35, 0x34, 0x33, 0x36, 0x09, 0x6b, 0x6e, 0x65,
  0x65, 0x0a, 0x33, 0x35, 0x34, 0x34, 0x31, 0x09, 0x6b, 0x6e, 0x65, 0x65,
  0x6c, 0x0a, 0x33, 0x35, 0x34, 0x34, 0x32, 0x09, 0x6b, 0x6e, 0x65, 0x6c,
  0x74, 0x0a, 0x33, 0x35, 0x34, 0x34, 0x33, 0x09, 0x6b, 0x6e, 0x65, 0x77,
  0x0a, 0x33, 0x35, 0x34, 0x34, 0x34, 0x09, 0x6b, 0x6e, 0x69, 0x63, 0x6b,
  0x0a, 0x33, 0x35, 0x34, 0x34, 0x35, 0x09, 0x6b, 0x6e, 0x69, 0x66, 0x65,
  0x0a, 0x33, 0x35, 0x34, 0x34, 0x36, 0x09, 0x6b, 0x6e, 0x69, 0x74, 0x0a,
  0x33, 0x35, 0x34, 0x35, 0x31, 0x09, 0x6b, 0x6e, 0x6f, 0x62, 0x0a, 0x33,
  0x35, 0x34, 0x35, 0x32, 0x09, 0x6b, 0x6e, 0x6f, 0x63, 0x6b, 0x0a, 0x33,
  0x35, 0x34, 0x35, 0x33, 0x09, 0x6b, 0x6e, 0x6f, 0x6c, 0x6c, 0x0a, 0x33,
  0x35, 0x34, 0x35, 0x34, 0x09, 0x6b, 0x6e, 0x6f, 0x74, 0x0a, 0x33, 0x35,
  0x34, 0x35, 0x35, 0x09, 0x6b, 0x6e, 0x6f, 0x74, 0x74, 0x0a, 0x33, 0x35,
  0x34, 0x35, 0x36, 0x09, 0x6b, 0x6e, 0x6f, 0x77, 0x0a, 0x33, 0x35, 0x34,
  0x36, 0x31, 0x09, 0x6b, 0x6e, 0x6f, 0x77, 0x6e, 0x0a, 0x33, 0x35, 0x34,
  0x36, 0x32, 0x09, 0x6b, 0x6e, 0x6f, 0x78, 0x0a, 0x33, 0x35, 0x34, 0x36,
  0x33, 0x09, 0x6b, 0x6e, 0x75, 0x72, 0x6c, 0x0a, 0x33, 0x35, 0x34, 0x36,
  0x34, 0x09, 0x6b, 0x6f, 0x0a, 0x33, 0x35, 0x34, 0x36, 0x35, 0x09, 0x6b,
  0x6f, 0x61, 0x6c, 0x61, 0x0a, 0x33, 0x35, 0x34, 0x36, 0x36, 0x09, 0x6b,
  0x6f, 0x63, 0x68, 0x0a, 0x33, 0x35, 0x35, 0x31, 0x31, 0x09, 0x6b, 0x6f,
  0x64, 0x61, 0x6b, 0x0a, 0x33, 0x35, 0x35, 0x31, 0x32, 0x09, 0x6b, 0x6f,
  0x6c, 0x61, 0x0a, 0x33, 0x35, 0x35, 0x31, 0x33, 0x09, 0x6b, 0x6f, 0x6d,
  0x62, 0x75, 0x0a, 0x33, 0x35, 0x35, 0x31, 0x34, 0x09, 0x6b, 0x6f, 0x6e,
  0x67, 0x0a, 0x33, 0x35, 0x35, 0x31, 0x35, 0x09, 0x6b, 0x6f, 0x72, 0x61,
  0x6e, 0x0a, 0x33, 0x35, 0x35, 0x31, 0x36, 0x09, 0x6b, 0x6f, 0x72, 0x65,
  0x61, 0x0a, 0x33, 0x35, 0x35, 0x32, 0x31, 0x09, 0x6b, 0x70, 0x0a, 0x33,
  0x35, 0x35, 0x32, 0x32, 0x09, 0x6b, 0x71, 0x0a, 0x33, 0x35, 0x35, 0x32,
  0x33, 0x09, 0x6b, 0x72, 0x0a, 0x33, 0x35, 0x35, 0x32, 0x34, 0x09, 0x6b,
  0x72, 0x61, 0x66, 0x74, 0x0a, 0x33, 0x35, 0x35, 0x32, 0x35, 0x09, 0x6b,
  0x72, 0x61, 0x75, 0x73, 0x65, 0x0a, 0x33, 0x35, 0x35, 0x32, 0x36, 0x09,
  0x6b, 0x72, 0x61, 0x75, 0x74, 0x0a, 0x33, 0x35, 0x35, 0x33, 0x31, 0x09,
  0x6b, 0x72, 0x65, 0x62, 0x73, 0x0a, 0x33, 0x35, 0x35, 0x33, 0x32, 0x09,
  0x6b, 0x72, 0x75, 0x73, 0x65, 0x0a, 0x33, 0x35, 0x35, 0x33, 0x33, 0x09,
  0x6b, 0x73, 0x0a, 0x33, 0x35, 0x35, 0x33, 0x34, 0x09, 0x6b, 0x74, 0x0a,
  0x33, 0x35, 0x35, 0x33, 0x35, 0x09, 0x6b, 0x75, 0x0a, 0x33, 0x35, 0x35,
  0x33, 0x36, 0x09, 0x6b, 0x75, 0x64, 0x6f, 0x0a, 0x33, 0x35, 0x35, 0x34,
  0x31, 0x09, 0x6b, 0x75, 0x64, 0x7a, 0x75, 0x0a, 0x33, 0x35, 0x35, 0x34,
  0x32, 0x09, 0x6b, 0x75, 0x68, 0x6e, 0x0a, 0x33, 0x35, 0x35, 0x34, 0x33,
  0x09, 0x6b, 0x75, 0x6c, 0x61, 0x6b, 0x0a, 0x33, 0x35, 0x35, 0x34, 0x34,
  0x09, 0x6b, 0x75, 0x72, 0x64, 0x0a, 0x33, 0x35, 0x35, 0x34, 0x35, 0x09,
  0x6b, 0x75, 0x72, 0x74, 0x0a, 0x33, 0x35, 0x35, 0x34, 0x36, 0x09, 0x6b,
  0x76, 0x0a, 0x33, 0x35, 0x35, 0x35, 0x31, 0x09, 0x6b, 0x77, 0x0a, 0x33,
  0x35, 0x35, 0x35, 0x32, 0x09, 0x6b, 0x78, 0x0a, 0x33, 0x35, 0x35, 0x35,
  0x33, 0x09, 0x6b, 0x79, 0x0a, 0x33, 0x35, 0x35, 0x35, 0x34, 0x09, 0x6b,
  0x79, 0x6c, 0x65, 0x0a, 0x33, 0x35, 0x35, 0x35, 0x35, 0x09, 0x6b, 0x79,
  0x6f, 0x74, 0x6f, 0x0a, 0x33, 0x35, 0x35, 0x35, 0x36, 0x09, 0x6b, 0x7a,
  0x0a, 0x33, 0x35, 0x35, 0x36, 0x31, 0x09, 0x6c, 0x0a, 0x33, 0x35, 0x35,
  0x36, 0x32, 0x09, 0x6c, 0x27, 0x73, 0x0a, 0x33, 0x35, 0x35, 0x36, 0x33,
  0x09, 0x6c, 0x61, 0x0a, 0x33, 0x35, 0x35, 0x36, 0x34, 0x09, 0x6c, 0x61,
  0x62, 0x0a, 0x33, 0x35, 0x35, 0x36, 0x35, 0x09, 0x6c, 0x61, 0x62, 0x61,
  0x6e, 0x0a, 0x33, 0x35, 0x35, 0x36, 0x36, 0x09, 0x6c, 0x61, 0x62, 0x65,
  0x6c, 0x0a, 0x33, 0x35, 0x36, 0x31, 0x31, 0x09, 0x6c, 0x61, 0x62, 0x69,
  0x61, 0x0a, 0x33, 0x35, 0x36, 0x31, 0x32, 0x09, 0x6c, 0x61, 0x62, 0x69,
  0x6c, 0x65, 0x0a, 0x33, 0x35, 0x36, 0x31, 0x33, 0x09, 0x6c, 0x61, 0x63,
  0x0a, 0x33, 0x35, 0x36, 0x31, 0x34, 0x09, 0x6c, 0x61, 0x63, 0x65, 0x0a,
  0x33, 0x35, 0x36, 0x31, 0x35, 0x09, 0x6c, 0x61, 0x63, 0x6b, 0x0a, 0x33,
  0x35, 0x36, 0x31, 0x36, 0x09, 0x6c, 0x61, 0x63, 0x79, 0x0a, 0x33, 0x35,
  0x36, 0x32, 0x31, 0x09, 0x6c, 0x61, 0x64, 0x0a, 0x33, 0x35, 0x36, 0x32,
  0x32, 0x09, 0x6c, 0x61, 0x64, 0x65, 0x6e, 0x0a, 0x33, 0x35, 0x36, 0x32,
  0x33, 0x09, 0x6c, 0x61, 0x64, 0x6c, 0x65, 0x0a, 0x33, 0x35, 0x36, 0x32,
  0x34, 0x09, 0x6c, 0x61, 0x64, 0x79, 0x0a, 0x33, 0x35, 0x36, 0x32, 0x35,
  0x09, 0x6c, 0x61, 0x67, 0x0a, 0x33, 0x35, 0x36, 0x32, 0x36, 0x09, 0x6c,
  0x61, 0x67, 0x65, 0x72, 0x0a, 0x33, 0x35, 0x36, 0x33, 0x31, 0x09, 0x6c,
  0x61, 0x67, 0x6f, 0x6f, 0x6e, 0x0a, 0x33, 0x35, 0x36, 0x33, 0x32, 0x09,
  0x6c, 0x61, 0x67, 0x6f, 0x73, 0x0a, 0x33, 0x35, 0x36, 0x33, 0x33, 0x09,
  0x6c, 0x61, 0x69, 0x64, 0x0a, 0x33, 0x35, 0x36, 0x33, 0x34, 0x09, 0x6c,
  0x61, 0x69, 0x6e, 0x0a, 0x33, 0x35, 0x36, 0x33, 0x35, 0x09, 0x6c, 0x61,
  0x69, 0x72, 0x0a, 0x33, 0x35, 0x36, 0x33, 0x36, 0x09, 0x6c, 0x61, 0x69,
  0x74, 0x79, 0x0a, 0x33, 0x35, 0x36, 0x34, 0x31, 0x09, 0x6c, 0x61, 0x6b,
  0x65, 0x0a, 0x33, 0x35, 0x36, 0x34, 0x32, 0x09, 0x6c, 0x61, 0x6d, 0x0a,
  0x33, 0x35, 0x36, 0x34, 0x33, 0x09, 0x6c, 0x61, 0x6d, 0x61, 0x72, 0x0a,
  0x33, 0x35, 0x36, 0x34, 0x34, 0x09, 0x6c, 0x61, 0x6d, 0x62, 0x0a, 0x33,
  0x35, 0x36, 0x34, 0x35, 0x09, 0x6c, 0x61, 0x6d, 0x65, 0x0a, 0x33, 0x35,
  0x36, 0x34, 0x36, 0x09, 0x6c, 0x61, 0x6d, 0x70, 0x0a, 0x33, 0x35, 0x36,
  0x35, 0x31, 0x09, 0x6c, 0x61, 0x6e, 0x61, 0x0a, 0x33, 0x35, 0x36, 0x35,
  0x32, 0x09, 0x6c, 0x61, 0x6e, 0x63, 0x65, 0x0a, 0x33, 0x35, 0x36, 0x35,
  0x33, 0x09, 0x6c, 0x61, 0x6e, 0x64, 0x0a, 0x33, 0x35, 0x36, 0x35, 0x34,
  0x09, 0x6c, 0x61, 0x6e, 0x65, 0x0a, 0x33, 0x35, 0x36, 0x35, 0x35, 0x09,
  0x6c, 0x61, 0x6e, 0x67, 0x0a, 0x33, 0x35, 0x36, 0x35, 0x36, 0x09, 0x6c,
  0x61, 0x6e, 0x67, 0x65, 0x0a, 0x33, 0x35, 0x36, 0x36, 0x31, 0x09, 0x6c,
  0x61, 0x6e, 0x6b, 0x61, 0x0a, 0x33, 0x35, 0x36, 0x36, 0x32, 0x09, 0x6c,
  0x61, 0x6e, 0x6b, 0x79, 0x0a, 0x33, 0x35, 0x36, 0x36, 0x33, 0x09, 0x6c,
  0x61, 0x6f, 0x0a, 0x33, 0x35, 0x36, 0x36, 0x34, 0x09, 0x6c, 0x61, 0x6f,
  0x73, 0x0a, 0x33, 0x35, 0x36, 0x36, 0x35, 0x09, 0x6c, 0x61, 0x70, 0x0a,
  0x33, 0x35, 0x36, 0x36, 0x36, 0x09, 0x6c, 0x61, 0x70, 0x65, 0x6c, 0x0a,
  0x33, 0x36, 0x31, 0x31, 0x31, 0x09, 0x6c, 0x61, 0x70, 0x73, 0x65, 0x0a,
  0x33, 0x36, 0x31, 0x31, 0x32, 0x09, 0x6c, 0x61, 0x72, 0x63, 0x68, 0x0a,
  0x33, 0x36, 0x31, 0x31, 0x33, 0x09, 0x6c, 0x61, 0x72, 0x64, 0x0a, 0x33,
  0x36, 0x31, 0x31, 0x34, 0x09, 0x6c, 0x61, 0x72, 0x65, 0x73, 0x0a, 0x33,
  0x36, 0x31, 0x31, 0x35, 0x09, 0x6c, 0x61, 0x72, 0x67, 0x65, 0x0a, 0x33,
  0x36, 0x31, 0x31, 0x36, 0x09, 0x6c, 0x61, 0x72, 0x6b, 0x0a, 0x33, 0x36,
  0x31, 0x32, 0x31, 0x09, 0x6c, 0x61, 0x72, 0x6b, 0x69, 0x6e, 0x0a, 0x33,
  0x36, 0x31, 0x32, 0x32, 0x09, 0x6c, 0x61, 0x72, 0x72, 0x79, 0x0a, 0x33,
  0x36, 0x31, 0x32, 0x33, 0x09, 0x6c, 0x61, 0x72, 0x73, 0x0a, 0x33, 0x36,
  0x31, 0x32, 0x34, 0x09, 0x6c, 0x61, 0x72, 0x76, 0x61, 0x0a, 0x33, 0x36,
  0x31, 0x32, 0x35, 0x09, 0x6c, 0x61, 0x73, 0x65, 0x0a, 0x33, 0x36, 0x31,
  0x32, 0x36, 0x09, 0x6c, 0x61, 0x73, 0x68, 0x0a, 0x33, 0x36, 0x31, 0x33,
  0x31, 0x09, 0x6c, 0x61, 0x73, 0x73, 0x0a, 0x33, 0x36, 0x31, 0x33, 0x32,
  0x09, 0x6c, 0x61, 0x73, 0x73, 0x6f, 0x0a, 0x33, 0x36, 0x31, 0x33, 0x33,
  0x09, 0x6c, 0x61, 0x73, 0x74, 0x0a, 0x33, 0x36, 0x31, 0x33, 0x34, 0x09,
  0x6c, 0x61, 0x74, 0x63, 0x68, 0x0a, 0x33, 0x36, 0x31, 0x33, 0x35, 0x09,
  0x6c, 0x61, 0x74, 0x65, 0x0a, 0x33, 0x36, 0x31, 0x33, 0x36, 0x09, 0x6c,
  0x61, 0x74, 0x65, 0x72, 0x0a, 0x33, 0x36, 0x31, 0x34, 0x31, 0x09, 0x6c,
  0x61, 0x74, 0x65, 0x73, 0x74, 0x0a, 0x33, 0x36, 0x31, 0x34, 0x32, 0x09,
  0x6c, 0x61, 0x74, 0x65, 0x78, 0x0a, 0x33, 0x36, 0x31, 0x34, 0x33, 0x09,
  0x6c, 0x61, 0x74, 0x68, 0x0a, 0x33, 0x36, 0x31, 0x34, 0x34, 0x09, 0x6c,
  0x61, 0x74, 0x68, 0x65, 0x0a, 0x33, 0x36, 0x31, 0x34, 0x35, 0x09, 0x6c,
  0x61, 0x74, 0x69, 0x6e, 0x0a, 0x33, 0x36, 0x31, 0x34, 0x36, 0x09, 0x6c,
  0x61, 0x74, 0x75, 0x73, 0x0a, 0x33, 0x36, 0x31, 0x35, 0x31, 0x09, 0x6c,
  0x61, 0x75, 0x64, 0x0a, 0x33, 0x36, 0x31, 0x35, 0x32, 0x09, 0x6c, 0x61,
  0x75, 0x65, 0x0a, 0x33, 0x36, 0x31, 0x35, 0x33, 0x09, 0x6c, 0x61, 0x75,
  0x67, 0x68, 0x0a, 0x33, 0x36, 0x31, 0x35, 0x34, 0x09, 0x6c, 0x61, 0x75,
  0x6e, 0x63, 0x68, 0x0a, 0x33, 0x36, 0x31, 0x35, 0x35, 0x09, 0x6c, 0x61,
  0x75, 0x72, 0x61, 0x0a, 0x33, 0x36, 0x31, 0x35, 0x36, 0x09, 0x6c, 0x61,
  0x76, 0x61, 0x0a, 0x33, 0x36, 0x31, 0x36, 0x31, 0x09, 0x6c, 0x61, 0x77,
  0x0a, 0x33, 0x36, 0x31, 0x36, 0x32, 0x09, 0x6c, 0x61, 0x77, 0x6e, 0x0a,
  0x33, 0x36, 0x31, 0x36, 0x33, 0x09, 0x6c, 0x61, 0x77, 0x73, 0x6f, 0x6e,
  0x0a, 0x33, 0x36, 0x31, 0x36, 0x34, 0x09, 0x6c, 0x61, 0x78, 0x0a, 0x33,
  0x36, 0x31, 0x36, 0x35, 0x09, 0x6c, 0x61, 0x79, 0x0a, 0x33, 0x36, 0x31,
  0x36, 0x36, 0x09, 0x6c, 0x61, 0x79, 0x75, 0x70, 0x0a, 0x33, 0x36, 0x32,
  0x31, 0x31, 0x09, 0x6c, 0x61, 0x7a, 0x65, 0x0a, 0x33, 0x36, 0x32, 0x31,
  0x32, 0x09, 0x6c, 0x61, 0x7a, 0x79, 0x0a, 0x33, 0x36, 0x32, 0x31, 0x33,
  0x09, 0x6c, 0x62, 0x0a, 0x33, 0x36, 0x32, 0x31, 0x34, 0x09, 0x6c, 0x63,
  0x0a, 0x33, 0x36, 0x32, 0x31, 0x35, 0x09, 0x6c, 0x64, 0x0a, 0x33, 0x36,
  0x32, 0x31, 0x36, 0x09, 0x6c, 0x65, 0x0a, 0x33, 0x36, 0x32, 0x32, 0x31,
  0x09, 0x6c, 0x65, 0x61, 0x0a, 0x33, 0x36, 0x32, 0x32, 0x32, 0x09, 0x6c,
  0x65, 0x61, 0x63, 0x68, 0x0a, 0x33, 0x36, 0x32, 0x32, 0x33, 0x09, 0x6c,
  0x65, 0x61, 0x64, 0x0a, 0x33, 0x36, 0x32, 0x32, 0x34, 0x09, 0x6c, 0x65,
  0x61, 0x66, 0x0a, 0x33, 0x36, 0x32, 0x32, 0x35, 0x09, 0x6c, 0x65, 0x61,
  0x66, 0x79, 0x0a, 0x33, 0x36, 0x32, 0x32, 0x36, 0x09, 0x6c, 0x65, 0x61,
  0x6b, 0x0a, 0x33, 0x36, 0x32, 0x33, 0x31, 0x09, 0x6c, 0x65, 0x61, 0x6b,
  0x79, 0x0a, 0x33, 0x36, 0x32, 0x33, 0x32, 0x09, 0x6c, 0x65, 0x61, 0x6e,
  0x0a, 0x33, 0x36, 0x32, 0x33, 0x33, 0x09, 0x6c, 0x65, 0x61, 0x70, 0x0a,
  0x33, 0x36, 0x32, 0x33, 0x34, 0x09, 0x6c, 0x65, 0x61, 0x70, 0x74, 0x0a,
  0x33, 0x36, 0x32, 0x33, 0x35, 0x09, 0x6c, 0x65, 0x61, 0x72, 0x0a, 0x33,
  0x36, 0x32, 0x33, 0x36, 0x09, 0x6c, 0x65, 0x61, 0x72, 0x6e, 0x0a, 0x33,
  0x36, 0x32, 0x34, 0x31, 0x09, 0x6c, 0x65, 0x61, 0x73, 0x65, 0x0a, 0x33,
  0x36, 0x32, 0x34, 0x32, 0x09, 0x6c, 0x65, 0x61, 0x73, 0x68, 0x0a, 0x33,
  0x36, 0x32, 0x34, 0x33, 0x09, 0x6c, 0x65, 0x61, 0x73, 0x74, 0x0a, 0x33,
  0x36, 0x32, 0x34, 0x34, 0x09, 0x6c, 0x65, 0x61, 0x76, 0x65, 0x0a, 0x33,
  0x36, 0x32, 0x34, 0x35, 0x09, 0x6c, 0x65, 0x64, 0x0a, 0x33, 0x36, 0x32,
  0x34, 0x36, 0x09, 0x6c, 0x65, 0x64, 0x67, 0x65, 0x0a, 0x33, 0x36, 0x32,
  0x35, 0x31, 0x09, 0x6c, 0x65, 0x65, 0x0a, 0x33, 0x36, 0x32, 0x35, 0x32,
  0x09, 0x6c, 0x65, 0x65, 0x63, 0x68, 0x0a, 0x33, 0x36, 0x32, 0x35, 0x33,
  0x09, 0x6c, 0x65, 0x65, 0x64, 0x73, 0x0a, 0x33, 0x36, 0x32, 0x35, 0x34,
  0x09, 0x6c, 0x65, 0x65, 0x6b, 0x0a, 0x33, 0x36, 0x32, 0x35, 0x35, 0x09,
  0x6c, 0x65, 0x65, 0x72, 0x0a, 0x33, 0x36, 0x32, 0x35, 0x36, 0x09, 0x6c,
  0x65, 0x65, 0x72, 0x79, 0x0a, 0x33, 0x36, 0x32, 0x36, 0x31, 0x09, 0x6c,
  0x65, 0x65, 0x77, 0x61, 0x79, 0x0a, 0x33, 0x36, 0x32, 0x36, 0x32, 0x09,
  0x6c, 0x65, 0x66, 0x74, 0x0a, 0x33, 0x36, 0x32, 0x36, 0x33, 0x09, 0x6c,
  0x65, 0x66, 0x74, 0x79, 0x0a, 0x33, 0x36, 0x32, 0x36, 0x34, 0x09, 0x6c,
  0x65, 0x67, 0x0a, 0x33, 0x36, 0x32, 0x36, 0x35, 0x09, 0x6c, 0x65, 0x67,
  0x61, 0x6c, 0x0a, 0x33, 0x36, 0x32, 0x36, 0x36, 0x09, 0x6c, 0x65, 0x67,
  0x67, 0x79, 0x0a, 0x33, 0x36, 0x33, 0x31, 0x31, 0x09, 0x6c, 0x65, 0x67,
  0x69, 0x6f, 0x6e, 0x0a, 0x33, 0x36, 0x33, 0x31, 0x32, 0x09, 0x6c, 0x65,
  0x69, 0x67, 0x68, 0x0a, 0x33, 0x36, 0x33, 0x31, 0x33, 0x09, 0x6c, 0x65,
  0x69, 0x6c, 0x61, 0x0a, 0x33, 0x36, 0x33, 0x31, 0x34, 0x09, 0x6c, 0x65,
  0x6c, 0x61, 0x6e, 0x64, 0x0a, 0x33, 0x36, 0x33, 0x31, 0x35, 0x09, 0x6c,
  0x65, 0x6d, 0x6d, 0x61, 0x0a, 0x33, 0x36, 0x33, 0x31, 0x36, 0x09, 0x6c,
  0x65, 0x6d, 0x6f, 0x6e, 0x0a, 0x33, 0x36, 0x33, 0x32, 0x31, 0x09, 0x6c,
  0x65, 0x6e, 0x0a, 0x33, 0x36, 0x33, 0x32, 0x32, 0x09, 0x6c, 0x65, 0x6e,
  0x61, 0x0a, 0x33, 0x36, 0x33, 0x32, 0x33, 0x09, 0x6c, 0x65, 0x6e, 0x64,
  0x0a, 0x33, 0x36, 0x33, 0x32, 0x34, 0x09, 0x6c, 0x65, 0x6e, 0x69, 0x6e,
  0x0a, 0x33, 0x36, 0x33, 0x32, 0x35, 0x09, 0x6c, 0x65, 0x6e, 0x6e, 0x79,
  0x0a, 0x33, 0x36, 0x33, 0x32, 0x36, 0x09, 0x6c, 0x65, 0x6e, 0x73, 0x0a,
  0x33, 0x36, 0x33, 0x33, 0x31, 0x09, 0x6c, 0x65, 0x6e, 0x74, 0x0a, 0x33,
  0x36, 0x33, 0x33, 0x32, 0x09, 0x6c, 0x65, 0x6f, 0x0a, 0x33, 0x36, 0x33,
  0x33, 0x33, 0x09, 0x6c, 0x65, 0x6f, 0x6e, 0x0a, 0x33, 0x36, 0x33, 0x33,
  0x34, 0x09, 0x6c, 0x65, 0x6f, 0x6e, 0x61, 0x0a, 0x33, 0x36, 0x33, 0x33,
  0x35, 0x09, 0x6c, 0x65, 0x6f, 0x6e, 0x65, 0x0a, 0x33, 0x36, 0x33, 0x33,
  0x36, 0x09, 0x6c, 0x65, 0x70, 0x65, 0x72, 0x0a, 0x33, 0x36, 0x33, 0x34,
  0x31, 0x09, 0x6c, 0x65, 0x72, 0x6f, 0x79, 0x0a, 0x33, 0x36, 0x33, 0x34,
  0x32, 0x09, 0x6c, 0x65, 0x73, 0x73, 0x0a, 0x33, 0x36, 0x33, 0x34, 0x33,
  0x09, 0x6c, 0x65, 0x73, 0x73, 0x65, 0x65, 0x0a, 0x33, 0x36, 0x33, 0x34,
  0x34, 0x09, 0x6c, 0x65, 0x73, 0x74, 0x0a, 0x33, 0x36, 0x33, 0x34, 0x35,
  0x09, 0x6c, 0x65, 0x74, 0x0a, 0x33, 0x36, 0x33, 0x34, 0x36, 0x09, 0x6c,
  0x65, 0x74, 0x68, 0x65, 0x0a, 0x33, 0x36, 0x33, 0x35, 0x31, 0x09, 0x6c,
  0x65, 0x76, 0x0a, 0x33, 0x36, 0x33, 0x35, 0x32, 0x09, 0x6c, 0x65, 0x76,
  0x65, 0x65, 0x0a, 0x33, 0x36, 0x33, 0x35, 0x33, 0x09, 0x6c, 0x65, 0x76,
  0x65, 0x6c, 0x0a, 0x33, 0x36, 0x33, 0x35, 0x34, 0x09, 0x6c, 0x65, 0x76,
  0x65, 0x72, 0x0a, 0x33, 0x36, 0x33, 0x35, 0x35, 0x09, 0x6c, 0x65, 0x76,
  0x69, 0x0a, 0x33, 0x36, 0x33, 0x35, 0x36, 0x09, 0x6c, 0x65, 0x76, 0x69,
  0x6e, 0x0a, 0x33, 0x36, 0x33, 0x36, 0x31, 0x09, 0x6c, 0x65, 0x76, 0x69,
  0x73, 0x0a, 0x33, 0x36, 0x33, 0x36, 0x32, 0x09, 0x6c, 0x65, 0x76, 0x79,
  0x0a, 0x33, 0x36, 0x33, 0x36, 0x33, 0x09, 0x6c, 0x65, 0x77, 0x0a, 0x33,
  0x36, 0x33, 0x36, 0x34, 0x09, 0x6c, 0x65, 0x77, 0x64, 0x0a, 0x33, 0x36,
  0x33, 0x36, 0x35, 0x09, 0x6c, 0x65, 0x77, 0x69, 0x73, 0x0a, 0x33, 0x36,
  0x33, 0x36, 0x36, 0x09, 0x6c, 0x65, 0x79, 0x64, 0x65, 0x6e, 0x0a, 0x33,
  0x36, 0x34, 0x31, 0x31, 0x09, 0x6c, 0x66, 0x0a, 0x33, 0x36, 0x34, 0x31,
  0x32, 0x09, 0x6c, 0x67, 0x0a, 0x33, 0x36, 0x34, 0x31, 0x33, 0x09, 0x6c,
  0x68, 0x0a, 0x33, 0x36, 0x34, 0x31, 0x34, 0x09, 0x6c, 0x69, 0x0a, 0x33,
  0x36, 0x34, 0x31, 0x35, 0x09, 0x6c, 0x69, 0x61, 0x72, 0x0a, 0x33, 0x36,
  0x34, 0x31, 0x36, 0x09, 0x6c, 0x69, 0x62, 0x65, 0x6c, 0x0a, 0x33, 0x36,
  0x34, 0x32, 0x31, 0x09, 0x6c, 0x69, 0x62, 0x69, 0x64, 0x6f, 0x0a, 0x33,
  0x36, 0x34, 0x32, 0x32, 0x09, 0x6c, 0x69, 0x62, 0x79, 0x61, 0x0a, 0x33,
  0x36, 0x34, 0x32, 0x33, 0x09, 0x6c, 0x69, 0x63, 0x65, 0x0a, 0x33, 0x36,
  0x34, 0x32, 0x34, 0x09, 0x6c, 0x69, 0x63, 0x6b, 0x0a, 0x33, 0x36, 0x34,
  0x32, 0x35, 0x09, 0x6c, 0x69, 0x64, 0x0a, 0x33, 0x36, 0x34, 0x32, 0x36,
  0x09, 0x6c, 0x69, 0x65, 0x0a, 0x33, 0x36, 0x34, 0x33, 0x31, 0x09, 0x6c,
  0x69, 0x65, 0x64, 0x0a, 0x33, 0x36, 0x34, 0x33, 0x32, 0x09, 0x6c, 0x69,
  0x65, 0x6e, 0x0a, 0x33, 0x36, 0x34, 0x33, 0x33, 0x09, 0x6c, 0x69, 0x65,
  0x75, 0x0a, 0x33, 0x36, 0x34, 0x33, 0x34, 0x09, 0x6c, 0x69, 0x66, 0x65,
  0x0a, 0x33, 0x36, 0x34, 0x33, 0x35, 0x09, 0x6c, 0x69, 0x66, 0x6f, 0x0a,
  0x33, 0x36, 0x34, 0x33, 0x36, 0x09, 0x6c, 0x69, 0x66, 0x74, 0x0a, 0x33,
  0x36, 0x34, 0x34, 0x31, 0x09, 0x6c, 0x69, 0x67, 0x68, 0x74, 0x0a, 0x33,
  0x36, 0x34, 0x34, 0x32, 0x09, 0x6c, 0x69, 0x6b, 0x65, 0x0a, 0x33, 0x36,
  0x34, 0x34, 0x33, 0x09, 0x6c, 0x69, 0x6b, 0x65, 0x6e, 0x0a, 0x33, 0x36,
  0x34, 0x34, 0x34, 0x09, 0x6c, 0x69, 0x6c, 0x61, 0x0a, 0x33, 0x36, 0x34,
  0x34, 0x35, 0x09, 0x6c, 0x69, 0x6c, 0x61, 0x63, 0x0a, 0x33, 0x36, 0x34,
  0x34, 0x36, 0x09, 0x6c, 0x69, 0x6c, 0x6c, 0x79, 0x0a, 0x33, 0x36, 0x34,
  0x35, 0x31, 0x09, 0x6c, 0x69, 0x6c, 0x74, 0x0a, 0x33, 0x36, 0x34, 0x35,
  0x32, 0x09, 0x6c, 0x69, 0x6c, 0x79, 0x0a, 0x33, 0x36, 0x34, 0x35, 0x33,
  0x09, 0x6c, 0x69, 0x6d, 0x61, 0x0a, 0x33, 0x36, 0x34, 0x35, 0x34, 0x09,
  0x6c, 0x69, 0x6d, 0x62, 0x0a, 0x33, 0x36, 0x34, 0x35, 0x35, 0x09, 0x6c,
  0x69, 0x6d, 0x62, 0x6f, 0x0a, 0x33, 0x36, 0x34, 0x35, 0x36, 0x09, 0x6c,
  0x69, 0x6d, 0x65, 0x0a, 0x33, 0x36, 0x34, 0x36, 0x31, 0x09, 0x6c, 0x69,
  0x6d, 0x69, 0x74, 0x0a, 0x33, 0x36, 0x34, 0x36, 0x32, 0x09, 0x6c, 0x69,
  0x6d, 0x70, 0x0a, 0x33, 0x36, 0x34, 0x36, 0x33, 0x09, 0x6c, 0x69, 0x6e,
  0x0a, 0x33, 0x36, 0x34, 0x36, 0x34, 0x09, 0x6c, 0x69, 0x6e, 0x64, 0x0a,
  0x33, 0x36, 0x34, 0x36, 0x35, 0x09, 0x6c, 0x69, 0x6e, 0x64, 0x61, 0x0a,
  0x33, 0x36, 0x34, 0x36, 0x36, 0x09, 0x6c, 0x69, 0x6e, 0x64, 0x65, 0x6e,
  0x0a, 0x33, 0x36, 0x35, 0x31, 0x31, 0x09, 0x6c, 0x69, 0x6e, 0x65, 0x0a,
  0x33, 0x36, 0x35, 0x31, 0x32, 0x09, 0x6c, 0x69, 0x6e, 0x65, 0x6e, 0x0a,
  0x33, 0x36, 0x35, 0x31, 0x33, 0x09, 0x6c, 0x69, 0x6e, 0x67, 0x6f, 0x0a,
  0x33, 0x36, 0x35, 0x31, 0x34, 0x09, 0x6c, 0x69, 0x6e, 0x6b, 0x0a, 0x33,
  0x36, 0x35, 0x31, 0x35, 0x09, 0x6c, 0x69, 0x6e, 0x74, 0x0a, 0x33, 0x36,
  0x35, 0x31, 0x36, 0x09, 0x6c, 0x69, 0x6e, 0x75, 0x73, 0x0a, 0x33, 0x36,
  0x35, 0x32, 0x31, 0x09, 0x6c, 0x69, 0x6f, 0x6e, 0x0a, 0x33, 0x36, 0x35,
  0x32, 0x32, 0x09, 0x6c, 0x69, 0x70, 0x0a, 0x33, 0x36, 0x35, 0x32, 0x33,
  0x09, 0x6c, 0x69, 0x70, 0x69, 0x64, 0x0a, 0x33, 0x36, 0x35, 0x32, 0x34,
  0x09, 0x6c, 0x69, 0x73, 0x61, 0x0a, 0x33, 0x36, 0x35, 0x32, 0x35, 0x09,
  0x6c, 0x69, 0x73, 0x65, 0x0a, 0x33, 0x36, 0x35, 0x32, 0x36, 0x09, 0x6c,
  0x69, 0x73, 0x6c, 0x65, 0x0a, 0x33, 0x36, 0x35, 0x33, 0x31, 0x09, 0x6c,
  0x69, 0x73, 0x70, 0x0a, 0x33, 0x36, 0x35, 0x33, 0x32, 0x09, 0x6c, 0x69,
  0x73, 0x74, 0x0a, 0x33, 0x36, 0x35, 0x33, 0x33, 0x09, 0x6c, 0x69, 0x73,
  0x74, 0x65, 0x6e, 0x0a, 0x33, 0x36, 0x35, 0x33, 0x34, 0x09, 0x6c, 0x69,
  0x74, 0x0a, 0x33, 0x36, 0x35, 0x33, 0x35, 0x09, 0x6c, 0x69, 0x74, 0x68,
  0x65, 0x0a, 0x33, 0x36, 0x35, 0x33, 0x36, 0x09, 0x6c, 0x69, 0x74, 0x74,
  0x6f, 0x6e, 0x0a, 0x33, 0x36, 0x35, 0x34, 0x31, 0x09, 0x6c, 0x69, 0x76,
  0x65, 0x0a, 0x33, 0x36, 0x35, 0x34, 0x32, 0x09, 0x6c, 0x69, 0x76, 0x65,
  0x6e, 0x0a, 0x33, 0x36, 0x35, 0x34, 0x33, 0x09, 0x6c, 0x69, 0x76, 0x69,
  0x64, 0x0a, 0x33, 0x36, 0x35, 0x34, 0x34, 0x09, 0x6c, 0x69, 0x76, 0x72,
  0x65, 0x0a, 0x33, 0x36, 0x35, 0x34, 0x35, 0x09, 0x6c, 0x69, 0x7a, 0x0a,
  0x33, 0x36, 0x35, 0x34, 0x36, 0x09, 0x6c, 0x69, 0x7a, 0x7a, 0x69, 0x65,
  0x0a, 0x33, 0x36, 0x35, 0x35, 0x31, 0x09, 0x6c, 0x6a, 0x0a, 0x33, 0x36,
  0x35, 0x35, 0x32, 0x09, 0x6c, 0x6b, 0x0a, 0x33, 0x36, 0x35, 0x35, 0x33,
  0x09, 0x6c, 0x6c, 0x0a, 0x33, 0x36, 0x35, 0x35, 0x34, 0x09, 0x6c, 0x6c,
  0x6c, 0x0a, 0x33, 0x36, 0x35, 0x35, 0x35, 0x09, 0x6c, 0x6c, 0x6c, 0x6c,
  0x0a, 0x33, 0x36, 0x35, 0x35, 0x36, 0x09, 0x6c, 0x6c, 0x6f, 0x79, 0x64,
  0x0a, 0x33, 0x36, 0x35, 0x36, 0x31, 0x09, 0x6c, 0x6d, 0x0a, 0x33, 0x36,
  0x35, 0x36, 0x32, 0x09, 0x6c, 0x6d, 0x6e, 0x0a, 0x33, 0x36, 0x35, 0x36,
  0x33, 0x09, 0x6c, 0x6e, 0x0a, 0x33, 0x36, 0x35, 0x36, 0x34, 0x09, 0x6c,
  0x6f, 0x0a, 0x33, 0x36, 0x35, 0x36, 0x35, 0x09, 0x6c, 0x6f, 0x61, 0x64,
  0x0a, 0x33, 0x36, 0x35, 0x36, 0x36, 0x09, 0x6c, 0x6f, 0x61, 0x66, 0x0a,
  0x33, 0x36, 0x36, 0x31, 0x31, 0x09, 0x6c, 0x6f, 0x61, 0x6d, 0x0a, 0x33,
  0x36, 0x36, 0x31, 0x32, 0x09, 0x6c, 0x6f, 0x61, 0x6d, 0x79, 0x0a, 0x33,
  0x36, 0x36, 0x31, 0x33, 0x09, 0x6c, 0x6f, 0x61, 0x6e, 0x0a, 0x33, 0x36,
  0x36, 0x31, 0x34, 0x09, 0x6c, 0x6f, 0x61, 0x74, 0x68, 0x0a, 0x33, 0x36,
  0x36, 0x31, 0x35, 0x09, 0x6c, 0x6f, 0x62, 0x0a, 0x33, 0x36, 0x36, 0x31,
  0x36, 0x09, 0x6c, 0x6f, 0x62, 0x61, 0x72, 0x0a, 0x33, 0x36, 0x36, 0x32,
  0x31, 0x09, 0x6c, 0x6f, 0x62, 0x62, 0x79, 0x0a, 0x33, 0x36, 0x36, 0x32,
  0x32, 0x09, 0x6c, 0x6f, 0x62, 0x65, 0x0a, 0x33, 0x36, 0x36, 0x32, 0x33,
  0x09, 0x6c, 0x6f, 0x62, 0x6f, 0x0a, 0x33, 0x36, 0x36, 0x32, 0x34, 0x09,
  0x6c, 0x6f, 0x63, 0x61, 0x6c, 0x0a, 0x33, 0x36, 0x36, 0x32, 0x35, 0x09,
  0x6c, 0x6f, 0x63, 0x69, 0x0a, 0x33, 0x36, 0x36, 0x32, 0x36, 0x09, 0x6c,
  0x6f, 0x63, 0x6b, 0x0a, 0x33, 0x36, 0x36, 0x33, 0x31, 0x09, 0x6c, 0x6f,
  0x63, 0x6b, 0x65, 0x0a, 0x33, 0x36, 0x36, 0x33, 0x32, 0x09, 0x6c, 0x6f,
  0x63, 0x75, 0x73, 0x0a, 0x33, 0x36, 0x36, 0x33, 0x33, 0x09, 0x6c, 0x6f,
  0x64, 0x67, 0x65, 0x0a, 0x33, 0x36, 0x36, 0x33, 0x34, 0x09, 0x6c, 0x6f,
  0x65, 0x62, 0x0a, 0x33, 0x36, 0x36, 0x33, 0x35, 0x09, 0x6c, 0x6f, 0x65,
  0x73, 0x73, 0x0a, 0x33, 0x36, 0x36, 0x33, 0x36, 0x09, 0x6c, 0x6f, 0x66,
  0x74, 0x0a, 0x33, 0x36, 0x36, 0x34, 0x31, 0x09, 0x6c, 0x6f, 0x66, 0x74,
  0x79, 0x0a, 0x33, 0x36, 0x36, 0x34, 0x32, 0x09, 0x6c, 0x6f, 0x67, 0x0a,
  0x33, 0x36, 0x36, 0x34, 0x33, 0x09, 0x6c, 0x6f, 0x67, 0x61, 0x6e, 0x0a,
  0x33, 0x36, 0x36, 0x34, 0x34, 0x09, 0x6c, 0x6f, 0x67, 0x65, 0x0a, 0x33,
  0x36, 0x36, 0x34, 0x35, 0x09, 0x6c, 0x6f, 0x67, 0x69, 0x63, 0x0a, 0x33,
  0x36, 0x36, 0x34, 0x36, 0x09, 0x6c, 0x6f, 0x69, 0x6e, 0x0a, 0x33, 0x36,
  0x36, 0x35, 0x31, 0x09, 0x6c, 0x6f, 0x69, 0x72, 0x65, 0x0a, 0x33, 0x36,
  0x36, 0x35, 0x32, 0x09, 0x6c, 0x6f, 0x69, 0x73, 0x0a, 0x33, 0x36, 0x36,
  0x35, 0x33, 0x09, 0x6c, 0x6f, 0x69, 0x74, 0x65, 0x72, 0x0a, 0x33, 0x36,
  0x36, 0x35, 0x34, 0x09, 0x6c, 0x6f, 0x6b, 0x69, 0x0a, 0x33, 0x36, 0x36,
  0x35, 0x35, 0x09, 0x6c, 0x6f, 0x6c, 0x61, 0x0a, 0x33, 0x36, 0x36, 0x35,
  0x36, 0x09, 0x6c, 0x6f, 0x6c, 0x6c, 0x0a, 0x33, 0x36, 0x36, 0x36, 0x31,
  0x09, 0x6c, 0x6f, 0x6c, 0x6c, 0x79, 0x0a, 0x33, 0x36, 0x36, 0x36, 0x32,
  0x09, 0x6c, 0x6f, 0x6d, 0x62, 0x0a, 0x33, 0x36, 0x36, 0x36, 0x33, 0x09,
  0x6c, 0x6f, 0x6d, 0x65, 0x0a, 0x33, 0x36, 0x36, 0x36, 0x34, 0x09, 0x6c,
  0x6f, 0x6e, 0x65, 0x0a, 0x33, 0x36, 0x36, 0x36, 0x35, 0x09, 0x6c, 0x6f,
  0x6e, 0x67, 0x0a, 0x33, 0x36, 0x36, 0x36, 0x36, 0x09, 0x6c, 0x6f, 0x6f,
  0x6b, 0x0a, 0x34, 0x31, 0x31, 0x31, 0x31, 0x09, 0x6c, 0x6f, 0x6f, 0x6d,
  0x0a, 0x34, 0x31, 0x31, 0x31, 0x32, 0x09, 0x6c, 0x6f, 0x6f, 0x6e, 0x0a,
  0x34, 0x31, 0x31, 0x31, 0x33, 0x09, 0x6c, 0x6f, 0x6f, 0x70, 0x0a, 0x34,
  0x31, 0x31, 0x31, 0x34, 0x09, 0x6c, 0x6f, 0x6f, 0x73, 0x65, 0x0a, 0x34,
  0x31, 0x31, 0x31, 0x35, 0x09, 0x6c, 0x6f, 0x6f, 0x74, 0x0a, 0x34, 0x31,
  0x31, 0x31, 0x36, 0x09, 0x6c, 0x6f, 0x70, 0x0a, 0x34, 0x31, 0x31, 0x32,
  0x31, 0x09, 0x6c, 0x6f, 0x70, 0x65, 0x0a, 0x34, 0x31, 0x31, 0x32, 0x32,
  0x09, 0x6c, 0x6f, 0x70, 0x65, 0x7a, 0x0a, 0x34, 0x31, 0x31, 0x32, 0x33,
  0x09, 0x6c, 0x6f, 0x72, 0x64, 0x0a, 0x34, 0x31, 0x31, 0x32, 0x34, 0x09,
  0x6c, 0x6f, 0x72, 0x65, 0x0a, 0x34, 0x31, 0x31, 0x32, 0x35, 0x09, 0x6c,
  0x6f, 0x72, 0x65, 0x6e, 0x0a, 0x34, 0x31, 0x31, 0x32, 0x36, 0x09, 0x6c,
  0x6f, 0x73, 0x0a, 0x34, 0x31, 0x31, 0x33, 0x31, 0x09, 0x6c, 0x6f, 0x73,
  0x65, 0x0a, 0x34, 0x31, 0x31, 0x33, 0x32, 0x09, 0x6c, 0x6f, 0x73, 0x73,
  0x0a, 0x34, 0x31, 0x31, 0x33, 0x33, 0x09, 0x6c, 0x6f, 0x73, 0x73, 0x79,
  0x0a, 0x34, 0x31, 0x31, 0x33, 0x34, 0x09, 0x6c, 0x6f, 0x73, 0x74, 0x0a,
  0x34, 0x31, 0x31, 0x33, 0x35, 0x09, 0x6c, 0x6f, 0x74, 0x0a, 0x34, 0x31,
  0x31, 0x33, 0x36, 0x09, 0x6c, 0x6f, 0x74, 0x74, 0x65, 0x0a, 0x34, 0x31,
  0x31, 0x34, 0x31, 0x09, 0x6c, 0x6f, 0x74, 0x75, 0x73, 0x0a, 0x34, 0x31,
  0x31, 0x34, 0x32, 0x09, 0x6c, 0x6f, 0x75, 0x0a, 0x34, 0x31, 0x31, 0x34,
  0x33, 0x09, 0x6c, 0x6f, 0x75, 0x64, 0x0a, 0x34, 0x31, 0x31, 0x34, 0x34,
  0x09, 0x6c, 0x6f, 0x75, 0x69, 0x73, 0x0a, 0x34, 0x31, 0x31, 0x34, 0x35,
  0x09, 0x6c, 0x6f, 0x75, 0x69, 0x73, 0x65, 0x0a, 0x34, 0x31, 0x31, 0x34,
  0x36, 0x09, 0x6c, 0x6f, 0x75, 0x73, 0x65, 0x0a, 0x34, 0x31, 0x31, 0x35,
  0x31, 0x09, 0x6c, 0x6f, 0x75, 0x73, 0x79, 0x0a, 0x34, 0x31, 0x31, 0x35,
  0x32, 0x09, 0x6c, 0x6f, 0x75, 0x76, 0x65, 0x72, 0x0a, 0x34, 0x31, 0x31,
  0x35, 0x33, 0x09, 0x6c, 0x6f, 0x76, 0x65, 0x0a, 0x34, 0x31, 0x31, 0x35,
  0x34, 0x09, 0x6c, 0x6f, 0x77, 0x0a, 0x34, 0x31, 0x31, 0x35, 0x35, 0x09,
  0x6c, 0x6f, 0x77, 0x65, 0x0a, 0x34, 0x31, 0x31, 0x35, 0x36, 0x09, 0x6c,
  0x6f, 0x77, 0x65, 0x72, 0x0a, 0x34, 0x31, 0x31, 0x36, 0x31, 0x09, 0x6c,
  0x6f, 0x77, 0x72, 0x79, 0x0a, 0x34, 0x31, 0x31, 0x36, 0x32, 0x09, 0x6c,
  0x6f, 0x79, 0x0a, 0x34, 0x31, 0x31, 0x36, 0x33, 0x09, 0x6c, 0x6f, 0x79,
  0x61, 0x6c, 0x0a, 0x34, 0x31, 0x31, 0x36, 0x34, 0x09, 0x6c, 0x70, 0x0a,
  0x34, 0x31, 0x31, 0x36, 0x35, 0x09, 0x6c, 0x71, 0x0a, 0x34, 0x31, 0x31,
  0x36, 0x36, 0x09, 0x6c, 0x72, 0x0a, 0x34, 0x31, 0x32, 0x31, 0x31, 0x09,
  0x6c, 0x73, 0x0a, 0x34, 0x31, 0x32, 0x31, 0x32, 0x09, 0x6c, 0x73, 0x69,
  0x0a, 0x34, 0x31, 0x32, 0x31, 0x33, 0x09, 0x6c, 0x74, 0x0a, 0x34, 0x31,
  0x32, 0x31, 0x34, 0x09, 0x6c, 0x74, 0x76, 0x0a, 0x34, 0x31, 0x32, 0x31,
  0x35, 0x09, 0x6c, 0x75, 0x0a, 0x34, 0x31, 0x32, 0x31, 0x36, 0x09, 0x6c,
  0x75, 0x63, 0x61, 0x73, 0x0a, 0x34, 0x31, 0x32, 0x32, 0x31, 0x09, 0x6c,
  0x75, 0x63, 0x69, 0x61, 0x0a, 0x34, 0x31, 0x32, 0x32, 0x32, 0x09, 0x6c,
  0x75, 0x63, 0x69, 0x64, 0x0a, 0x34, 0x31, 0x32, 0x32, 0x33, 0x09, 0x6c,
  0x75, 0x63, 0x6b, 0x0a, 0x34, 0x31, 0x32, 0x32, 0x34, 0x09, 0x6c, 0x75,
  0x63, 0x6b, 0x79, 0x0a, 0x34, 0x31, 0x32, 0x32, 0x35, 0x09, 0x6c, 0x75,
  0x63, 0x72, 0x65, 0x0a, 0x34, 0x31, 0x32, 0x32, 0x36, 0x09, 0x6c, 0x75,
  0x63, 0x79, 0x0a, 0x34, 0x31, 0x32, 0x33, 0x31, 0x09, 0x6c, 0x75, 0x67,
  0x0a, 0x34, 0x31, 0x32, 0x33, 0x32, 0x09, 0x6c, 0x75, 0x67, 0x65, 0x0a,
  0x34, 0x31, 0x32, 0x33, 0x33, 0x09, 0x6c, 0x75, 0x67, 0x65, 0x72, 0x0a,
  0x34, 0x31, 0x32, 0x33, 0x34, 0x09, 0x6c, 0x75, 0x69, 0x73, 0x0a, 0x34,
  0x31, 0x32, 0x33, 0x35, 0x09, 0x6c, 0x75, 0x6b, 0x65, 0x0a, 0x34, 0x31,
  0x32, 0x33, 0x36, 0x09, 0x6c, 0x75, 0x6c, 0x6c, 0x0a, 0x34, 0x31, 0x32,
  0x34, 0x31, 0x09, 0x6c, 0x75, 0x6c, 0x75, 0x0a, 0x34, 0x31, 0x32, 0x34,
  0x32, 0x09, 0x6c, 0x75, 0x6d, 0x62, 0x61, 0x72, 0x0a, 0x34, 0x31, 0x32,
  0x34, 0x33, 0x09, 0x6c, 0x75, 0x6d, 0x65, 0x6e, 0x0a, 0x34, 0x31, 0x32,
  0x34, 0x34, 0x09, 0x6c, 0x75, 0x6d, 0x70, 0x0a, 0x34, 0x31, 0x32, 0x34,
  0x35, 0x09, 0x6c, 0x75, 0x6d, 0x70, 0x79, 0x0a, 0x34, 0x31, 0x32, 0x34,
  0x36, 0x09, 0x6c, 0x75, 0x6e, 0x61, 0x72, 0x0a, 0x34, 0x31, 0x32, 0x35,
  0x31, 0x09, 0x6c, 0x75, 0x6e, 0x63, 0x68, 0x0a, 0x34, 0x31, 0x32, 0x35,
  0x32, 0x09, 0x6c, 0x75, 0x6e, 0x64, 0x0a, 0x34, 0x31, 0x32, 0x35, 0x33,
  0x09, 0x6c, 0x75, 0x6e, 0x67, 0x0a, 0x34, 0x31, 0x32, 0x35, 0x34, 0x09,
  0x6c, 0x75, 0x6e, 0x67, 0x65, 0x0a, 0x34, 0x31, 0x32, 0x35, 0x35, 0x09,
  0x6c, 0x75, 0x72, 0x61, 0x0a, 0x34, 0x31, 0x32, 0x35, 0x36, 0x09, 0x6c,
  0x75, 0x72, 0x63, 0x68, 0x0a, 0x34, 0x31, 0x32, 0x36, 0x31, 0x09, 0x6c,
  0x75, 0x72, 0x65, 0x0a, 0x34, 0x31, 0x32, 0x36, 0x32, 0x09, 0x6c, 0x75,
  0x72, 0x69, 0x64, 0x0a, 0x34, 0x31, 0x32, 0x36, 0x33, 0x09, 0x6c, 0x75,
  0x72, 0x6b, 0x0a, 0x34, 0x31, 0x32, 0x36, 0x34, 0x09, 0x6c, 0x75, 0x73,
  0x68, 0x0a, 0x34, 0x31, 0x32, 0x36, 0x35, 0x09, 0x6c, 0x75, 0x73, 0x74,
  0x0a, 0x34, 0x31, 0x32, 0x36, 0x36, 0x09, 0x6c, 0x75, 0x73, 0x74, 0x79,
  0x0a, 0x34, 0x31, 0x33, 0x31, 0x31, 0x09, 0x6c, 0x75, 0x74, 0x65, 0x0a,
  0x34, 0x31, 0x33, 0x31, 0x32, 0x09, 0x6c, 0x75, 0x74, 0x7a, 0x0a, 0x34,
  0x31, 0x33, 0x31, 0x33, 0x09, 0x6c, 0x75, 0x78, 0x0a, 0x34, 0x31, 0x33,
  0x31, 0x34, 0x09, 0x6c, 0x75, 0x78, 0x65, 0x0a, 0x34, 0x31, 0x33, 0x31,
  0x35, 0x09, 0x6c, 0x75, 0x7a, 0x6f, 0x6e, 0x0a, 0x34, 0x31, 0x33, 0x31,
  0x36, 0x09, 0x6c, 0x76, 0x0a, 0x34, 0x31, 0x33, 0x32, 0x31, 0x09, 0x6c,
  0x77, 0x0a, 0x34, 0x31, 0x33, 0x32, 0x32, 0x09, 0x6c, 0x78, 0x0a, 0x34,
  0x31, 0x33, 0x32, 0x33, 0x09, 0x6c, 0x79, 0x0a, 0x34, 0x31, 0x33, 0x32,
  0x34, 0x09, 0x6c, 0x79, 0x64, 0x69, 0x61, 0x0a, 0x34, 0x31, 0x33, 0x32,
  0x35, 0x09, 0x6c, 0x79, 0x65, 0x0a, 0x34, 0x31, 0x33, 0x32, 0x36, 0x09,
  0x6c, 0x79, 0x69, 0x6e, 0x67, 0x0a, 0x34, 0x31, 0x33, 0x33, 0x31, 0x09,
  0x6c, 0x79, 0x6b, 0x65, 0x73, 0x0a, 0x34, 0x31, 0x33, 0x33, 0x32, 0x09,
  0x6c, 0x79, 0x6c, 0x65, 0x0a, 0x34, 0x31, 0x33, 0x33, 0x33, 0x09, 0x6c,
  0x79, 0x6d, 0x61, 0x6e, 0x0a, 0x34, 0x31, 0x33, 0x33, 0x34, 0x09, 0x6c,
  0x79, 0x6d, 0x70, 0x68, 0x0a, 0x34, 0x31, 0x33, 0x33, 0x35, 0x09, 0x6c,
  0x79, 0x6e, 0x63, 0x68, 0x0a, 0x34, 0x31, 0x33, 0x33, 0x36, 0x09, 0x6c,
  0x79, 0x6e, 0x6e, 0x0a, 0x34, 0x31, 0x33, 0x34, 0x31, 0x09, 0x6c, 0x79,
  0x6e, 0x78, 0x0a, 0x34, 0x31, 0x33, 0x34, 0x32, 0x09, 0x6c, 0x79, 0x6f,
  0x6e, 0x0a, 0x34, 0x31, 0x33, 0x34, 0x33, 0x09, 0x6c, 0x79, 0x6f, 0x6e,
  0x73, 0x0a, 0x34, 0x31, 0x33, 0x34, 0x34, 0x09, 0x6c, 0x79, 0x72, 0x61,
  0x0a, 0x34, 0x31, 0x33, 0x34, 0x35, 0x09, 0x6c, 0x79, 0x72, 0x69, 0x63,
  0x0a, 0x34, 0x31, 0x33, 0x34, 0x36, 0x09, 0x6c, 0x7a, 0x0a, 0x34, 0x31,
  0x33, 0x35, 0x31, 0x09, 0x6d, 0x0a, 0x34, 0x31, 0x33, 0x35, 0x32, 0x09,
  0x6d, 0x26, 0x6d, 0x0a, 0x34, 0x31, 0x33, 0x35, 0x33, 0x09, 0x6d, 0x27,
  0x73, 0x0a, 0x34, 0x31, 0x33, 0x35, 0x34, 0x09, 0x6d, 0x61, 0x0a, 0x34,
  0x31, 0x33, 0x35, 0x35, 0x09, 0x6d, 0x61, 0x62, 0x65, 0x6c, 0x0a, 0x34,
  0x31, 0x33, 0x35, 0x36, 0x09, 0x6d, 0x61, 0x63, 0x0a, 0x34, 0x31, 0x33,
  0x36, 0x31, 0x09, 0x6d, 0x61, 0x63, 0x65, 0x0a, 0x34, 0x31, 0x33, 0x36,
  0x32, 0x09, 0x6d, 0x61, 0x63, 0x68, 0x0a, 0x34, 0x31, 0x33, 0x36, 0x33,
  0x09, 0x6d, 0x61, 0x63, 0x68, 0x6f, 0x0a, 0x34, 0x31, 0x33, 0x36, 0x34,
  0x09, 0x6d, 0x61, 0x63, 0x6b, 0x0a, 0x34, 0x31, 0x33, 0x36, 0x35, 0x09,
  0x6d, 0x61, 0x63, 0x6b, 0x65, 0x79, 0x0a, 0x34, 0x31, 0x33, 0x36, 0x36,
  0x09, 0x6d, 0x61, 0x63, 0x6f, 0x6e, 0x0a, 0x34, 0x31, 0x34, 0x31, 0x31,
  0x09, 0x6d, 0x61, 0x63, 0x72, 0x6f, 0x0a, 0x34, 0x31, 0x34, 0x31, 0x32,
  0x09, 0x6d, 0x61, 0x64, 0x0a, 0x34, 0x31, 0x34, 0x31, 0x33, 0x09, 0x6d,
  0x61, 0x64, 0x61, 0x6d, 0x0a, 0x34, 0x31, 0x34, 0x31, 0x34, 0x09, 0x6d,
  0x61, 0x64, 0x65, 0x0a, 0x34, 0x31, 0x34, 0x31, 0x35, 0x09, 0x6d, 0x61,
  0x64, 0x6d, 0x61, 0x6e, 0x0a, 0x34, 0x31, 0x34, 0x31, 0x36, 0x09, 0x6d,
  0x61, 0x64, 0x73, 0x65, 0x6e, 0x0a, 0x34, 0x31, 0x34, 0x32, 0x31, 0x09,
  0x6d, 0x61, 0x65, 0x0a, 0x34, 0x31, 0x34, 0x32, 0x32, 0x09, 0x6d, 0x61,
  0x67, 0x69, 0x0a, 0x34, 0x31, 0x34, 0x32, 0x33, 0x09, 0x6d, 0x61, 0x67,
  0x69, 0x63, 0x0a, 0x34, 0x31, 0x34, 0x32, 0x34, 0x09, 0x6d, 0x61, 0x67,
  0x6d, 0x61, 0x0a, 0x34, 0x31, 0x34, 0x32, 0x35, 0x09, 0x6d, 0x61, 0x67,
  0x6e, 0x61, 0x0a, 0x34, 0x31, 0x34, 0x32, 0x36, 0x09, 0x6d, 0x61, 0x67,
  0x6f, 0x67, 0x0a, 0x34, 0x31, 0x34, 0x33, 0x31, 0x09, 0x6d, 0x61, 0x69,
  0x64, 0x0a, 0x34, 0x31, 0x34, 0x33, 0x32, 0x09, 0x6d, 0x61, 0x69, 0x65,
  0x72, 0x0a, 0x34, 0x31, 0x34, 0x33, 0x33, 0x09, 0x6d, 0x61, 0x69, 0x6c,
  0x0a, 0x34, 0x31, 0x34, 0x33, 0x34, 0x09, 0x6d, 0x61, 0x69, 0x6d, 0x0a,
  0x34, 0x31, 0x34, 0x33, 0x35, 0x09, 0x6d, 0x61, 0x69, 0x6e, 0x0a, 0x34,
  0x31, 0x34, 0x33, 0x36, 0x09, 0x6d, 0x61, 0x69, 0x6e, 0x65, 0x0a, 0x34,
  0x31, 0x34, 0x34, 0x31, 0x09, 0x6d, 0x61, 0x6a, 0x6f, 0x72, 0x0a, 0x34,
  0x31, 0x34, 0x34, 0x32, 0x09, 0x6d, 0x61, 0x6b, 0x65, 0x0a, 0x34, 0x31,
  0x34, 0x34, 0x33, 0x09, 0x6d, 0x61, 0x6c, 0x61, 0x64, 0x79, 0x0a, 0x34,
  0x31, 0x34, 0x34, 0x34, 0x09, 0x6d, 0x61, 0x6c, 0x61, 0x79, 0x0a, 0x34,
  0x31, 0x34, 0x34, 0x35, 0x09, 0x6d, 0x61, 0x6c, 0x65, 0x0a, 0x34, 0x31,
  0x34, 0x34, 0x36, 0x09, 0x6d, 0x61, 0x6c, 0x69, 0x0a, 0x34, 0x31, 0x34,
  0x35, 0x31, 0x09, 0x6d, 0x61, 0x6c, 0x6c, 0x0a, 0x34, 0x31, 0x34, 0x35,
  0x32, 0x09, 0x6d, 0x61, 0x6c, 0x74, 0x0a, 0x34, 0x31, 0x34, 0x35, 0x33,
  0x09, 0x6d, 0x61, 0x6c, 0x74, 0x61, 0x0a, 0x34, 0x31, 0x34, 0x35, 0x34,
  0x09, 0x6d, 0x61, 0x6d, 0x62, 0x6f, 0x0a, 0x34, 0x31, 0x34, 0x35, 0x35,
  0x09, 0x6d, 0x61, 0x6d, 0x6d, 0x61, 0x0a, 0x34, 0x31, 0x34, 0x35, 0x36,
  0x09, 0x6d, 0x61, 0x6d, 0x6d, 0x61, 0x6c, 0x0a, 0x34, 0x31, 0x34, 0x36,
  0x31, 0x09, 0x6d, 0x61, 0x6e, 0x0a, 0x34, 0x31, 0x34, 0x36, 0x32, 0x09,
  0x6d, 0x61, 0x6e, 0x61, 0x0a, 0x34, 0x31, 0x34, 0x36, 0x33, 0x09, 0x6d,
  0x61, 0x6e, 0x61, 0x6d, 0x61, 0x0a, 0x34, 0x31, 0x34, 0x36, 0x34, 0x09,
  0x6d, 0x61, 0x6e, 0x65, 0x0a, 0x34, 0x31, 0x34, 0x36, 0x35, 0x09, 0x6d,
  0x61, 0x6e, 0x67, 0x65, 0x0a, 0x34, 0x31, 0x34, 0x36, 0x36, 0x09, 0x6d,
  0x61, 0x6e, 0x69, 0x61, 0x0a, 0x34, 0x31, 0x35, 0x31, 0x31, 0x09, 0x6d,
  0x61, 0x6e, 0x69, 0x63, 0x0a, 0x34, 0x31, 0x35, 0x31, 0x32, 0x09, 0x6d,
  0x61, 0x6e, 0x6e, 0x0a, 0x34, 0x31, 0x35, 0x31, 0x33, 0x09, 0x6d, 0x61,
  0x6e, 0x6e, 0x61, 0x0a, 0x34, 0x31, 0x35, 0x31, 0x34, 0x09, 0x6d, 0x61,
  0x6e, 0x6f, 0x72, 0x0a, 0x34, 0x31, 0x35, 0x31, 0x35, 0x09, 0x6d, 0x61,
  0x6e, 0x73, 0x0a, 0x34, 0x31, 0x35, 0x31, 0x36, 0x09, 0x6d, 0x61, 0x6e,
  0x73, 0x65, 0x0a, 0x34, 0x31, 0x35, 0x32, 0x31, 0x09, 0x6d, 0x61, 0x6e,
  0x74, 0x6c, 0x65, 0x0a, 0x34, 0x31, 0x35, 0x32, 0x32, 0x09, 0x6d, 0x61,
  0x6e, 0x79, 0x0a, 0x34, 0x31, 0x35, 0x32, 0x33, 0x09, 0x6d, 0x61, 0x6f,
  0x0a, 0x34, 0x31, 0x35, 0x32, 0x34, 0x09, 0x6d, 0x61, 0x6f, 0x72, 0x69,
  0x0a, 0x34, 0x31, 0x35, 0x32, 0x35, 0x09, 0x6d, 0x61, 0x70, 0x0a, 0x34,
  0x31, 0x35, 0x32, 0x36, 0x09, 0x6d, 0x61, 0x70, 0x6c, 0x65, 0x0a, 0x34,
  0x31, 0x35, 0x33, 0x31, 0x09, 0x6d, 0x61, 0x72, 0x0a, 0x34, 0x31, 0x35,
  0x33, 0x32, 0x09, 0x6d, 0x61, 0x72, 0x63, 0x0a, 0x34, 0x31, 0x35, 0x33,
  0x33, 0x09, 0x6d, 0x61, 0x72, 0x63, 0x68, 0x0a, 0x34, 0x31, 0x35, 0x33,
  0x34, 0x09, 0x6d, 0x61, 0x72, 0x63, 0x6f, 0x0a, 0x34, 0x31, 0x35, 0x33,
  0x35, 0x09, 0x6d, 0x61, 0x72, 0x63, 0x79, 0x0a, 0x34, 0x31, 0x35, 0x33,
  0x36, 0x09, 0x6d, 0x61, 0x72, 0x64, 0x69, 0x0a, 0x34, 0x31, 0x35, 0x34,
  0x31, 0x09, 0x6d, 0x61, 0x72, 0x65, 0x0a, 0x34, 0x31, 0x35, 0x34, 0x32,
  0x09, 0x6d, 0x61, 0x72, 0x67, 0x6f, 0x0a, 0x34, 0x31, 0x35, 0x34, 0x33,
  0x09, 0x6d, 0x61, 0x72, 0x69, 0x61, 0x0a, 0x34, 0x31, 0x35, 0x34, 0x34,
  0x09, 0x6d, 0x61, 0x72, 0x69, 0x65, 0x0a, 0x34, 0x31, 0x35, 0x34, 0x35,
  0x09, 0x6d, 0x61, 0x72, 0x69, 0x6e, 0x0a, 0x34, 0x31, 0x35, 0x34, 0x36,
  0x09, 0x6d, 0x61, 0x72, 0x69, 0x6e, 0x65, 0x0a, 0x34, 0x31, 0x35, 0x35,
  0x31, 0x09, 0x6d, 0x61, 0x72, 0x69, 0x6f, 0x0a, 0x34, 0x31, 0x35, 0x35,
  0x32, 0x09, 0x6d, 0x61, 0x72, 0x6b, 0x0a, 0x34, 0x31, 0x35, 0x35, 0x33,
  0x09, 0x6d, 0x61, 0x72, 0x6b, 0x73, 0x0a, 0x34, 0x31, 0x35, 0x35, 0x34,
  0x09, 0x6d, 0x61, 0x72, 0x6c, 0x69, 0x6e, 0x0a, 0x34, 0x31, 0x35, 0x35,
  0x35, 0x09, 0x6d, 0x61, 0x72, 0x72, 0x6f, 0x77, 0x0a, 0x34, 0x31, 0x35,
  0x35, 0x36, 0x09, 0x6d, 0x61, 0x72, 0x72, 0x79, 0x0a, 0x34, 0x31, 0x35,
  0x36, 0x31, 0x09, 0x6d, 0x61, 0x72, 0x73, 0x0a, 0x34, 0x31, 0x35, 0x36,
  0x32, 0x09, 0x6d, 0x61, 0x72, 0x73, 0x68, 0x0a, 0x34, 0x31, 0x35, 0x36,
  0x33, 0x09, 0x6d, 0x61, 0x72, 0x74, 0x0a, 0x34, 0x31, 0x35, 0x36, 0x34,
  0x09, 0x6d, 0x61, 0x72, 0x74, 0x79, 0x0a, 0x34, 0x31, 0x35, 0x36, 0x35,
  0x09, 0x6d, 0x61, 0x72, 0x78, 0x0a, 0x34, 0x31, 0x35, 0x36, 0x36, 0x09,
  0x6d, 0x61, 0x72, 0x79, 0x0a, 0x34, 0x31, 0x36, 0x31, 0x31, 0x09, 0x6d,
  0x61, 0x73, 0x65, 0x72, 0x0a, 0x34, 0x31, 0x36, 0x31, 0x32, 0x09, 0x6d,
  0x61, 0x73, 0x68, 0x0a, 0x34, 0x31, 0x36, 0x31, 0x33, 0x09, 0x6d, 0x61,
  0x73, 0x6b, 0x0a, 0x34, 0x31, 0x36, 0x31, 0x34, 0x09, 0x6d, 0x61, 0x73,
  0x6f, 0x6e, 0x0a, 0x34, 0x31, 0x36, 0x31, 0x35, 0x09, 0x6d, 0x61, 0x73,
  0x71, 0x75, 0x65, 0x0a, 0x34, 0x31, 0x36, 0x31, 0x36, 0x09, 0x6d, 0x61,
  0x73, 0x73, 0x0a, 0x34, 0x31, 0x36, 0x32, 0x31, 0x09, 0x6d, 0x61, 0x73,
  0x74, 0x0a, 0x34, 0x31, 0x36, 0x32, 0x32, 0x09, 0x6d, 0x61, 0x74, 0x0a,
  0x34, 0x31, 0x36, 0x32, 0x33, 0x09, 0x6d, 0x61, 0x74, 0x63, 0x68, 0x0a,
  0x34, 0x31, 0x36, 0x32, 0x34, 0x09, 0x6d, 0x61, 0x74, 0x65, 0x0a, 0x34,
  0x31, 0x36, 0x32, 0x35, 0x09, 0x6d, 0x61, 0x74, 0x65, 0x6f, 0x0a, 0x34,
  0x31, 0x36, 0x32, 0x36, 0x09, 0x6d, 0x61, 0x74, 0x65, 0x72, 0x0a, 0x34,
  0x31, 0x36, 0x33, 0x31, 0x09, 0x6d, 0x61, 0x74, 0x68, 0x0a, 0x34, 0x31,
  0x36, 0x33, 0x32, 0x09, 0x6d, 0x61, 0x74, 0x74, 0x65, 0x0a, 0x34, 0x31,
  0x36, 0x33, 0x33, 0x09, 0x6d, 0x61, 0x75, 0x6c, 0x0a, 0x34, 0x31, 0x36,
  0x33, 0x34, 0x09, 0x6d, 0x61, 0x75, 0x76, 0x65, 0x0a, 0x34, 0x31, 0x36,
  0x33, 0x35, 0x09, 0x6d, 0x61, 0x76, 0x69, 0x73, 0x0a, 0x34, 0x31, 0x36,
  0x33, 0x36, 0x09, 0x6d, 0x61, 0x77, 0x0a, 0x34, 0x31, 0x36, 0x34, 0x31,
  0x09, 0x6d, 0x61, 0x77, 0x72, 0x0a, 0x34, 0x31, 0x36, 0x34, 0x32, 0x09,
  0x6d, 0x61, 0x78, 0x0a, 0x34, 0x31, 0x36, 0x34, 0x33, 0x09, 0x6d, 0x61,
  0x78, 0x69, 0x6d, 0x0a, 0x34, 0x31, 0x36, 0x34, 0x34, 0x09, 0x6d, 0x61,
  0x78, 0x69, 0x6d, 0x61, 0x0a, 0x34, 0x31, 0x36, 0x34, 0x35, 0x09, 0x6d,
  0x61, 0x79, 0x0a, 0x34, 0x31, 0x36, 0x34, 0x36, 0x09, 0x6d, 0x61, 0x79,
  0x61, 0x0a, 0x34, 0x31, 0x36, 0x35, 0x31, 0x09, 0x6d, 0x61, 0x79, 0x62,
  0x65, 0x0a, 0x34, 0x31, 0x36, 0x35, 0x32, 0x09, 0x6d, 0x61, 0x79, 0x65,
  0x72, 0x0a, 0x34, 0x31, 0x36, 0x35, 0x33, 0x09, 0x6d, 0x61, 0x79, 0x68,
  0x65, 0x6d, 0x0a, 0x34, 0x31, 0x36, 0x35, 0x34, 0x09, 0x6d, 0x61, 0x79,
  0x6f, 0x0a, 0x34, 0x31, 0x36, 0x35, 0x35, 0x09, 0x6d, 0x61, 0x79, 0x6f,
  0x72, 0x0a, 0x34, 0x31, 0x36, 0x35, 0x36, 0x09, 0x6d, 0x61, 0x79, 0x73,
  0x74, 0x0a, 0x34, 0x31, 0x36, 0x36, 0x31, 0x09, 0x6d, 0x61, 0x7a, 0x64,
  0x61, 0x0a, 0x34, 0x31, 0x36, 0x36, 0x32, 0x09, 0x6d, 0x61, 0x7a, 0x65,
  0x0a, 0x34, 0x31, 0x36, 0x36, 0x33, 0x09, 0x6d, 0x62, 0x0a, 0x34, 0x31,
  0x36, 0x36, 0x34, 0x09, 0x6d, 0x62, 0x61, 0x0a, 0x34, 0x31, 0x36, 0x36,
  0x35, 0x09, 0x6d, 0x63, 0x0a, 0x34, 0x31, 0x36, 0x36, 0x36, 0x09, 0x6d,
  0x63, 0x63, 0x6f, 0x79, 0x0a, 0x34, 0x32, 0x31, 0x31, 0x31, 0x09, 0x6d,
  0x63, 0x67, 0x65, 0x65, 0x0a, 0x34, 0x32, 0x31, 0x31, 0x32, 0x09, 0x6d,
  0x63, 0x6b, 0x61, 0x79, 0x0a, 0x34, 0x32, 0x31, 0x31, 0x33, 0x09, 0x6d,
  0x63, 0x6b, 0x65, 0x65, 0x0a, 0x34, 0x32, 0x31, 0x31, 0x34, 0x09, 0x6d,
  0x63, 0x6c, 0x65, 0x6f, 0x64, 0x0a, 0x34, 0x32, 0x31, 0x31, 0x35, 0x09,
  0x6d, 0x64, 0x0a, 0x34, 0x32, 0x31, 0x31, 0x36, 0x09, 0x6d, 0x65, 0x0a,
  0x34, 0x32, 0x31, 0x32, 0x31, 0x09, 0x6d, 0x65, 0x61, 0x64, 0x0a, 0x34,
  0x32, 0x31, 0x32, 0x32, 0x09, 0x6d, 0x65, 0x61, 0x6c, 0x0a, 0x34, 0x32,
  0x31, 0x32, 0x33, 0x09, 0x6d, 0x65, 0x61, 0x6c, 0x79, 0x0a, 0x34, 0x32,
  0x31, 0x32, 0x34, 0x09, 0x6d, 0x65, 0x61, 0x6e, 0x0a, 0x34, 0x32, 0x31,
  0x32, 0x35, 0x09, 0x6d, 0x65, 0x61, 0x6e, 0x74, 0x0a, 0x34, 0x32, 0x31,
  0x32, 0x36, 0x09, 0x6d, 0x65, 0x61, 0x74, 0x0a, 0x34, 0x32, 0x31, 0x33,
  0x31, 0x09, 0x6d, 0x65, 0x61, 0x74, 0x79, 0x0a, 0x34, 0x32, 0x31, 0x33,
  0x32, 0x09, 0x6d, 0x65, 0x63, 0x63, 0x61, 0x0a, 0x34, 0x32, 0x31, 0x33,
  0x33, 0x09, 0x6d, 0x65, 0x63, 0x75, 0x6d, 0x0a, 0x34, 0x32, 0x31, 0x33,
  0x34, 0x09, 0x6d, 0x65, 0x64, 0x61, 0x6c, 0x0a, 0x34, 0x32, 0x31, 0x33,
  0x35, 0x09, 0x6d, 0x65, 0x64, 0x65, 0x61, 0x0a, 0x34, 0x32, 0x31, 0x33,
  0x36, 0x09, 0x6d, 0x65, 0x64, 0x69, 0x61, 0x0a, 0x34, 0x32, 0x31, 0x34,
  0x31, 0x09, 0x6d, 0x65, 0x64, 0x69, 0x63, 0x0a, 0x34, 0x32, 0x31, 0x34,
  0x32, 0x09, 0x6d, 0x65, 0x64, 0x6c, 0x65, 0x79, 0x0a, 0x34, 0x32, 0x31,
  0x34, 0x33, 0x09, 0x6d, 0x65, 0x65, 0x6b, 0x0a, 0x34, 0x32, 0x31, 0x34,
  0x34, 0x09, 0x6d, 0x65, 0x65, 0x74, 0x0a, 0x34, 0x32, 0x31, 0x34, 0x35,
  0x09, 0x6d, 0x65, 0x67, 0x0a, 0x34, 0x32, 0x31, 0x34, 0x36, 0x09, 0x6d,
  0x65, 0x67, 0x61, 0x0a, 0x34, 0x32, 0x31, 0x35, 0x31, 0x09, 0x6d, 0x65,
  0x69, 0x65, 0x72, 0x0a, 0x34, 0x32, 0x31, 0x35, 0x32, 0x09, 0x6d, 0x65,
  0x69, 0x72, 0x0a, 0x34, 0x32, 0x31, 0x35, 0x33, 0x09, 0x6d, 0x65, 0x6c,
  0x0a, 0x34, 0x32, 0x31, 0x35, 0x34, 0x09, 0x6d, 0x65, 0x6c, 0x64, 0x0a,
  0x34, 0x32, 0x31, 0x35, 0x35, 0x09, 0x6d, 0x65, 0x6c, 0x65, 0x65, 0x0a,
  0x34, 0x32, 0x31, 0x35, 0x36, 0x09, 0x6d, 0x65, 0x6c, 0x6c, 0x6f, 0x77,
  0x0a, 0x34, 0x32, 0x31, 0x36, 0x31, 0x09, 0x6d, 0x65, 0x6c, 0x6f, 0x6e,
  0x0a, 0x34, 0x32, 0x31, 0x36, 0x32, 0x09, 0x6d, 0x65, 0x6c, 0x74, 0x0a,
  0x34, 0x32, 0x31, 0x36, 0x33, 0x09, 0x6d, 0x65, 0x6d, 0x6f, 0x0a, 0x34,
  0x32, 0x31, 0x36, 0x34, 0x09, 0x6d, 0x65, 0x6d, 0x6f, 0x69, 0x72, 0x0a,
  0x34, 0x32, 0x31, 0x36, 0x35, 0x09, 0x6d, 0x65, 0x6e, 0x0a, 0x34, 0x32,
  0x31, 0x36, 0x36, 0x09, 0x6d, 0x65, 0x6e, 0x64, 0x0a, 0x34, 0x32, 0x32,
  0x31, 0x31, 0x09, 0x6d, 0x65, 0x6e, 0x6c, 0x6f, 0x0a, 0x34, 0x32, 0x32,
  0x31, 0x32, 0x09, 0x6d, 0x65, 0x6e, 0x75, 0x0a, 0x34, 0x32, 0x32, 0x31,
  0x33, 0x09, 0x6d, 0x65, 0x72, 0x63, 0x6b, 0x0a, 0x34, 0x32, 0x32, 0x31,
  0x34, 0x09, 0x6d, 0x65, 0x72, 0x63, 0x79, 0x0a, 0x34, 0x32, 0x32, 0x31,
  0x35, 0x09, 0x6d, 0x65, 0x72, 0x65, 0x0a, 0x34, 0x32, 0x32, 0x31, 0x36,
  0x09, 0x6d, 0x65, 0x72, 0x67, 0x65, 0x0a, 0x34, 0x32, 0x32, 0x32, 0x31,
  0x09, 0x6d, 0x65, 0x72, 0x69, 0x74, 0x0a, 0x34, 0x32, 0x32, 0x32, 0x32,
  0x09, 0x6d, 0x65, 0x72, 0x6c, 0x65, 0x0a, 0x34, 0x32, 0x32, 0x32, 0x33,
  0x09, 0x6d, 0x65, 0x72, 0x72, 0x79, 0x0a, 0x34, 0x32, 0x32, 0x32, 0x34,
  0x09, 0x6d, 0x65, 0x73, 0x61, 0x0a, 0x34, 0x32, 0x32, 0x32, 0x35, 0x09,
  0x6d, 0x65, 0x73, 0x63, 0x61, 0x6c, 0x0a, 0x34, 0x32, 0x32, 0x32, 0x36,
  0x09, 0x6d, 0x65, 0x73, 0x68, 0x0a, 0x34, 0x32, 0x32, 0x33, 0x31, 0x09,
  0x6d, 0x65, 0x73, 0x6f, 0x6e, 0x0a, 0x34, 0x32, 0x32, 0x33, 0x32, 0x09,
  0x6d, 0x65, 0x73, 0x73, 0x0a, 0x34, 0x32, 0x32, 0x33, 0x33, 0x09, 0x6d,
  0x65, 0x73, 0x73, 0x79, 0x0a, 0x34, 0x32, 0x32, 0x33, 0x34, 0x09, 0x6d,
  0x65, 0x74, 0x0a, 0x34, 0x32, 0x32, 0x33, 0x35, 0x09, 0x6d, 0x65, 0x74,
  0x61, 0x6c, 0x0a, 0x34, 0x32, 0x32, 0x33, 0x36, 0x09, 0x6d, 0x65, 0x74,
  0x65, 0x0a, 0x34, 0x32, 0x32, 0x34, 0x31, 0x09, 0x6d, 0x65, 0x74, 0x65,
  0x72, 0x0a, 0x34, 0x32, 0x32, 0x34, 0x32, 0x09, 0x6d, 0x65, 0x74, 0x72,
  0x6f, 0x0a, 0x34, 0x32, 0x32, 0x34, 0x33, 0x09, 0x6d, 0x65, 0x77, 0x0a,
  0x34, 0x32, 0x32, 0x34, 0x34, 0x09, 0x6d, 0x65, 0x79, 0x65, 0x72, 0x0a,
  0x34, 0x32, 0x32, 0x34, 0x35, 0x09, 0x6d, 0x65, 0x79, 0x65, 0x72, 0x73,
  0x0a, 0x34, 0x32, 0x32, 0x34, 0x36, 0x09, 0x6d, 0x65, 0x7a, 0x7a, 0x6f,
  0x0a, 0x34, 0x32, 0x32, 0x35, 0x31, 0x09, 0x6d, 0x66, 0x0a, 0x34, 0x32,
  0x32, 0x35, 0x32, 0x09, 0x6d, 0x67, 0x0a, 0x34, 0x32, 0x32, 0x35, 0x33,
  0x09, 0x6d, 0x68, 0x0a, 0x34, 0x32, 0x32, 0x35, 0x34, 0x09, 0x6d, 0x69,
  0x0a, 0x34, 0x32, 0x32, 0x35, 0x35, 0x09, 0x6d, 0x69, 0x61, 0x6d, 0x69,
  0x0a, 0x34, 0x32, 0x32, 0x35, 0x36, 0x09, 0x6d, 0x69, 0x63, 0x61, 0x0a,
  0x34, 0x32, 0x32, 0x36, 0x31, 0x09, 0x6d, 0x69, 0x63, 0x65, 0x0a, 0x34,
  0x32, 0x32, 0x36, 0x32, 0x09, 0x6d, 0x69, 0x63, 0x6b, 0x65, 0x79, 0x0a,
  0x34, 0x32, 0x32, 0x36, 0x33, 0x09, 0x6d, 0x69, 0x63, 0x6b, 0x79, 0x0a,
  0x34, 0x32, 0x32, 0x36, 0x34, 0x09, 0x6d, 0x69, 0x63, 0x72, 0x6f, 0x0a,
  0x34, 0x32, 0x32, 0x36, 0x35, 0x09, 0x6d, 0x69, 0x64, 0x0a, 0x34, 0x32,
  0x32, 0x36, 0x36, 0x09, 0x6d, 0x69, 0x64, 0x61, 0x73, 0x0a, 0x34, 0x32,
  0x33, 0x31, 0x31, 0x09, 0x6d, 0x69, 0x64, 0x67, 0x65, 0x0a, 0x34, 0x32,
  0x33, 0x31, 0x32, 0x09, 0x6d, 0x69, 0x64, 0x73, 0x74, 0x0a, 0x34, 0x32,
  0x33, 0x31, 0x33, 0x09, 0x6d, 0x69, 0x65, 0x6e, 0x0a, 0x34, 0x32, 0x33,
  0x31, 0x34, 0x09, 0x6d, 0x69, 0x66, 0x66, 0x0a, 0x34, 0x32, 0x33, 0x31,
  0x35, 0x09, 0x6d, 0x69, 0x67, 0x0a, 0x34, 0x32, 0x33, 0x31, 0x36, 0x09,
  0x6d, 0x69, 0x67, 0x68, 0x74, 0x0a, 0x34, 0x32, 0x33, 0x32, 0x31, 0x09,
  0x6d, 0x69, 0x6b, 0x65, 0x0a, 0x34, 0x32, 0x33, 0x32, 0x32, 0x09, 0x6d,
  0x69, 0x6c, 0x61, 0x0a, 0x34, 0x32, 0x33, 0x32, 0x33, 0x09, 0x6d, 0x69,
  0x6c, 0x61, 0x6e, 0x0a, 0x34, 0x32, 0x33, 0x32, 0x34, 0x09, 0x6d, 0x69,
  0x6c, 0x63, 0x68, 0x0a, 0x34, 0x32, 0x33, 0x32, 0x35, 0x09, 0x6d, 0x69,
  0x6c, 0x64, 0x0a, 0x34, 0x32, 0x33, 0x32, 0x36, 0x09, 0x6d, 0x69, 0x6c,
  0x64, 0x65, 0x77, 0x0a, 0x34, 0x32, 0x33, 0x33, 0x31, 0x09, 0x6d, 0x69,
  0x6c, 0x65, 0x0a, 0x34, 0x32, 0x33, 0x33, 0x32, 0x09, 0x6d, 0x69, 0x6c,
  0x65, 0x73, 0x0a, 0x34, 0x32, 0x33, 0x33, 0x33, 0x09, 0x6d, 0x69, 0x6c,
  0x6b, 0x0a, 0x34, 0x32, 0x33, 0x33, 0x34, 0x09, 0x6d, 0x69, 0x6c, 0x6b,
  0x79, 0x0a, 0x34, 0x32, 0x33, 0x33, 0x35, 0x09, 0x6d, 0x69, 0x6c, 0x6c,
  0x0a, 0x34, 0x32, 0x33, 0x33, 0x36, 0x09, 0x6d, 0x69, 0x6c, 0x6c, 0x73,
  0x0a, 0x34, 0x32, 0x33, 0x34, 0x31, 0x09, 0x6d, 0x69, 0x6c, 0x74, 0x0a,
  0x34, 0x32, 0x33, 0x34, 0x32, 0x09, 0x6d, 0x69, 0x6d, 0x69, 0x0a, 0x34,
  0x32, 0x33, 0x34, 0x33, 0x09, 0x6d, 0x69, 0x6d, 0x69, 0x63, 0x0a, 0x34,
  0x32, 0x33, 0x34, 0x34, 0x09, 0x6d, 0x69, 0x6e, 0x63, 0x65, 0x0a, 0x34,
  0x32, 0x33, 0x34, 0x35, 0x09, 0x6d, 0x69, 0x6e, 0x64, 0x0a, 0x34, 0x32,
  0x33, 0x34, 0x36, 0x09, 0x6d, 0x69, 0x6e, 0x65, 0x0a, 0x34, 0x32, 0x33,
  0x35, 0x31, 0x09, 0x6d, 0x69, 0x6e, 0x69, 0x0a, 0x34, 0x32, 0x33, 0x35,
  0x32, 0x09, 0x6d, 0x69, 0x6e, 0x69, 0x6d, 0x0a, 0x34, 0x32, 0x33, 0x35,
  0x33, 0x09, 0x6d, 0x69, 0x6e, 0x6b, 0x0a, 0x34, 0x32, 0x33, 0x35, 0x34,
  0x09, 0x6d, 0x69, 0x6e, 0x6e, 0x6f, 0x77, 0x0a, 0x34, 0x32, 0x33, 0x35,
  0x35, 0x09, 0x6d, 0x69, 0x6e, 0x6f, 0x72, 0x0a, 0x34, 0x32, 0x33, 0x35,
  0x36, 0x09, 0x6d, 0x69, 0x6e, 0x6f, 0x73, 0x0a, 0x34, 0x32, 0x33, 0x36,
  0x31, 0x09, 0x6d, 0x69, 0x6e, 0x6f, 0x74, 0x0a, 0x34, 0x32, 0x33, 0x36,
  0x32, 0x09, 0x6d, 0x69, 0x6e, 0x73, 0x6b, 0x0a, 0x34, 0x32, 0x33, 0x36,
  0x33, 0x09, 0x6d, 0x69, 0x6e, 0x74, 0x0a, 0x34, 0x32, 0x33, 0x36, 0x34,
  0x09, 0x6d, 0x69, 0x6e, 0x75, 0x73, 0x0a, 0x34, 0x32, 0x33, 0x36, 0x35,
  0x09, 0x6d, 0x69, 0x72, 0x61, 0x0a, 0x34, 0x32, 0x33, 0x36, 0x36, 0x09,
  0x6d, 0x69, 0x72, 0x61, 0x67, 0x65, 0x0a, 0x34, 0x32, 0x34, 0x31, 0x31,
  0x09, 0x6d, 0x69, 0x72, 0x65, 0x0a, 0x34, 0x32, 0x34, 0x31, 0x32, 0x09,
  0x6d, 0x69, 0x72, 0x74, 0x68, 0x0a, 0x34, 0x32, 0x34, 0x31, 0x33, 0x09,
  0x6d, 0x69, 0x73, 0x65, 0x72, 0x0a, 0x34, 0x32, 0x34, 0x31, 0x34, 0x09,
  0x6d, 0x69, 0x73, 0x65, 0x72, 0x79, 0x0a, 0x34, 0x32, 0x34, 0x31, 0x35,
  0x09, 0x6d, 0x69, 0x73, 0x73, 0x0a, 0x34, 0x32, 0x34, 0x31, 0x36, 0x09,
  0x6d, 0x69, 0x73, 0x73, 0x79, 0x0a, 0x34, 0x32, 0x34, 0x32, 0x31, 0x09,
  0x6d, 0x69, 0x73, 0x74, 0x0a, 0x34, 0x32, 0x34, 0x32, 0x32, 0x09, 0x6d,
  0x69, 0x73, 0x74, 0x79, 0x0a, 0x34, 0x32, 0x34, 0x32, 0x33, 0x09, 0x6d,
  0x69, 0x74, 0x0a, 0x34, 0x32, 0x34, 0x32, 0x34, 0x09, 0x6d, 0x69, 0x74,
  0x65, 0x0a, 0x34, 0x32, 0x34, 0x32, 0x35, 0x09, 0x6d, 0x69, 0x74, 0x72,
  0x65, 0x0a, 0x34, 0x32, 0x34, 0x32, 0x36, 0x09, 0x6d, 0x69, 0x74, 0x74,
  0x0a, 0x34, 0x32, 0x34, 0x33, 0x31, 0x09, 0x6d, 0x69, 0x78, 0x0a, 0x34,
  0x32, 0x34, 0x33, 0x32, 0x09, 0x6d, 0x69, 0x78, 0x75, 0x70, 0x0a, 0x34,
  0x32, 0x34, 0x33, 0x33, 0x09, 0x6d, 0x69, 0x7a, 0x61, 0x72, 0x0a, 0x34,
  0x32, 0x34, 0x33, 0x34, 0x09, 0x6d, 0x6a, 0x0a, 0x34, 0x32, 0x34, 0x33,
  0x35, 0x09, 0x6d, 0x6b, 0x0a, 0x34, 0x32, 0x34, 0x33, 0x36, 0x09, 0x6d,
  0x6c, 0x0a, 0x34, 0x32, 0x34, 0x34, 0x31, 0x09, 0x6d, 0x6d, 0x0a, 0x34,
  0x32, 0x34, 0x34, 0x32, 0x09, 0x6d, 0x6d, 0x6d, 0x0a, 0x34, 0x32, 0x34,
  0x34, 0x33, 0x09, 0x6d, 0x6d, 0x6d, 0x6d, 0x0a, 0x34, 0x32, 0x34, 0x34,
  0x34, 0x09, 0x6d, 0x6e, 0x0a, 0x34, 0x32, 0x34, 0x34, 0x35, 0x09, 0x6d,
  0x6e, 0x6f, 0x0a, 0x34, 0x32, 0x34, 0x34, 0x36, 0x09, 0x6d, 0x6f, 0x0a,
  0x34, 0x32, 0x34, 0x35, 0x31, 0x09, 0x6d, 0x6f, 0x61, 0x6e, 0x0a, 0x34,
  0x32, 0x34, 0x35, 0x32, 0x09, 0x6d, 0x6f, 0x61, 0x74, 0x0a, 0x34, 0x32,
  0x34, 0x35, 0x33, 0x09, 0x6d, 0x6f, 0x62, 0x0a, 0x34, 0x32, 0x34, 0x35,
  0x34, 0x09, 0x6d, 0x6f, 0x62, 0x69, 0x6c, 0x0a, 0x34, 0x32, 0x34, 0x35,
  0x35, 0x09, 0x6d, 0x6f, 0x63, 0x6b, 0x0a, 0x34, 0x32, 0x34, 0x35, 0x36,
  0x09, 0x6d, 0x6f, 0x64, 0x61, 0x6c, 0x0a, 0x34, 0x32, 0x34, 0x36, 0x31,
  0x09, 0x6d, 0x6f, 0x64, 0x65, 0x0a, 0x34, 0x32, 0x34, 0x36, 0x32, 0x09,
  0x6d, 0x6f, 0x64, 0x65, 0x6c, 0x0a, 0x34, 0x32, 0x34, 0x36, 0x33, 0x09,
  0x6d, 0x6f, 0x64, 0x65, 0x6d, 0x0a, 0x34, 0x32, 0x34, 0x36, 0x34, 0x09,
  0x6d, 0x6f, 0x64, 0x69, 0x73, 0x68, 0x0a, 0x34, 0x32, 0x34, 0x36, 0x35,
  0x09, 0x6d, 0x6f, 0x65, 0x0a, 0x34, 0x32, 0x34, 0x36, 0x36, 0x09, 0x6d,
  0x6f, 0x65, 0x6e, 0x0a, 0x34, 0x32, 0x35, 0x31, 0x31, 0x09, 0x6d, 0x6f,
  0x68, 0x72, 0x0a, 0x34, 0x32, 0x35, 0x31, 0x32, 0x09, 0x6d, 0x6f, 0x69,
  0x72, 0x65, 0x0a, 0x34, 0x32, 0x35, 0x31, 0x33, 0x09, 0x6d, 0x6f, 0x69,
  0x73, 0x74, 0x0a, 0x34, 0x32, 0x35, 0x31, 0x34, 0x09, 0x6d, 0x6f, 0x6c,
  0x61, 0x6c, 0x0a, 0x34, 0x32, 0x35, 0x31, 0x35, 0x09, 0x6d, 0x6f, 0x6c,
  0x61, 0x72, 0x0a, 0x34, 0x32, 0x35, 0x31, 0x36, 0x09, 0x6d, 0x6f, 0x6c,
  0x64, 0x0a, 0x34, 0x32, 0x35, 0x32, 0x31, 0x09, 0x6d, 0x6f, 0x6c, 0x65,
  0x0a, 0x34, 0x32, 0x35, 0x32, 0x32, 0x09, 0x6d, 0x6f, 0x6c, 0x6c, 0x0a,
  0x34, 0x32, 0x35, 0x32, 0x33, 0x09, 0x6d, 0x6f, 0x6c, 0x6c, 0x69, 0x65,
  0x0a, 0x34, 0x32, 0x35, 0x32, 0x34, 0x09, 0x6d, 0x6f, 0x6c, 0x6c, 0x79,
  0x0a, 0x34, 0x32, 0x35, 0x32, 0x35, 0x09, 0x6d, 0x6f, 0x6c, 0x74, 0x0a,
  0x34, 0x32, 0x35, 0x32, 0x36, 0x09, 0x6d, 0x6f, 0x6c, 0x74, 0x65, 0x6e,
  0x0a, 0x34, 0x32, 0x35, 0x33, 0x31, 0x09, 0x6d, 0x6f, 0x6d, 0x6d, 0x79,
  0x0a, 0x34, 0x32, 0x35, 0x33, 0x32, 0x09, 0x6d, 0x6f, 0x6e, 0x61, 0x0a,
  0x34, 0x32, 0x35, 0x33, 0x33, 0x09, 0x6d, 0x6f, 0x6e, 0x61, 0x64, 0x0a,
  0x34, 0x32, 0x35, 0x33, 0x34, 0x09, 0x6d, 0x6f, 0x6e, 0x64, 0x6f, 0x0a,
  0x34, 0x32, 0x35, 0x33, 0x35, 0x09, 0x6d, 0x6f, 0x6e, 0x65, 0x6c, 0x0a,
  0x34, 0x32, 0x35, 0x33, 0x36, 0x09, 0x6d, 0x6f, 0x6e, 0x65, 0x79, 0x0a,
  0x34, 0x32, 0x35, 0x34, 0x31, 0x09, 0x6d, 0x6f, 0x6e, 0x69, 0x63, 0x0a,
  0x34, 0x32, 0x35, 0x34, 0x32, 0x09, 0x6d, 0x6f, 0x6e, 0x6b, 0x0a, 0x34,
  0x32, 0x35, 0x34, 0x33, 0x09, 0x6d, 0x6f, 0x6e, 0x74, 0x0a, 0x34, 0x32,
  0x35, 0x34, 0x34, 0x09, 0x6d, 0x6f, 0x6e, 0x74, 0x65, 0x0a, 0x34, 0x32,
  0x35, 0x34, 0x35, 0x09, 0x6d, 0x6f, 0x6e, 0x74, 0x68, 0x0a, 0x34, 0x32,
  0x35, 0x34, 0x36, 0x09, 0x6d, 0x6f, 0x6e, 0x74, 0x79, 0x0a, 0x34, 0x32,
  0x35, 0x35, 0x31, 0x09, 0x6d, 0x6f, 0x6f, 0x0a, 0x34, 0x32, 0x35, 0x35,
  0x32, 0x09, 0x6d, 0x6f, 0x6f, 0x64, 0x0a, 0x34, 0x32, 0x35, 0x35, 0x33,
  0x09, 0x6d, 0x6f, 0x6f, 0x64, 0x79, 0x0a, 0x34, 0x32, 0x35, 0x35, 0x34,
  0x09, 0x6d, 0x6f, 0x6f, 0x6e, 0x0a, 0x34, 0x32, 0x35, 0x35, 0x35, 0x09,
  0x6d, 0x6f, 0x6f, 0x72, 0x0a, 0x34, 0x32, 0x35, 0x35, 0x36, 0x09, 0x6d,
  0x6f, 0x6f, 0x72, 0x65, 0x0a, 0x34, 0x32, 0x35, 0x36, 0x31, 0x09, 0x6d,
  0x6f, 0x6f, 0x73, 0x65, 0x0a, 0x34, 0x32, 0x35, 0x36, 0x32, 0x09, 0x6d,
  0x6f, 0x6f, 0x74, 0x0a, 0x34, 0x32, 0x35, 0x36, 0x33, 0x09, 0x6d, 0x6f,
  0x70, 0x0a, 0x34, 0x32, 0x35, 0x36, 0x34, 0x09, 0x6d, 0x6f, 0x72, 0x61,
  0x6c, 0x0a, 0x34, 0x32, 0x35, 0x36, 0x35, 0x09, 0x6d, 0x6f, 0x72, 0x61,
  0x6c, 0x65, 0x0a, 0x34, 0x32, 0x35, 0x36, 0x36, 0x09, 0x6d, 0x6f, 0x72,
  0x61, 0x6e, 0x0a, 0x34, 0x32, 0x36, 0x31, 0x31, 0x09, 0x6d, 0x6f, 0x72,
  0x65, 0x0a, 0x34, 0x32, 0x36, 0x31, 0x32, 0x09, 0x6d, 0x6f, 0x72, 0x65,
  0x6c, 0x0a, 0x34, 0x32, 0x36, 0x31, 0x33, 0x09, 0x6d, 0x6f, 0x72, 0x6e,
  0x0a, 0x34, 0x32, 0x36, 0x31, 0x34, 0x09, 0x6d, 0x6f, 0x72, 0x6f, 0x6e,
  0x0a, 0x34, 0x32, 0x36, 0x31, 0x35, 0x09, 0x6d, 0x6f, 0x72, 0x73, 0x65,
  0x0a, 0x34, 0x32, 0x36, 0x31, 0x36, 0x09, 0x6d, 0x6f, 0x72, 0x73, 0x65,
  0x6c, 0x0a, 0x34, 0x32, 0x36, 0x32, 0x31, 0x09, 0x6d, 0x6f, 0x72, 0x74,
  0x0a, 0x34, 0x32, 0x36, 0x32, 0x32, 0x09, 0x6d, 0x6f, 0x73, 0x61, 0x69,
  0x63, 0x0a, 0x34, 0x32, 0x36, 0x32, 0x33, 0x09, 0x6d, 0x6f, 0x73, 0x65,
  0x72, 0x0a, 0x34, 0x32, 0x36, 0x32, 0x34, 0x09, 0x6d, 0x6f, 0x73, 0x65,
  0x73, 0x0a, 0x34, 0x32, 0x36, 0x32, 0x35, 0x09, 0x6d, 0x6f, 0x73, 0x73,
  0x0a, 0x34, 0x32, 0x36, 0x32, 0x36, 0x09, 0x6d, 0x6f, 0x73, 0x73, 0x79,
  0x0a, 0x34, 0x32, 0x36, 0x33, 0x31, 0x09, 0x6d, 0x6f, 0x73, 0x74, 0x0a,
  0x34, 0x32, 0x36, 0x33, 0x32, 0x09, 0x6d, 0x6f, 0x74, 0x0a, 0x34, 0x32,
  0x36, 0x33, 0x33, 0x09, 0x6d, 0x6f, 0x74, 0x65, 0x6c, 0x0a, 0x34, 0x32,
  0x36, 0x33, 0x34, 0x09, 0x6d, 0x6f, 0x74, 0x65, 0x74, 0x0a, 0x34, 0x32,
  0x36, 0x33, 0x35, 0x09, 0x6d, 0x6f, 0x74, 0x68, 0x0a, 0x34, 0x32, 0x36,
  0x33, 0x36, 0x09, 0x6d, 0x6f, 0x74, 0x68, 0x65, 0x72, 0x0a, 0x34, 0x32,
  0x36, 0x34, 0x31, 0x09, 0x6d, 0x6f, 0x74, 0x69, 0x66, 0x0a, 0x34, 0x32,
  0x36, 0x34, 0x32, 0x09, 0x6d, 0x6f, 0x74, 0x6f, 0x72, 0x0a, 0x34, 0x32,
  0x36, 0x34, 0x33, 0x09, 0x6d, 0x6f, 0x74, 0x74, 0x6f, 0x0a, 0x34, 0x32,
  0x36, 0x34, 0x34, 0x09, 0x6d, 0x6f, 0x75, 0x6c, 0x64, 0x0a, 0x34, 0x32,
  0x36, 0x34, 0x35, 0x09, 0x6d, 0x6f, 0x75, 0x6e, 0x64, 0x0a, 0x34, 0x32,
  0x36, 0x34, 0x36, 0x09, 0x6d, 0x6f, 0x75, 0x6e, 0x74, 0x0a, 0x34, 0x32,
  0x36, 0x35, 0x31, 0x09, 0x6d, 0x6f, 0x75, 0x72, 0x6e, 0x0a, 0x34, 0x32,
  0x36, 0x35, 0x32, 0x09, 0x6d, 0x6f, 0x75, 0x73, 0x65, 0x0a, 0x34, 0x32,
  0x36, 0x35, 0x33, 0x09, 0x6d, 0x6f, 0x75, 0x73, 0x79, 0x0a, 0x34, 0x32,
  0x36, 0x35, 0x34, 0x09, 0x6d, 0x6f, 0x75, 0x74, 0x68, 0x0a, 0x34, 0x32,
  0x36, 0x35, 0x35, 0x09, 0x6d, 0x6f, 0x76, 0x65, 0x0a, 0x34, 0x32, 0x36,
  0x35, 0x36, 0x09, 0x6d, 0x6f, 0x76, 0x69, 0x65, 0x0a, 0x34, 0x32, 0x36,
  0x36, 0x31, 0x09, 0x6d, 0x6f, 0x77, 0x0a, 0x34, 0x32, 0x36, 0x36, 0x32,
  0x09, 0x6d, 0x6f, 0x79, 0x65, 0x72, 0x0a, 0x34, 0x32, 0x36, 0x36, 0x33,
  0x09, 0x6d, 0x70, 0x0a, 0x34, 0x32, 0x36, 0x36, 0x34, 0x09, 0x6d, 0x70,
  0x68, 0x0a, 0x34, 0x32, 0x36, 0x36, 0x35, 0x09, 0x6d, 0x71, 0x0a, 0x34,
  0x32, 0x36, 0x36, 0x36, 0x09, 0x6d, 0x72, 0x0a, 0x34, 0x33, 0x31, 0x31,
  0x31, 0x09, 0x6d, 0x72, 0x73, 0x0a, 0x34, 0x33, 0x31, 0x31, 0x32, 0x09,
  0x6d, 0x73, 0x0a, 0x34, 0x33, 0x31, 0x31, 0x33, 0x09, 0x6d, 0x74, 0x0a,
  0x34, 0x33, 0x31, 0x31, 0x34, 0x09, 0x6d, 0x75, 0x0a, 0x34, 0x33, 0x31,
  0x31, 0x35, 0x09, 0x6d, 0x75, 0x63, 0x68, 0x0a, 0x34, 0x33, 0x31, 0x31,
  0x36, 0x09, 0x6d, 0x75, 0x63, 0x6b, 0x0a, 0x34, 0x33, 0x31, 0x32, 0x31,
  0x09, 0x6d, 0x75, 0x63, 0x75, 0x73, 0x0a, 0x34, 0x33, 0x31, 0x32, 0x32,
  0x09, 0x6d, 0x75, 0x64, 0x0a, 0x34, 0x33, 0x31, 0x32, 0x33, 0x09, 0x6d,
  0x75, 0x64, 0x64, 0x0a, 0x34, 0x33, 0x31, 0x32, 0x34, 0x09, 0x6d, 0x75,
  0x64, 0x64, 0x79, 0x0a, 0x34, 0x33, 0x31, 0x32, 0x35, 0x09, 0x6d, 0x75,
  0x66, 0x66, 0x0a, 0x34, 0x33, 0x31, 0x32, 0x36, 0x09, 0x6d, 0x75, 0x66,
  0x66, 0x69, 0x6e, 0x0a, 0x34, 0x33, 0x31, 0x33, 0x31, 0x09, 0x6d, 0x75,
  0x67, 0x0a, 0x34, 0x33, 0x31, 0x33, 0x32, 0x09, 0x6d, 0x75, 0x67, 0x67,
  0x79, 0x0a, 0x34, 0x33, 0x31, 0x33, 0x33, 0x09, 0x6d, 0x75, 0x67, 0x68,
  0x6f, 0x0a, 0x34, 0x33, 0x31, 0x33, 0x34, 0x09, 0x6d, 0x75, 0x69, 0x72,
  0x0a, 0x34, 0x33, 0x31, 0x33, 0x35, 0x09, 0x6d, 0x75, 0x6c, 0x63, 0x68,
  0x0a, 0x34, 0x33, 0x31, 0x33, 0x36, 0x09, 0x6d, 0x75, 0x6c, 0x63, 0x74,
  0x0a, 0x34, 0x33, 0x31, 0x34, 0x31, 0x09, 0x6d, 0x75, 0x6c, 0x65, 0x0a,
  0x34, 0x33, 0x31, 0x34, 0x32, 0x09, 0x6d, 0x75, 0x6c, 0x6c, 0x0a, 0x34,
  0x33, 0x31, 0x34, 0x33, 0x09, 0x6d, 0x75, 0x6c, 0x74, 0x69, 0x0a, 0x34,
  0x33, 0x31, 0x34, 0x34, 0x09, 0x6d, 0x75, 0x6d, 0x0a, 0x34, 0x33, 0x31,
  0x34, 0x35, 0x09, 0x6d, 0x75, 0x6d, 0x6d, 0x79, 0x0a, 0x34, 0x33, 0x31,
  0x34, 0x36, 0x09, 0x6d, 0x75, 0x6e, 0x63, 0x68, 0x0a, 0x34, 0x33, 0x31,
  0x35, 0x31, 0x09, 0x6d, 0x75, 0x6e, 0x67, 0x0a, 0x34, 0x33, 0x31, 0x35,
  0x32, 0x09, 0x6d, 0x75, 0x6e, 0x73, 0x6f, 0x6e, 0x0a, 0x34, 0x33, 0x31,
  0x35, 0x33, 0x09, 0x6d, 0x75, 0x6f, 0x6e, 0x0a, 0x34, 0x33, 0x31, 0x35,
  0x34, 0x09, 0x6d, 0x75, 0x6f, 0x6e, 0x67, 0x0a, 0x34, 0x33, 0x31, 0x35,
  0x35, 0x09, 0x6d, 0x75, 0x72, 0x61, 0x6c, 0x0a, 0x34, 0x33, 0x31, 0x35,
  0x36, 0x09, 0x6d, 0x75, 0x72, 0x69, 0x65, 0x6c, 0x0a, 0x34, 0x33, 0x31,
  0x36, 0x31, 0x09, 0x6d, 0x75, 0x72, 0x6b, 0x0a, 0x34, 0x33, 0x31, 0x36,
  0x32, 0x09, 0x6d, 0x75, 0x72, 0x6b, 0x79, 0x0a, 0x34, 0x33, 0x31, 0x36,
  0x33, 0x09, 0x6d, 0x75, 0x72, 0x72, 0x65, 0x0a, 0x34, 0x33, 0x31, 0x36,
  0x34, 0x09, 0x6d, 0x75, 0x73, 0x65, 0x0a, 0x34, 0x33, 0x31, 0x36, 0x35,
  0x09, 0x6d, 0x75, 0x73, 0x68, 0x0a, 0x34, 0x33, 0x31, 0x36, 0x36, 0x09,
  0x6d, 0x75, 0x73, 0x68, 0x79, 0x0a, 0x34, 0x33, 0x32, 0x31, 0x31, 0x09,
  0x6d, 0x75, 0x73, 0x69, 0x63, 0x0a, 0x34, 0x33, 0x32, 0x31, 0x32, 0x09,
  0x6d, 0x75, 0x73, 0x6b, 0x0a, 0x34, 0x33, 0x32, 0x31, 0x33, 0x09, 0x6d,
  0x75, 0x73, 0x6c, 0x69, 0x6d, 0x0a, 0x34, 0x33, 0x32, 0x31, 0x34, 0x09,
  0x6d, 0x75, 0x73, 0x74, 0x0a, 0x34, 0x33, 0x32, 0x31, 0x35, 0x09, 0x6d,
  0x75, 0x73, 0x74, 0x79, 0x0a, 0x34, 0x33, 0x32, 0x31, 0x36, 0x09, 0x6d,
  0x75, 0x74, 0x65, 0x0a, 0x34, 0x33, 0x32, 0x32, 0x31, 0x09, 0x6d, 0x75,
  0x74, 0x74, 0x0a, 0x34, 0x33, 0x32, 0x32, 0x32, 0x09, 0x6d, 0x75, 0x7a,
  0x61, 0x6b, 0x0a, 0x34, 0x33, 0x32, 0x32, 0x33, 0x09, 0x6d, 0x75, 0x7a,
  0x6f, 0x0a, 0x34, 0x33, 0x32, 0x32, 0x34, 0x09, 0x6d, 0x76, 0x0a, 0x34,
  0x33, 0x32, 0x32, 0x35, 0x09, 0x6d, 0x77, 0x0a, 0x34, 0x33, 0x32, 0x32,
  0x36, 0x09, 0x6d, 0x78, 0x0a, 0x34, 0x33, 0x32, 0x33, 0x31, 0x09, 0x6d,
  0x79, 0x0a, 0x34, 0x33, 0x32, 0x33, 0x32, 0x09, 0x6d, 0x79, 0x65, 0x6c,
  0x0a, 0x34, 0x33, 0x32, 0x33, 0x33, 0x09, 0x6d, 0x79, 0x65, 0x72, 0x73,
  0x0a, 0x34, 0x33, 0x32, 0x33, 0x34, 0x09, 0x6d, 0x79, 0x6c, 0x61, 0x72,
  0x0a, 0x34, 0x33, 0x32, 0x33, 0x35, 0x09, 0x6d, 0x79, 0x6e, 0x61, 0x68,
  0x0a, 0x34, 0x33, 0x32, 0x33, 0x36, 0x09, 0x6d, 0x79, 0x6f, 0x70, 0x69,
  0x61, 0x0a, 0x34, 0x33, 0x32, 0x34, 0x31, 0x09, 0x6d, 0x79, 0x72, 0x61,
  0x0a, 0x34, 0x33, 0x32, 0x34, 0x32, 0x09, 0x6d, 0x79, 0x72, 0x6f, 0x6e,
  0x0a, 0x34, 0x33, 0x32, 0x34, 0x33, 0x09, 0x6d, 0x79, 0x72, 0x72, 0x68,
  0x0a, 0x34, 0x33, 0x32, 0x34, 0x34, 0x09, 0x6d, 0x79, 0x73, 0x65, 0x6c,
  0x66, 0x0a, 0x34, 0x33, 0x32, 0x34, 0x35, 0x09, 0x6d, 0x79, 0x74, 0x68,
  0x0a, 0x34, 0x33, 0x32, 0x34, 0x36, 0x09, 0x6d, 0x7a, 0x0a, 0x34, 0x33,
  0x32, 0x35, 0x31, 0x09, 0x6e, 0x0a, 0x34, 0x33, 0x32, 0x35, 0x32, 0x09,
  0x6e, 0x27, 0x73, 0x0a, 0x34, 0x33, 0x32, 0x35, 0x33, 0x09, 0x6e, 0x61,
  0x0a, 0x34, 0x33, 0x32, 0x35, 0x34, 0x09, 0x6e, 0x61, 0x61, 0x63, 0x70,
  0x0a, 0x34, 0x33, 0x32, 0x35, 0x35, 0x09, 0x6e, 0x61, 0x62, 0x0a, 0x34,
  0x33, 0x32, 0x35, 0x36, 0x09, 0x6e, 0x61, 0x64, 0x69, 0x72, 0x0a, 0x34,
  0x33, 0x32, 0x36, 0x31, 0x09, 0x6e, 0x61, 0x67, 0x0a, 0x34, 0x33, 0x32,
  0x36, 0x32, 0x09, 0x6e, 0x61, 0x67, 0x6f, 0x79, 0x61, 0x0a, 0x34, 0x33,
  0x32, 0x36, 0x33, 0x09, 0x6e, 0x61, 0x67, 0x79, 0x0a, 0x34, 0x33, 0x32,
  0x36, 0x34, 0x09, 0x6e, 0x61, 0x69, 0x61, 0x64, 0x0a, 0x34, 0x33, 0x32,
  0x36, 0x35, 0x09, 0x6e, 0x61, 0x69, 0x6c, 0x0a, 0x34, 0x33, 0x32, 0x36,
  0x36, 0x09, 0x6e, 0x61, 0x69, 0x72, 0x0a, 0x34, 0x33, 0x33, 0x31, 0x31,
  0x09, 0x6e, 0x61, 0x69, 0x76, 0x65, 0x0a, 0x34, 0x33, 0x33, 0x31, 0x32,
  0x09, 0x6e, 0x61, 0x6b, 0x65, 0x64, 0x0a, 0x34, 0x33, 0x33, 0x31, 0x33,
  0x09, 0x6e, 0x61, 0x6d, 0x65, 0x0a, 0x34, 0x33, 0x33, 0x31, 0x34, 0x09,
  0x6e, 0x61, 0x6e, 0x0a, 0x34, 0x33, 0x33, 0x31, 0x35, 0x09, 0x6e, 0x61,
  0x6e, 0x63, 0x79, 0x0a, 0x34, 0x33, 0x33, 0x31, 0x36, 0x09, 0x6e, 0x61,
  0x6f, 0x6d, 0x69, 0x0a, 0x34, 0x33, 0x33, 0x32, 0x31, 0x09, 0x6e, 0x61,
  0x70, 0x0a, 0x34, 0x33, 0x33, 0x32, 0x32, 0x09, 0x6e, 0x61, 0x72, 0x79,
  0x0a, 0x34, 0x33, 0x33, 0x32, 0x33, 0x09, 0x6e, 0x61, 0x73, 0x61, 0x0a,
  0x34, 0x33, 0x33, 0x32, 0x34, 0x09, 0x6e, 0x61, 0x73, 0x61, 0x6c, 0x0a,
  0x34, 0x33, 0x33, 0x32, 0x35, 0x09, 0x6e, 0x61, 0x73, 0x68, 0x0a, 0x34,
  0x33, 0x33, 0x32, 0x36, 0x09, 0x6e, 0x61, 0x73, 0x74, 0x79, 0x0a, 0x34,
  0x33, 0x33, 0x33, 0x31, 0x09, 0x6e, 0x61, 0x74, 0x0a, 0x34, 0x33, 0x33,
  0x33, 0x32, 0x09, 0x6e, 0x61, 0x74, 0x61, 0x6c, 0x0a, 0x34, 0x33, 0x33,
  0x33, 0x33, 0x09, 0x6e, 0x61, 0x74, 0x65, 0x0a, 0x34, 0x33, 0x33, 0x33,
  0x34, 0x09, 0x6e, 0x61, 0x74, 0x6f, 0x0a, 0x34, 0x33, 0x33, 0x33, 0x35,
  0x09, 0x6e, 0x61, 0x74, 0x74, 0x79, 0x0a, 0x34, 0x33, 0x33, 0x33, 0x36,
  0x09, 0x6e, 0x61, 0x74, 0x75, 0x72, 0x65, 0x0a, 0x34, 0x33, 0x33, 0x34,
  0x31, 0x09, 0x6e, 0x61, 0x76, 0x61, 0x6c, 0x0a, 0x34, 0x33, 0x33, 0x34,
  0x32, 0x09, 0x6e, 0x61, 0x76, 0x65, 0x0a, 0x34, 0x33, 0x33, 0x34, 0x33,
  0x09, 0x6e, 0x61, 0x76, 0x65, 0x6c, 0x0a, 0x34, 0x33, 0x33, 0x34, 0x34,
  0x09, 0x6e, 0x61, 0x76, 0x79, 0x0a, 0x34, 0x33, 0x33, 0x34, 0x35, 0x09,
  0x6e, 0x61, 0x79, 0x0a, 0x34, 0x33, 0x33, 0x34, 0x36, 0x09, 0x6e, 0x61,
  0x7a, 0x69, 0x0a, 0x34, 0x33, 0x33, 0x35, 0x31, 0x09, 0x6e, 0x62, 0x0a,
  0x34, 0x33, 0x33, 0x35, 0x32, 0x09, 0x6e, 0x62, 0x63, 0x0a, 0x34, 0x33,
  0x33, 0x35, 0x33, 0x09, 0x6e, 0x62, 0x73, 0x0a, 0x34, 0x33, 0x33, 0x35,
  0x34, 0x09, 0x6e, 0x63, 0x0a, 0x34, 0x33, 0x33, 0x35, 0x35, 0x09, 0x6e,
  0x63, 0x61, 0x61, 0x0a, 0x34, 0x33, 0x33, 0x35, 0x36, 0x09, 0x6e, 0x63,
  0x72, 0x0a, 0x34, 0x33, 0x33, 0x36, 0x31, 0x09, 0x6e, 0x64, 0x0a, 0x34,
  0x33, 0x33, 0x36, 0x32, 0x09, 0x6e, 0x65, 0x0a, 0x34, 0x33, 0x33, 0x36,
  0x33, 0x09, 0x6e, 0x65, 0x61, 0x6c, 0x0a, 0x34, 0x33, 0x33, 0x36, 0x34,
  0x09, 0x6e, 0x65, 0x61, 0x72, 0x0a, 0x34, 0x33, 0x33, 0x36, 0x35, 0x09,
  0x6e, 0x65, 0x61, 0x74, 0x0a, 0x34, 0x33, 0x33, 0x36, 0x36, 0x09, 0x6e,
  0x65, 0x61, 0x74, 0x68, 0x0a, 0x34, 0x33, 0x34, 0x31, 0x31, 0x09, 0x6e,
  0x65, 0x63, 0x6b, 0x0a, 0x34, 0x33, 0x34, 0x31, 0x32, 0x09, 0x6e, 0x65,
  0x64, 0x0a, 0x34, 0x33, 0x34, 0x31, 0x33, 0x09, 0x6e, 0x65, 0x65, 0x0a,
  0x34, 0x33, 0x34, 0x31, 0x34, 0x09, 0x6e, 0x65, 0x65, 0x64, 0x0a, 0x34,
  0x33, 0x34, 0x31, 0x35, 0x09, 0x6e, 0x65, 0x65, 0x64, 0x79, 0x0a, 0x34,
  0x33, 0x34, 0x31, 0x36, 0x09, 0x6e, 0x65, 0x66, 0x66, 0x0a, 0x34, 0x33,
  0x34, 0x32, 0x31, 0x09, 0x6e, 0x65, 0x67, 0x61, 0x74, 0x65, 0x0a, 0x34,
  0x33, 0x34, 0x32, 0x32, 0x09, 0x6e, 0x65, 0x67, 0x72, 0x6f, 0x0a, 0x34,
  0x33, 0x34, 0x32, 0x33, 0x09, 0x6e, 0x65, 0x68, 0x72, 0x75, 0x0a, 0x34,
  0x33, 0x34, 0x32, 0x34, 0x09, 0x6e, 0x65, 0x69, 0x6c, 0x0a, 0x34, 0x33,
  0x34, 0x32, 0x35, 0x09, 0x6e, 0x65, 0x6c, 0x6c, 0x0a, 0x34, 0x33, 0x34,
  0x32, 0x36, 0x09, 0x6e, 0x65, 0x6c, 0x73, 0x65, 0x6e, 0x0a, 0x34, 0x33,
  0x34, 0x33, 0x31, 0x09, 0x6e, 0x65, 0x6f, 0x6e, 0x0a, 0x34, 0x33, 0x34,
  0x33, 0x32, 0x09, 0x6e, 0x65, 0x70, 0x61, 0x6c, 0x0a, 0x34, 0x33, 0x34,
  0x33, 0x33, 0x09, 0x6e, 0x65, 0x72, 0x6f, 0x0a, 0x34, 0x33, 0x34, 0x33,
  0x34, 0x09, 0x6e, 0x65, 0x72, 0x76, 0x65, 0x0a, 0x34, 0x33, 0x34, 0x33,
  0x35, 0x09, 0x6e, 0x65, 0x73, 0x73, 0x0a, 0x34, 0x33, 0x34, 0x33, 0x36,
  0x09, 0x6e, 0x65, 0x73, 0x74, 0x0a, 0x34, 0x33, 0x34, 0x34, 0x31, 0x09,
  0x6e, 0x65, 0x74, 0x0a, 0x34, 0x33, 0x34, 0x34, 0x32, 0x09, 0x6e, 0x65,
  0x75, 0x72, 0x6f, 0x6e, 0x0a, 0x34, 0x33, 0x34, 0x34, 0x33, 0x09, 0x6e,
  0x65, 0x76, 0x61, 0x0a, 0x34, 0x33, 0x34, 0x34, 0x34, 0x09, 0x6e, 0x65,
  0x76, 0x65, 0x0a, 0x34, 0x33, 0x34, 0x34, 0x35, 0x09, 0x6e, 0x65, 0x77,
  0x0a, 0x34, 0x33, 0x34, 0x34, 0x36, 0x09, 0x6e, 0x65, 0x77, 0x65, 0x6c,
  0x0a, 0x34, 0x33, 0x34, 0x35, 0x31, 0x09, 0x6e, 0x65, 0x77, 0x74, 0x0a,
  0x34, 0x33, 0x34, 0x35, 0x32, 0x09, 0x6e, 0x65, 0x78, 0x74, 0x0a, 0x34,
  0x33, 0x34, 0x35, 0x33, 0x09, 0x6e, 0x66, 0x0a, 0x34, 0x33, 0x34, 0x35,
  0x34, 0x09, 0x6e, 0x67, 0x0a, 0x34, 0x33, 0x34, 0x35, 0x35, 0x09, 0x6e,
  0x68, 0x0a, 0x34, 0x33, 0x34, 0x35, 0x36, 0x09, 0x6e, 0x69, 0x0a, 0x34,
  0x33, 0x34, 0x36, 0x31, 0x09, 0x6e, 0x69, 0x62, 0x0a, 0x34, 0x33, 0x34,
  0x36, 0x32, 0x09, 0x6e, 0x69, 0x62, 0x73, 0x0a, 0x34, 0x33, 0x34, 0x36,
  0x33, 0x09, 0x6e, 0x69, 0x63, 0x65, 0x0a, 0x34, 0x33, 0x34, 0x36, 0x34,
  0x09, 0x6e, 0x69, 0x63, 0x65, 0x74, 0x79, 0x0a, 0x34, 0x33, 0x34, 0x36,
  0x35, 0x09, 0x6e, 0x69, 0x63, 0x68, 0x65, 0x0a, 0x34, 0x33, 0x34, 0x36,
  0x36, 0x09, 0x6e, 0x69, 0x63, 0x6b, 0x0a, 0x34, 0x33, 0x35, 0x31, 0x31,
  0x09, 0x6e, 0x69, 0x65, 0x63, 0x65, 0x0a, 0x34, 0x33, 0x35, 0x31, 0x32,
  0x09, 0x6e, 0x69, 0x67, 0x65, 0x72, 0x0a, 0x34, 0x33, 0x35, 0x31, 0x33,
  0x09, 0x6e, 0x69, 0x67, 0x68, 0x0a, 0x34, 0x33, 0x35, 0x31, 0x34, 0x09,
  0x6e, 0x69, 0x67, 0x68, 0x74, 0x0a, 0x34, 0x33, 0x35, 0x31, 0x35, 0x09,
  0x6e, 0x69, 0x68, 0x0a, 0x34, 0x33, 0x35, 0x31, 0x36, 0x09, 0x6e, 0x69,
  0x6b, 0x6b, 0x6f, 0x0a, 0x34, 0x33, 0x35, 0x32, 0x31, 0x09, 0x6e, 0x69,
  0x6c, 0x0a, 0x34, 0x33, 0x35, 0x32, 0x32, 0x09, 0x6e, 0x69, 0x6c, 0x65,
  0x0a, 0x34, 0x33, 0x35, 0x32, 0x33, 0x09, 0x6e, 0x69, 0x6d, 0x62, 0x75,
  0x73, 0x0a, 0x34, 0x33, 0x35, 0x32, 0x34, 0x09, 0x6e, 0x69, 0x6d, 0x68,
  0x0a, 0x34, 0x33, 0x35, 0x32, 0x35, 0x09, 0x6e, 0x69, 0x6e, 0x61, 0x0a,
  0x34, 0x33, 0x35, 0x32, 0x36, 0x09, 0x6e, 0x69, 0x6e, 0x65, 0x0a, 0x34,
  0x33, 0x35, 0x33, 0x31, 0x09, 0x6e, 0x69, 0x6e, 0x74, 0x68, 0x0a, 0x34,
  0x33, 0x35, 0x33, 0x32, 0x09, 0x6e, 0x69, 0x6f, 0x62, 0x65, 0x0a, 0x34,
  0x33, 0x35, 0x33, 0x33, 0x09, 0x6e, 0x69, 0x70, 0x0a, 0x34, 0x33, 0x35,
  0x33, 0x34, 0x09, 0x6e, 0x69, 0x74, 0x0a, 0x34, 0x33, 0x35, 0x33, 0x35,
  0x09, 0x6e, 0x69, 0x74, 0x72, 0x69, 0x63, 0x0a, 0x34, 0x33, 0x35, 0x33,
  0x36, 0x09, 0x6e, 0x69, 0x74, 0x74, 0x79, 0x0a, 0x34, 0x33, 0x35, 0x34,
  0x31, 0x09, 0x6e, 0x69, 0x78, 0x6f, 0x6e, 0x0a, 0x34, 0x33, 0x35, 0x34,
  0x32, 0x09, 0x6e, 0x6a, 0x0a, 0x34, 0x33, 0x35, 0x34, 0x33, 0x09, 0x6e,
  0x6b, 0x0a, 0x34, 0x33, 0x35, 0x34, 0x34, 0x09, 0x6e, 0x6c, 0x0a, 0x34,
  0x33, 0x35, 0x34, 0x35, 0x09, 0x6e, 0x6d, 0x0a, 0x34, 0x33, 0x35, 0x34,
  0x36, 0x09, 0x6e, 0x6e, 0x0a, 0x34, 0x33, 0x35, 0x35, 0x31, 0x09, 0x6e,
  0x6e, 0x6e, 0x0a, 0x34, 0x33, 0x35, 0x35, 0x32, 0x09, 0x6e, 0x6e, 0x6e,
  0x6e, 0x0a, 0x34, 0x33, 0x35, 0x35, 0x33, 0x09, 0x6e, 0x6f, 0x0a, 0x34,
  0x33, 0x35, 0x35, 0x34, 0x09, 0x6e, 0x6f, 0x61, 0x61, 0x0a, 0x34, 0x33,
  0x35, 0x35, 0x35, 0x09, 0x6e, 0x6f, 0x61, 0x68, 0x0a, 0x34, 0x33, 0x35,
  0x35, 0x36, 0x09, 0x6e, 0x6f, 0x62, 0x0a, 0x34, 0x33, 0x35, 0x36, 0x31,
  0x09, 0x6e, 0x6f, 0x62, 0x65, 0x6c, 0x0a, 0x34, 0x33, 0x35, 0x36, 0x32,
  0x09, 0x6e, 0x6f, 0x62, 0x6c, 0x65, 0x0a, 0x34, 0x33, 0x35, 0x36, 0x33,
  0x09, 0x6e, 0x6f, 0x64, 0x0a, 0x34, 0x33, 0x35, 0x36, 0x34, 0x09, 0x6e,
  0x6f, 0x64, 0x61, 0x6c, 0x0a, 0x34, 0x33, 0x35, 0x36, 0x35, 0x09, 0x6e,
  0x6f, 0x64, 0x65, 0x0a, 0x34, 0x33, 0x35, 0x36, 0x36, 0x09, 0x6e, 0x6f,
  0x65, 0x6c, 0x0a, 0x34, 0x33, 0x36, 0x31, 0x31, 0x09, 0x6e, 0x6f, 0x69,
  0x73, 0x65, 0x0a, 0x34, 0x33, 0x36, 0x31, 0x32, 0x09, 0x6e, 0x6f, 0x69,
  0x73, 0x79, 0x0a, 0x34, 0x33, 0x36, 0x31, 0x33, 0x09, 0x6e, 0x6f, 0x6c,
  0x61, 0x6e, 0x0a, 0x34, 0x33, 0x36, 0x31, 0x34, 0x09, 0x6e, 0x6f, 0x6c,
  0x6c, 0x0a, 0x34, 0x33, 0x36, 0x31, 0x35, 0x09, 0x6e, 0x6f, 0x6c, 0x6f,
  0x0a, 0x34, 0x33, 0x36, 0x31, 0x36, 0x09, 0x6e, 0x6f, 0x6d, 0x61, 0x64,
  0x0a, 0x34, 0x33, 0x36, 0x32, 0x31, 0x09, 0x6e, 0x6f, 0x6e, 0x0a, 0x34,
  0x33, 0x36, 0x32, 0x32, 0x09, 0x6e, 0x6f, 0x6e, 0x63, 0x65, 0x0a, 0x34,
  0x33, 0x36, 0x32, 0x33, 0x09, 0x6e, 0x6f, 0x6e, 0x65, 0x0a, 0x34, 0x33,
  0x36, 0x32, 0x34, 0x09, 0x6e, 0x6f, 0x6f, 0x6b, 0x0a, 0x34, 0x33, 0x36,
  0x32, 0x35, 0x09, 0x6e, 0x6f, 0x6f, 0x6e, 0x0a, 0x34, 0x33, 0x36, 0x32,
  0x36, 0x09, 0x6e, 0x6f, 0x6f, 0x73, 0x65, 0x0a, 0x34, 0x33, 0x36, 0x33,
  0x31, 0x09, 0x6e, 0x6f, 0x70, 0x0a, 0x34, 0x33, 0x36, 0x33, 0x32, 0x09,
  0x6e, 0x6f, 0x72, 0x0a, 0x34, 0x33, 0x36, 0x33, 0x33, 0x09, 0x6e, 0x6f,
  0x72, 0x61, 0x0a, 0x34, 0x33, 0x36, 0x33, 0x34, 0x09, 0x6e, 0x6f, 0x72,
  0x6d, 0x0a, 0x34, 0x33, 0x36, 0x33, 0x35, 0x09, 0x6e, 0x6f, 0x72, 0x6d,
  0x61, 0x0a, 0x34, 0x33, 0x36, 0x33, 0x36, 0x09, 0x6e, 0x6f, 0x72, 0x74,
  0x68, 0x0a, 0x34, 0x33, 0x36, 0x34, 0x31, 0x09, 0x6e, 0x6f, 0x72, 0x77,
  0x61, 0x79, 0x0a, 0x34, 0x33, 0x36, 0x34, 0x32, 0x09, 0x6e, 0x6f, 0x73,
  0x65, 0x0a, 0x34, 0x33, 0x36, 0x34, 0x33, 0x09, 0x6e, 0x6f, 0x74, 0x0a,
  0x34, 0x33, 0x36, 0x34, 0x34, 0x09, 0x6e, 0x6f, 0x74, 0x63, 0x68, 0x0a,
  0x34, 0x33, 0x36, 0x34, 0x35, 0x09, 0x6e, 0x6f, 0x74, 0x65, 0x0a, 0x34,
  0x33, 0x36, 0x34, 0x36, 0x09, 0x6e, 0x6f, 0x74, 0x72, 0x65, 0x0a, 0x34,
  0x33, 0x36, 0x35, 0x31, 0x09, 0x6e, 0x6f, 0x75, 0x6e, 0x0a, 0x34, 0x33,
  0x36, 0x35, 0x32, 0x09, 0x6e, 0x6f, 0x76, 0x0a, 0x34, 0x33, 0x36, 0x35,
  0x33, 0x09, 0x6e, 0x6f, 0x76, 0x61, 0x0a, 0x34, 0x33, 0x36, 0x35, 0x34,
  0x09, 0x6e, 0x6f, 0x76, 0x61, 0x6b, 0x0a, 0x34, 0x33, 0x36, 0x35, 0x35,
  0x09, 0x6e, 0x6f, 0x76, 0x65, 0x6c, 0x0a, 0x34, 0x33, 0x36, 0x35, 0x36,
  0x09, 0x6e, 0x6f, 0x76, 0x6f, 0x0a, 0x34, 0x33, 0x36, 0x36, 0x31, 0x09,
  0x6e, 0x6f, 0x77, 0x0a, 0x34, 0x33, 0x36, 0x36, 0x32, 0x09, 0x6e, 0x70,
  0x0a, 0x34, 0x33, 0x36, 0x36, 0x33, 0x09, 0x6e, 0x71, 0x0a, 0x34, 0x33,
  0x36, 0x36, 0x34, 0x09, 0x6e, 0x72, 0x0a, 0x34, 0x33, 0x36, 0x36, 0x35,
  0x09, 0x6e, 0x72, 0x63, 0x0a, 0x34, 0x33, 0x36, 0x36, 0x36, 0x09, 0x6e,
  0x73, 0x0a, 0x34, 0x34, 0x31, 0x31, 0x31, 0x09, 0x6e, 0x73, 0x66, 0x0a,
  0x34, 0x34, 0x31, 0x31, 0x32, 0x09, 0x6e, 0x74, 0x0a, 0x34, 0x34, 0x31,
  0x31, 0x33, 0x09, 0x6e, 0x74, 0x69, 0x73, 0x0a, 0x34, 0x34, 0x31, 0x31,
  0x34, 0x09, 0x6e, 0x75, 0x0a, 0x34, 0x34, 0x31, 0x31, 0x35, 0x09, 0x6e,
  0x75, 0x61, 0x6e, 0x63, 0x65, 0x0a, 0x34, 0x34, 0x31, 0x31, 0x36, 0x09,
  0x6e, 0x75, 0x62, 0x69, 0x61, 0x0a, 0x34, 0x34, 0x31, 0x32, 0x31, 0x09,
  0x6e, 0x75, 0x63, 0x6c, 0x65, 0x69, 0x0a, 0x34, 0x34, 0x31, 0x32, 0x32,
  0x09, 0x6e, 0x75, 0x64, 0x65, 0x0a, 0x34, 0x34, 0x31, 0x32, 0x33, 0x09,
  0x6e, 0x75, 0x64, 0x67, 0x65, 0x0a, 0x34, 0x34, 0x31, 0x32, 0x34, 0x09,
  0x6e, 0x75, 0x6c, 0x6c, 0x0a, 0x34, 0x34, 0x31, 0x32, 0x35, 0x09, 0x6e,
  0x75, 0x6d, 0x62, 0x0a, 0x34, 0x34, 0x31, 0x32, 0x36, 0x09, 0x6e, 0x75,
  0x6e, 0x0a, 0x34, 0x34, 0x31, 0x33, 0x31, 0x09, 0x6e, 0x75, 0x72, 0x73,
  0x65, 0x0a, 0x34, 0x34, 0x31, 0x33, 0x32, 0x09, 0x6e, 0x75, 0x74, 0x0a,
  0x34, 0x34, 0x31, 0x33, 0x33, 0x09, 0x6e, 0x76, 0x0a, 0x34, 0x34, 0x31,
  0x33, 0x34, 0x09, 0x6e, 0x77, 0x0a, 0x34, 0x34, 0x31, 0x33, 0x35, 0x09,
  0x6e, 0x78, 0x0a, 0x34, 0x34, 0x31, 0x33, 0x36, 0x09, 0x6e, 0x79, 0x0a,
  0x34, 0x34, 0x31, 0x34, 0x31, 0x09, 0x6e, 0x79, 0x63, 0x0a, 0x34, 0x34,
  0x31, 0x34, 0x32, 0x09, 0x6e, 0x79, 0x6c, 0x6f, 0x6e, 0x0a, 0x34, 0x34,
  0x31, 0x34, 0x33, 0x09, 0x6e, 0x79, 0x6d, 0x70, 0x68, 0x0a, 0x34, 0x34,
  0x31, 0x34, 0x34, 0x09, 0x6e, 0x79, 0x75, 0x0a, 0x34, 0x34, 0x31, 0x34,
  0x35, 0x09, 0x6e, 0x7a, 0x0a, 0x34, 0x34, 0x31, 0x34, 0x36, 0x09, 0x6f,
  0x0a, 0x34, 0x34, 0x31, 0x35, 0x31, 0x09, 0x6f, 0x27, 0x65, 0x72, 0x0a,
  0x34, 0x34, 0x31, 0x35, 0x32, 0x09, 0x6f, 0x27, 0x73, 0x0a, 0x34, 0x34,
  0x31, 0x35, 0x33, 0x09, 0x6f, 0x61, 0x0a, 0x34, 0x34, 0x31, 0x35, 0x34,
  0x09, 0x6f, 0x61, 0x66, 0x0a, 0x34, 0x34, 0x31, 0x35, 0x35, 0x09, 0x6f,
  0x61, 0x6b, 0x0a, 0x34, 0x34, 0x31, 0x35, 0x36, 0x09, 0x6f, 0x61, 0x6b,
  0x65, 0x6e, 0x0a, 0x34, 0x34, 0x31, 0x36, 0x31, 0x09, 0x6f, 0x61, 0x6b,
  0x6c, 0x65, 0x79, 0x0a, 0x34, 0x34, 0x31, 0x36, 0x32, 0x09, 0x6f, 0x61,
  0x72, 0x0a, 0x34, 0x34, 0x31, 0x36, 0x33, 0x09, 0x6f, 0x61, 0x73, 0x65,
  0x73, 0x0a, 0x34, 0x34, 0x31, 0x36, 0x34, 0x09, 0x6f, 0x61, 0x73, 0x69,
  0x73, 0x0a, 0x34, 0x34, 0x31, 0x36, 0x35, 0x09, 0x6f, 0x61, 0x74, 0x0a,
  0x34, 0x34, 0x31, 0x36, 0x36, 0x09, 0x6f, 0x61, 0x74, 0x68, 0x0a, 0x34,
  0x34, 0x32, 0x31, 0x31, 0x09, 0x6f, 0x62, 0x0a, 0x34, 0x34, 0x32, 0x31,
  0x32, 0x09, 0x6f, 0x62, 0x65, 0x73, 0x65, 0x0a, 0x34, 0x34, 0x32, 0x31,
  0x33, 0x09, 0x6f, 0x62, 0x65, 0x79, 0x0a, 0x34, 0x34, 0x32, 0x31, 0x34,
  0x09, 0x6f, 0x62, 0x6a, 0x65, 0x74, 0x0a, 0x34, 0x34, 0x32, 0x31, 0x35,
  0x09, 0x6f, 0x62, 0x6f, 0x65, 0x0a, 0x34, 0x34, 0x32, 0x31, 0x36, 0x09,
  0x6f, 0x63, 0x0a, 0x34, 0x34, 0x32, 0x32, 0x31, 0x09, 0x6f, 0x63, 0x63,
  0x75, 0x72, 0x0a, 0x34, 0x34, 0x32, 0x32, 0x32, 0x09, 0x6f, 0x63, 0x65,
  0x61, 0x6e, 0x0a, 0x34, 0x34, 0x32, 0x32, 0x33, 0x09, 0x6f, 0x63, 0x74,
  0x0a, 0x34, 0x34, 0x32, 0x32, 0x34, 0x09, 0x6f, 0x63, 0x74, 0x61, 0x6c,
  0x0a, 0x34, 0x34, 0x32, 0x32, 0x35, 0x09, 0x6f, 0x63, 0x74, 0x61, 0x76,
  0x65, 0x0a, 0x34, 0x34, 0x32, 0x32, 0x36, 0x09, 0x6f, 0x63, 0x74, 0x65,
  0x74, 0x0a, 0x34, 0x34, 0x32, 0x33, 0x31, 0x09, 0x6f, 0x64, 0x0a, 0x34,
  0x34, 0x32, 0x33, 0x32, 0x09, 0x6f, 0x64, 0x64, 0x0a, 0x34, 0x34, 0x32,
  0x33, 0x33, 0x09, 0x6f, 0x64, 0x65, 0x0a, 0x34, 0x34, 0x32, 0x33, 0x34,
  0x09, 0x6f, 0x64, 0x69, 0x6e, 0x0a, 0x34, 0x34, 0x32, 0x33, 0x35, 0x09,
  0x6f, 0x64, 0x69, 0x75, 0x6d, 0x0a, 0x34, 0x34, 0x32, 0x33, 0x36, 0x09,
  0x6f, 0x65, 0x0a, 0x34, 0x34, 0x32, 0x34, 0x31, 0x09, 0x6f, 0x66, 0x0a,
  0x34, 0x34, 0x32, 0x34, 0x32, 0x09, 0x6f, 0x66, 0x66, 0x0a, 0x34, 0x34,
  0x32, 0x34, 0x33, 0x09, 0x6f, 0x66, 0x66, 0x61, 0x6c, 0x0a, 0x34, 0x34,
  0x32, 0x34, 0x34, 0x09, 0x6f, 0x66, 0x66, 0x65, 0x6e, 0x64, 0x0a, 0x34,
  0x34, 0x32, 0x34, 0x35, 0x09, 0x6f, 0x66, 0x66, 0x65, 0x72, 0x0a, 0x34,
  0x34, 0x32, 0x34, 0x36, 0x09, 0x6f, 0x66, 0x74, 0x0a, 0x34, 0x34, 0x32,
  0x35, 0x31, 0x09, 0x6f, 0x66, 0x74, 0x65, 0x6e, 0x0a, 0x34, 0x34, 0x32,
  0x35, 0x32, 0x09, 0x6f, 0x67, 0x0a, 0x34, 0x34, 0x32, 0x35, 0x33, 0x09,
  0x6f, 0x67, 0x64, 0x65, 0x6e, 0x0a, 0x34, 0x34, 0x32, 0x35, 0x34, 0x09,
  0x6f, 0x67, 0x6c, 0x65, 0x0a, 0x34, 0x34, 0x32, 0x35, 0x35, 0x09, 0x6f,
  0x67, 0x72, 0x65, 0x0a, 0x34, 0x34, 0x32, 0x35, 0x36, 0x09, 0x6f, 0x68,
  0x0a, 0x34, 0x34, 0x32, 0x36, 0x31, 0x09, 0x6f, 0x68, 0x69, 0x6f, 0x0a,
  0x34, 0x34, 0x32, 0x36, 0x32, 0x09, 0x6f, 0x68, 0x6d, 0x0a, 0x34, 0x34,
  0x32, 0x36, 0x33, 0x09, 0x6f, 0x68, 0x6d, 0x69, 0x63, 0x0a, 0x34, 0x34,
  0x32, 0x36, 0x34, 0x09, 0x6f, 0x69, 0x0a, 0x34, 0x34, 0x32, 0x36, 0x35,
  0x09, 0x6f, 0x69, 0x6c, 0x0a, 0x34, 0x34, 0x32, 0x36, 0x36, 0x09, 0x6f,
  0x69, 0x6c, 0x79, 0x0a, 0x34, 0x34, 0x33, 0x31, 0x31, 0x09, 0x6f, 0x69,
  0x6e, 0x74, 0x0a, 0x34, 0x34, 0x33, 0x31, 0x32, 0x09, 0x6f, 0x6a, 0x0a,
  0x34, 0x34, 0x33, 0x31, 0x33, 0x09, 0x6f, 0x6b, 0x0a, 0x34, 0x34, 0x33,
  0x31, 0x34, 0x09, 0x6f, 0x6b, 0x61, 0x79, 0x0a, 0x34, 0x34, 0x33, 0x31,
  0x35, 0x09, 0x6f, 0x6c, 0x0a, 0x34, 0x34, 0x33, 0x31, 0x36, 0x09, 0x6f,
  0x6c, 0x61, 0x66, 0x0a, 0x34, 0x34, 0x33, 0x32, 0x31, 0x09, 0x6f, 0x6c,
  0x61, 0x76, 0x0a, 0x34, 0x34, 0x33, 0x32, 0x32, 0x09, 0x6f, 0x6c, 0x64,
  0x0a, 0x34, 0x34, 0x33, 0x32, 0x33, 0x09, 0x6f, 0x6c, 0x64, 0x65, 0x6e,
  0x0a, 0x34, 0x34, 0x33, 0x32, 0x34, 0x09, 0x6f, 0x6c, 0x64, 0x79, 0x0a,
  0x34, 0x34, 0x33, 0x32, 0x35, 0x09, 0x6f, 0x6c, 0x67, 0x61, 0x0a, 0x34,
  0x34, 0x33, 0x32, 0x36, 0x09, 0x6f, 0x6c, 0x69, 0x6e, 0x0a, 0x34, 0x34,
  0x33, 0x33, 0x31, 0x09, 0x6f, 0x6c, 0x69, 0x76, 0x65, 0x0a, 0x34, 0x34,
  0x33, 0x33, 0x32, 0x09, 0x6f, 0x6c, 0x73, 0x65, 0x6e, 0x0a, 0x34, 0x34,
  0x33, 0x33, 0x33, 0x09, 0x6f, 0x6c, 0x73, 0x6f, 0x6e, 0x0a, 0x34, 0x34,
  0x33, 0x33, 0x34, 0x09, 0x6f, 0x6d, 0x0a, 0x34, 0x34, 0x33, 0x33, 0x35,
  0x09, 0x6f, 0x6d, 0x61, 0x68, 0x61, 0x0a, 0x34, 0x34, 0x33, 0x33, 0x36,
  0x09, 0x6f, 0x6d, 0x61, 0x6e, 0x0a, 0x34, 0x34, 0x33, 0x34, 0x31, 0x09,
  0x6f, 0x6d, 0x65, 0x67, 0x61, 0x0a, 0x34, 0x34, 0x33, 0x34, 0x32, 0x09,
  0x6f, 0x6d, 0x65, 0x6e, 0x0a, 0x34, 0x34, 0x33, 0x34, 0x33, 0x09, 0x6f,
  0x6d, 0x69, 0x74, 0x0a, 0x34, 0x34, 0x33, 0x34, 0x34, 0x09, 0x6f, 0x6e,
  0x0a, 0x34, 0x34, 0x33, 0x34, 0x35, 0x09, 0x6f, 0x6e, 0x63, 0x65, 0x0a,
  0x34, 0x34, 0x33, 0x34, 0x36, 0x09, 0x6f, 0x6e, 0x65, 0x0a, 0x34, 0x34,
  0x33, 0x35, 0x31, 0x09, 0x6f, 0x6e, 0x69, 0x6f, 0x6e, 0x0a, 0x34, 0x34,
  0x33, 0x35, 0x32, 0x09, 0x6f, 0x6e, 0x6c, 0x79, 0x0a, 0x34, 0x34, 0x33,
  0x35, 0x33, 0x09, 0x6f, 0x6e, 0x73, 0x65, 0x74, 0x0a, 0x34, 0x34, 0x33,
  0x35, 0x34, 0x09, 0x6f, 0x6e, 0x74, 0x6f, 0x0a, 0x34, 0x34, 0x33, 0x35,
  0x35, 0x09, 0x6f, 0x6e, 0x75, 0x73, 0x0a, 0x34, 0x34, 0x33, 0x35, 0x36,
  0x09, 0x6f, 0x6e, 0x77, 0x61, 0x72, 0x64, 0x0a, 0x34, 0x34, 0x33, 0x36,
  0x31, 0x09, 0x6f, 0x6e, 0x79, 0x78, 0x0a, 0x34, 0x34, 0x33, 0x36, 0x32,
  0x09, 0x6f, 0x6f, 0x0a, 0x34, 0x34, 0x33, 0x36, 0x33, 0x09, 0x6f, 0x6f,
  0x6f, 0x0a, 0x34, 0x34, 0x33, 0x36, 0x34, 0x09, 0x6f, 0x6f, 0x6f, 0x6f,
  0x0a, 0x34, 0x34, 0x33, 0x36, 0x35, 0x09, 0x6f, 0x6f, 0x7a, 0x65, 0x0a,
  0x34, 0x34, 0x33, 0x36, 0x36, 0x09, 0x6f, 0x70, 0x0a, 0x34, 0x34, 0x34,
  0x31, 0x31, 0x09, 0x6f, 0x70, 0x61, 0x6c, 0x0a, 0x34, 0x34, 0x34, 0x31,
  0x32, 0x09, 0x6f, 0x70, 0x65, 0x63, 0x0a, 0x34, 0x34, 0x34, 0x31, 0x33,
  0x09, 0x6f, 0x70, 0x65, 0x6c, 0x0a, 0x34, 0x34, 0x34, 0x31, 0x34, 0x09,
  0x6f, 0x70, 0x65, 0x6e, 0x0a, 0x34, 0x34, 0x34, 0x31, 0x35, 0x09, 0x6f,
  0x70, 0x65, 0x72, 0x61, 0x0a, 0x34, 0x34, 0x34, 0x31, 0x36, 0x09, 0x6f,
  0x70, 0x69, 0x75, 0x6d, 0x0a, 0x34, 0x34, 0x34, 0x32, 0x31, 0x09, 0x6f,
  0x70, 0x74, 0x0a, 0x34, 0x34, 0x34, 0x32, 0x32, 0x09, 0x6f, 0x70, 0x74,
  0x69, 0x63, 0x0a, 0x34, 0x34, 0x34, 0x32, 0x33, 0x09, 0x6f, 0x70, 0x75,
  0x73, 0x0a, 0x34, 0x34, 0x34, 0x32, 0x34, 0x09, 0x6f, 0x71, 0x0a, 0x34,
  0x34, 0x34, 0x32, 0x35, 0x09, 0x6f, 0x72, 0x0a, 0x34, 0x34, 0x34, 0x32,
  0x36, 0x09, 0x6f, 0x72, 0x61, 0x6c, 0x0a, 0x34, 0x34, 0x34, 0x33, 0x31,
  0x09, 0x6f, 0x72, 0x61, 0x74, 0x65, 0x0a, 0x34, 0x34, 0x34, 0x33, 0x32,
  0x09, 0x6f, 0x72, 0x62, 0x0a, 0x34, 0x34, 0x34, 0x33, 0x33, 0x09, 0x6f,
  0x72, 0x62, 0x69, 0x74, 0x0a, 0x34, 0x34, 0x34, 0x33, 0x34, 0x09, 0x6f,
  0x72, 0x63, 0x68, 0x69, 0x64, 0x0a, 0x34, 0x34, 0x34, 0x33, 0x35, 0x09,
  0x6f, 0x72, 0x64, 0x61, 0x69, 0x6e, 0x0a, 0x34, 0x34, 0x34, 0x33, 0x36,
  0x09, 0x6f, 0x72, 0x64, 0x65, 0x72, 0x0a, 0x34, 0x34, 0x34, 0x34, 0x31,
  0x09, 0x6f, 0x72, 0x65, 0x0a, 0x34, 0x34, 0x34, 0x34, 0x32, 0x09, 0x6f,
  0x72, 0x67, 0x61, 0x6e, 0x0a, 0x34, 0x34, 0x34, 0x34, 0x33, 0x09, 0x6f,
  0x72, 0x67, 0x79, 0x0a, 0x34, 0x34, 0x34, 0x34, 0x34, 0x09, 0x6f, 0x72,
  0x69, 0x6e, 0x0a, 0x34, 0x34, 0x34, 0x34, 0x35, 0x09, 0x6f, 0x72, 0x69,
  0x6f, 0x6e, 0x0a, 0x34, 0x34, 0x34, 0x34, 0x36, 0x09, 0x6f, 0x72, 0x6e,
  0x65, 0x72, 0x79, 0x0a, 0x34, 0x34, 0x34, 0x35, 0x31, 0x09, 0x6f, 0x72,
  0x6f, 0x6e, 0x6f, 0x0a, 0x34, 0x34, 0x34, 0x35, 0x32, 0x09, 0x6f, 0x72,
  0x72, 0x0a, 0x34, 0x34, 0x34, 0x35, 0x33, 0x09, 0x6f, 0x73, 0x0a, 0x34,
  0x34, 0x34, 0x35, 0x34, 0x09, 0x6f, 0x73, 0x61, 0x6b, 0x61, 0x0a, 0x34,
  0x34, 0x34, 0x35, 0x35, 0x09, 0x6f, 0x73, 0x63, 0x61, 0x72, 0x0a, 0x34,
  0x34, 0x34, 0x35, 0x36, 0x09, 0x6f, 0x73, 0x69, 0x65, 0x72, 0x0a, 0x34,
  0x34, 0x34, 0x36, 0x31, 0x09, 0x6f, 0x73, 0x6c, 0x6f, 0x0a, 0x34, 0x34,
  0x34, 0x36, 0x32, 0x09, 0x6f, 0x74, 0x0a, 0x34, 0x34, 0x34, 0x36, 0x33,
  0x09, 0x6f, 0x74, 0x68, 0x65, 0x72, 0x0a, 0x34, 0x34, 0x34, 0x36, 0x34,
  0x09, 0x6f, 0x74, 0x69, 0x73, 0x0a, 0x34, 0x34, 0x34, 0x36, 0x35, 0x09,
  0x6f, 0x74, 0x74, 0x0a, 0x34, 0x34, 0x34, 0x36, 0x36, 0x09, 0x6f, 0x74,
  0x74, 0x65, 0x72, 0x0a, 0x34, 0x34, 0x35, 0x31, 0x31, 0x09, 0x6f, 0x74,
  0x74, 0x6f, 0x0a, 0x34, 0x34, 0x35, 0x31, 0x32, 0x09, 0x6f, 0x75, 0x0a,
  0x34, 0x34, 0x35, 0x31, 0x33, 0x09, 0x6f, 0x75, 0x63, 0x68, 0x0a, 0x34,
  0x34, 0x35, 0x31, 0x34, 0x09, 0x6f, 0x75, 0x67, 0x68, 0x74, 0x0a, 0x34,
  0x34, 0x35, 0x31, 0x35, 0x09, 0x6f, 0x75, 0x6e, 0x63, 0x65, 0x0a, 0x34,
  0x34, 0x35, 0x31, 0x36, 0x09, 0x6f, 0x75, 0x72, 0x0a, 0x34, 0x34, 0x35,
  0x32, 0x31, 0x09, 0x6f, 0x75, 0x73, 0x74, 0x0a, 0x34, 0x34, 0x35, 0x32,
  0x32, 0x09, 0x6f, 0x75, 0x74, 0x0a, 0x34, 0x34, 0x35, 0x32, 0x33, 0x09,
  0x6f, 0x75, 0x76, 0x72, 0x65, 0x0a, 0x34, 0x34, 0x35, 0x32, 0x34, 0x09,
  0x6f, 0x75, 0x7a, 0x65, 0x6c, 0x0a, 0x34, 0x34, 0x35, 0x32, 0x35, 0x09,
  0x6f, 0x75, 0x7a, 0x6f, 0x0a, 0x34, 0x34, 0x35, 0x32, 0x36, 0x09, 0x6f,
  0x76, 0x0a, 0x34, 0x34, 0x35, 0x33, 0x31, 0x09, 0x6f, 0x76, 0x61, 0x0a,
  0x34, 0x34, 0x35, 0x33, 0x32, 0x09, 0x6f, 0x76, 0x61, 0x6c, 0x0a, 0x34,
  0x34, 0x35, 0x33, 0x33, 0x09, 0x6f, 0x76, 0x61, 0x72, 0x79, 0x0a, 0x34,
  0x34, 0x35, 0x33, 0x34, 0x09, 0x6f, 0x76, 0x61, 0x74, 0x65, 0x0a, 0x34,
  0x34, 0x35, 0x33, 0x35, 0x09, 0x6f, 0x76, 0x65, 0x6e, 0x0a, 0x34, 0x34,
  0x35, 0x33, 0x36, 0x09, 0x6f, 0x76, 0x65, 0x72, 0x0a, 0x34, 0x34, 0x35,
  0x34, 0x31, 0x09, 0x6f, 0x76, 0x65, 0x72, 0x74, 0x0a, 0x34, 0x34, 0x35,
  0x34, 0x32, 0x09, 0x6f, 0x76, 0x69, 0x64, 0x0a, 0x34, 0x34, 0x35, 0x34,
  0x33, 0x09, 0x6f, 0x77, 0x0a, 0x34, 0x34, 0x35, 0x34, 0x34, 0x09, 0x6f,
  0x77, 0x65, 0x0a, 0x34, 0x34, 0x35, 0x34, 0x35, 0x09, 0x6f, 0x77, 0x65,
  0x6e, 0x73, 0x0a, 0x34, 0x34, 0x35, 0x34, 0x36, 0x09, 0x6f, 0x77, 0x69,
  0x6e, 0x67, 0x0a, 0x34, 0x34, 0x35, 0x35, 0x31, 0x09, 0x6f, 0x77, 0x6c,
  0x0a, 0x34, 0x34, 0x35, 0x35, 0x32, 0x09, 0x6f, 0x77, 0x6c, 0x79, 0x0a,
  0x34, 0x34, 0x35, 0x35, 0x33, 0x09, 0x6f, 0x77, 0x6e, 0x0a, 0x34, 0x34,
  0x35, 0x35, 0x34, 0x09, 0x6f, 0x78, 0x0a, 0x34, 0x34, 0x35, 0x35, 0x35,
  0x09, 0x6f, 0x78, 0x65, 0x6e, 0x0a, 0x34, 0x34, 0x35, 0x35, 0x36, 0x09,
  0x6f, 0x78, 0x65, 0x79, 0x65, 0x0a, 0x34, 0x34, 0x35, 0x36, 0x31, 0x09,
  0x6f, 0x78, 0x69, 0x64, 0x65, 0x0a, 0x34, 0x34, 0x35, 0x36, 0x32, 0x09,
  0x6f, 0x78, 0x6e, 0x61, 0x72, 0x64, 0x0a, 0x34, 0x34, 0x35, 0x36, 0x33,
  0x09, 0x6f, 0x79, 0x0a, 0x34, 0x34, 0x35, 0x36, 0x34, 0x09, 0x6f, 0x7a,
  0x0a, 0x34, 0x34, 0x35, 0x36, 0x35, 0x09, 0x6f, 0x7a, 0x61, 0x72, 0x6b,
  0x0a, 0x34, 0x34, 0x35, 0x36, 0x36, 0x09, 0x6f, 0x7a, 0x6f, 0x6e, 0x65,
  0x0a, 0x34, 0x34, 0x36, 0x31, 0x31, 0x09, 0x70, 0x0a, 0x34, 0x34, 0x36,
  0x31, 0x32, 0x09, 0x70, 0x27, 0x73, 0x0a, 0x34, 0x34, 0x36, 0x31, 0x33,
  0x09, 0x70, 0x61, 0x0a, 0x34, 0x34, 0x36, 0x31, 0x34, 0x09, 0x70, 0x61,
  0x62, 0x6c, 0x6f, 0x0a, 0x34, 0x34, 0x36, 0x31, 0x35, 0x09, 0x70, 0x61,
  0x62, 0x73, 0x74, 0x0a, 0x34, 0x34, 0x36, 0x31, 0x36, 0x09, 0x70, 0x61,
  0x63, 0x65, 0x0a, 0x34, 0x34, 0x36, 0x32, 0x31, 0x09, 0x70, 0x61, 0x63,
  0x6b, 0x0a, 0x34, 0x34, 0x36, 0x32, 0x32, 0x09, 0x70, 0x61, 0x63, 0x6b,
  0x65, 0x74, 0x0a, 0x34, 0x34, 0x36, 0x32, 0x33, 0x09, 0x70, 0x61, 0x63,
  0x74, 0x0a, 0x34, 0x34, 0x36, 0x32, 0x34, 0x09, 0x70, 0x61, 0x64, 0x0a,
  0x34, 0x34, 0x36, 0x32, 0x35, 0x09, 0x70, 0x61, 0x64, 0x64, 0x79, 0x0a,
  0x34, 0x34, 0x36, 0x32, 0x36, 0x09, 0x70, 0x61, 0x64, 0x72, 0x65, 0x0a,
  0x34, 0x34, 0x36, 0x33, 0x31, 0x09, 0x70, 0x61, 0x65, 0x61, 0x6e, 0x0a,
  0x34, 0x34, 0x36, 0x33, 0x32, 0x09, 0x70, 0x61, 0x67, 0x61, 0x6e, 0x0a,
  0x34, 0x34, 0x36, 0x33, 0x33, 0x09, 0x70, 0x61, 0x67, 0x65, 0x0a, 0x34,
  0x34, 0x36, 0x33, 0x34, 0x09, 0x70, 0x61, 0x69, 0x64, 0x0a, 0x34, 0x34,
  0x36, 0x33, 0x35, 0x09, 0x70, 0x61, 0x69, 0x6c, 0x0a, 0x34, 0x34, 0x36,
  0x33, 0x36, 0x09, 0x70, 0x61, 0x69, 0x6e, 0x0a, 0x34, 0x34, 0x36, 0x34,
  0x31, 0x09, 0x70, 0x61, 0x69, 0x6e, 0x65, 0x0a, 0x34, 0x34, 0x36, 0x34,
  0x32, 0x09, 0x70, 0x61, 0x69, 0x6e, 0x74, 0x0a, 0x34, 0x34, 0x36, 0x34,
  0x33, 0x09, 0x70, 0x61, 0x69, 0x72, 0x0a, 0x34, 0x34, 0x36, 0x34, 0x34,
  0x09, 0x70, 0x61, 0x6c, 0x0a, 0x34, 0x34, 0x36, 0x34, 0x35, 0x09, 0x70,
  0x61, 0x6c, 0x65, 0x0a, 0x34, 0x34, 0x36, 0x34, 0x36, 0x09, 0x70, 0x61,
  0x6c, 0x6c, 0x0a, 0x34, 0x34, 0x36, 0x35, 0x31, 0x09, 0x70, 0x61, 0x6c,
  0x6d, 0x0a, 0x34, 0x34, 0x36, 0x35, 0x32, 0x09, 0x70, 0x61, 0x6c, 0x6f,
  0x0a, 0x34, 0x34, 0x36, 0x35, 0x33, 0x09, 0x70, 0x61, 0x6c, 0x73, 0x79,
  0x0a, 0x34, 0x34, 0x36, 0x35, 0x34, 0x09, 0x70, 0x61, 0x6d, 0x0a, 0x34,
  0x34, 0x36, 0x35, 0x35, 0x09, 0x70, 0x61, 0x6d, 0x70, 0x61, 0x0a, 0x34,
  0x34, 0x36, 0x35, 0x36, 0x09, 0x70, 0x61, 0x6e, 0x0a, 0x34, 0x34, 0x36,
  0x36, 0x31, 0x09, 0x70, 0x61, 0x6e, 0x61, 0x6d, 0x61, 0x0a, 0x34, 0x34,
  0x36, 0x36, 0x32, 0x09, 0x70, 0x61, 0x6e, 0x64, 0x61, 0x0a, 0x34, 0x34,
  0x36, 0x36, 0x33, 0x09, 0x70, 0x61, 0x6e, 0x65, 0x0a, 0x34, 0x34, 0x36,
  0x36, 0x34, 0x09, 0x70, 0x61, 0x6e, 0x65, 0x6c, 0x0a, 0x34, 0x34, 0x36,
  0x36, 0x35, 0x09, 0x70, 0x61, 0x6e, 0x67, 0x0a, 0x34, 0x34, 0x36, 0x36,
  0x36, 0x09, 0x70, 0x61, 0x6e, 0x69, 0x63, 0x0a, 0x34, 0x35, 0x31, 0x31,
  0x31, 0x09, 0x70, 0x61, 0x6e, 0x73, 0x79, 0x0a, 0x34, 0x35, 0x31, 0x31,
  0x32, 0x09, 0x70, 0x61, 0x6e, 0x74, 0x0a, 0x34, 0x35, 0x31, 0x31, 0x33,
  0x09, 0x70, 0x61, 0x6e, 0x74, 0x79, 0x0a, 0x34, 0x35, 0x31, 0x31, 0x34,
  0x09, 0x70, 0x61, 0x6f, 0x6c, 0x69, 0x0a, 0x34, 0x35, 0x31, 0x31, 0x35,
  0x09, 0x70, 0x61, 0x70, 0x0a, 0x34, 0x35, 0x31, 0x31, 0x36, 0x09, 0x70,
  0x61, 0x70, 0x61, 0x0a, 0x34, 0x35, 0x31, 0x32, 0x31, 0x09, 0x70, 0x61,
  0x70, 0x61, 0x6c, 0x0a, 0x34, 0x35, 0x31, 0x32, 0x32, 0x09, 0x70, 0x61,
  0x70, 0x61, 0x77, 0x0a, 0x34, 0x35, 0x31, 0x32, 0x33, 0x09, 0x70, 0x61,
  0x70, 0x65, 0x72, 0x0a, 0x34, 0x35, 0x31, 0x32, 0x34, 0x09, 0x70, 0x61,
  0x70, 0x70, 0x79, 0x0a, 0x34, 0x35, 0x31, 0x32, 0x35, 0x09, 0x70, 0x61,
  0x70, 0x75, 0x61, 0x0a, 0x34, 0x35, 0x31, 0x32, 0x36, 0x09, 0x70, 0x61,
  0x72, 0x0a, 0x34, 0x35, 0x31, 0x33, 0x31, 0x09, 0x70, 0x61, 0x72, 0x63,
  0x68, 0x0a, 0x34, 0x35, 0x31, 0x33, 0x32, 0x09, 0x70, 0x61, 0x72, 0x64,
  0x6f, 0x6e, 0x0a, 0x34, 0x35, 0x31, 0x33, 0x33, 0x09, 0x70, 0x61, 0x72,
  0x65, 0x0a, 0x34, 0x35, 0x31, 0x33, 0x34, 0x09, 0x70, 0x61, 0x72, 0x65,
  0x74, 0x6f, 0x0a, 0x34, 0x35, 0x31, 0x33, 0x35, 0x09, 0x70, 0x61, 0x72,
  0x69, 0x73, 0x0a, 0x34, 0x35, 0x31, 0x33, 0x36, 0x09, 0x70, 0x61, 0x72,
  0x6b, 0x0a, 0x34, 0x35, 0x31, 0x34, 0x31, 0x09, 0x70, 0x61, 0x72, 0x6b,
  0x65, 0x0a, 0x34, 0x35, 0x31, 0x34, 0x32, 0x09, 0x70, 0x61, 0x72, 0x6b,
  0x73, 0x0a, 0x34, 0x35, 0x31, 0x34, 0x33, 0x09, 0x70, 0x61, 0x72, 0x72,
  0x0a, 0x34, 0x35, 0x31, 0x34, 0x34, 0x09, 0x70, 0x61, 0x72, 0x72, 0x79,
  0x0a, 0x34, 0x35, 0x31, 0x34, 0x35, 0x09, 0x70, 0x61, 0x72, 0x73, 0x65,
  0x0a, 0x34, 0x35, 0x31, 0x34, 0x36, 0x09, 0x70, 0x61, 0x72, 0x74, 0x0a,
  0x34, 0x35, 0x31, 0x35, 0x31, 0x09, 0x70, 0x61, 0x72, 0x74, 0x79, 0x0a,
  0x34, 0x35, 0x31, 0x35, 0x32, 0x09, 0x70, 0x61, 0x73, 0x63, 0x61, 0x6c,
  0x0a, 0x34, 0x35, 0x31, 0x35, 0x33, 0x09, 0x70, 0x61, 0x73, 0x68, 0x61,
  0x0a, 0x34, 0x35, 0x31, 0x35, 0x34, 0x09, 0x70, 0x61, 0x73, 0x6f, 0x0a,
  0x34, 0x35, 0x31, 0x35, 0x35, 0x09, 0x70, 0x61, 0x73, 0x73, 0x0a, 0x34,
  0x35, 0x31, 0x35, 0x36, 0x09, 0x70, 0x61, 0x73, 0x73, 0x65, 0x0a, 0x34,
  0x35, 0x31, 0x36, 0x31, 0x09, 0x70, 0x61, 0x73, 0x74, 0x0a, 0x34, 0x35,
  0x31, 0x36, 0x32, 0x09, 0x70, 0x61, 0x73, 0x74, 0x65, 0x0a, 0x34, 0x35,
  0x31, 0x36, 0x33, 0x09, 0x70, 0x61, 0x73, 0x74, 0x79, 0x0a, 0x34, 0x35,
  0x31, 0x36, 0x34, 0x09, 0x70, 0x61, 0x74, 0x0a, 0x34, 0x35, 0x31, 0x36,
  0x35, 0x09, 0x70, 0x61, 0x74, 0x63, 0x68, 0x0a, 0x34, 0x35, 0x31, 0x36,
  0x36, 0x09, 0x70, 0x61, 0x74, 0x65, 0x0a, 0x34, 0x35, 0x32, 0x31, 0x31,
  0x09, 0x70, 0x61, 0x74, 0x65, 0x72, 0x0a, 0x34, 0x35, 0x32, 0x31, 0x32,
  0x09, 0x70, 0x61, 0x74, 0x68, 0x0a, 0x34, 0x35, 0x32, 0x31, 0x33, 0x09,
  0x70, 0x61, 0x74, 0x69, 0x6f, 0x0a, 0x34, 0x35, 0x32, 0x31, 0x34, 0x09,
  0x70, 0x61, 0x74, 0x73, 0x79, 0x0a, 0x34, 0x35, 0x32, 0x31, 0x35, 0x09,
  0x70, 0x61, 0x74, 0x74, 0x69, 0x0a, 0x34, 0x35, 0x32, 0x31, 0x36, 0x09,
  0x70, 0x61, 0x74, 0x74, 0x6f, 0x6e, 0x0a, 0x34, 0x35, 0x32, 0x32, 0x31,
  0x09, 0x70, 0x61, 0x74, 0x74, 0x79, 0x0a, 0x34, 0x35, 0x32, 0x32, 0x32,
  0x09, 0x70, 0x61, 0x75, 0x6c, 0x0a, 0x34, 0x35, 0x32, 0x32, 0x33, 0x09,
  0x70, 0x61, 0x75, 0x6c, 0x61, 0x0a, 0x34, 0x35, 0x32, 0x32, 0x34, 0x09,
  0x70, 0x61, 0x75, 0x6c, 0x69, 0x0a, 0x34, 0x35, 0x32, 0x32, 0x35, 0x09,
  0x70, 0x61, 0x75, 0x6c, 0x6f, 0x0a, 0x34, 0x35, 0x32, 0x32, 0x36, 0x09,
  0x70, 0x61, 0x75, 0x73, 0x65, 0x0a, 0x34, 0x35, 0x32, 0x33, 0x31, 0x09,
  0x70, 0x61, 0x76, 0x65, 0x0a, 0x34, 0x35, 0x32, 0x33, 0x32, 0x09, 0x70,
  0x61, 0x77, 0x0a, 0x34, 0x35, 0x32, 0x33, 0x33, 0x09, 0x70, 0x61, 0x77,
  0x6e, 0x0a, 0x34, 0x35, 0x32, 0x33, 0x34, 0x09, 0x70, 0x61, 0x78, 0x0a,
  0x34, 0x35, 0x32, 0x33, 0x35, 0x09, 0x70, 0x61, 0x79, 0x0a, 0x34, 0x35,
  0x32, 0x33, 0x36, 0x09, 0x70, 0x61, 0x79, 0x64, 0x61, 0x79, 0x0a, 0x34,
  0x35, 0x32, 0x34, 0x31, 0x09, 0x70, 0x61, 0x79, 0x6e, 0x65, 0x0a, 0x34,
  0x35, 0x32, 0x34, 0x32, 0x09, 0x70, 0x61, 0x7a, 0x0a, 0x34, 0x35, 0x32,
  0x34, 0x33, 0x09, 0x70, 0x62, 0x0a, 0x34, 0x35, 0x32, 0x34, 0x34, 0x09,
  0x70, 0x62, 0x73, 0x0a, 0x34, 0x35, 0x32, 0x34, 0x35, 0x09, 0x70, 0x63,
  0x0a, 0x34, 0x35, 0x32, 0x34, 0x36, 0x09, 0x70, 0x64, 0x0a, 0x34, 0x35,
  0x32, 0x35, 0x31, 0x09, 0x70, 0x65, 0x0a, 0x34, 0x35, 0x32, 0x35, 0x32,
  0x09, 0x70, 0x65, 0x61, 0x0a, 0x34, 0x35, 0x32, 0x35, 0x33, 0x09, 0x70,
  0x65, 0x61, 0x63, 0x65, 0x0a, 0x34, 0x35, 0x32, 0x35, 0x34, 0x09, 0x70,
  0x65, 0x61, 0x63, 0x68, 0x0a, 0x34, 0x35, 0x32, 0x35, 0x35, 0x09, 0x70,
  0x65, 0x61, 0x6b, 0x0a, 0x34, 0x35, 0x32, 0x35, 0x36, 0x09, 0x70, 0x65,
  0x61, 0x6b, 0x79, 0x0a, 0x34, 0x35, 0x32, 0x36, 0x31, 0x09, 0x70, 0x65,
  0x61, 0x6c, 0x0a, 0x34, 0x35, 0x32, 0x36, 0x32, 0x09, 0x70, 0x65, 0x61,
  0x6c, 0x65, 0x0a, 0x34, 0x35, 0x32, 0x36, 0x33, 0x09, 0x70, 0x65, 0x61,
  0x72, 0x0a, 0x34, 0x35, 0x32, 0x36, 0x34, 0x09, 0x70, 0x65, 0x61, 0x72,
  0x6c, 0x0a, 0x34, 0x35, 0x32, 0x36, 0x35, 0x09, 0x70, 0x65, 0x61, 0x73,
  0x65, 0x0a, 0x34, 0x35, 0x32, 0x36, 0x36, 0x09, 0x70, 0x65, 0x61, 0x74,
  0x0a, 0x34, 0x35, 0x33, 0x31, 0x31, 0x09, 0x70, 0x65, 0x62, 0x62, 0x6c,
  0x65, 0x0a, 0x34, 0x35, 0x33, 0x31, 0x32, 0x09, 0x70, 0x65, 0x63, 0x61,
  0x6e, 0x0a, 0x34, 0x35, 0x33, 0x31, 0x33, 0x09, 0x70, 0x65, 0x63, 0x6b,
  0x0a, 0x34, 0x35, 0x33, 0x31, 0x34, 0x09, 0x70, 0x65, 0x63, 0x6f, 0x73,
  0x0a, 0x34, 0x35, 0x33, 0x31, 0x35, 0x09, 0x70, 0x65, 0x64, 0x61, 0x6c,
  0x0a, 0x34, 0x35, 0x33, 0x31, 0x36, 0x09, 0x70, 0x65, 0x64, 0x72, 0x6f,
  0x0a, 0x34, 0x35, 0x33, 0x32, 0x31, 0x09, 0x70, 0x65, 0x65, 0x0a, 0x34,
  0x35, 0x33, 0x32, 0x32, 0x09, 0x70, 0x65, 0x65, 0x64, 0x0a, 0x34, 0x35,
  0x33, 0x32, 0x33, 0x09, 0x70, 0x65, 0x65, 0x6b, 0x0a, 0x34, 0x35, 0x33,
  0x32, 0x34, 0x09, 0x70, 0x65, 0x65, 0x6c, 0x0a, 0x34, 0x35, 0x33, 0x32,
  0x35, 0x09, 0x70, 0x65, 0x65, 0x70, 0x0a, 0x34, 0x35, 0x33, 0x32, 0x36,
  0x09, 0x70, 0x65, 0x65, 0x70, 0x79, 0x0a, 0x34, 0x35, 0x33, 0x33, 0x31,
  0x09, 0x70, 0x65, 0x65, 0x72, 0x0a, 0x34, 0x35, 0x33, 0x33, 0x32, 0x09,
  0x70, 0x65, 0x67, 0x0a, 0x34, 0x35, 0x33, 0x33, 0x33, 0x09, 0x70, 0x65,
  0x67, 0x67, 0x79, 0x0a, 0x34, 0x35, 0x33, 0x33, 0x34, 0x09, 0x70, 0x65,
  0x6c, 0x74, 0x0a, 0x34, 0x35, 0x33, 0x33, 0x35, 0x09, 0x70, 0x65, 0x6e,
  0x0a, 0x34, 0x35, 0x33, 0x33, 0x36, 0x09, 0x70, 0x65, 0x6e, 0x61, 0x6c,
  0x0a, 0x34, 0x35, 0x33, 0x34, 0x31, 0x09, 0x70, 0x65, 0x6e, 0x63, 0x65,
  0x0a, 0x34, 0x35, 0x33, 0x34, 0x32, 0x09, 0x70, 0x65, 0x6e, 0x63, 0x69,
  0x6c, 0x0a, 0x34, 0x35, 0x33, 0x34, 0x33, 0x09, 0x70, 0x65, 0x6e, 0x64,
  0x0a, 0x34, 0x35, 0x33, 0x34, 0x34, 0x09, 0x70, 0x65, 0x6e, 0x68, 0x0a,
  0x34, 0x35, 0x33, 0x34, 0x35, 0x09, 0x70, 0x65, 0x6e, 0x6e, 0x0a, 0x34,
  0x35, 0x33, 0x34, 0x36, 0x09, 0x70, 0x65, 0x6e, 0x6e, 0x61, 0x0a, 0x34,
  0x35, 0x33, 0x35, 0x31, 0x09, 0x70, 0x65, 0x6e, 0x6e, 0x79, 0x0a, 0x34,
  0x35, 0x33, 0x35, 0x32, 0x09, 0x70, 0x65, 0x6e, 0x74, 0x0a, 0x34, 0x35,
  0x33, 0x35, 0x33, 0x09, 0x70, 0x65, 0x6f, 0x6e, 0x79, 0x0a, 0x34, 0x35,
  0x33, 0x35, 0x34, 0x09, 0x70, 0x65, 0x70, 0x0a, 0x34, 0x35, 0x33, 0x35,
  0x35, 0x09, 0x70, 0x65, 0x70, 0x70, 0x79, 0x0a, 0x34, 0x35, 0x33, 0x35,
  0x36, 0x09, 0x70, 0x65, 0x70, 0x73, 0x69, 0x0a, 0x34, 0x35, 0x33, 0x36,
  0x31, 0x09, 0x70, 0x65, 0x72, 0x0a, 0x34, 0x35, 0x33, 0x36, 0x32, 0x09,
  0x70, 0x65, 0x72, 0x63, 0x68, 0x0a, 0x34, 0x35, 0x33, 0x36, 0x33, 0x09,
  0x70, 0x65, 0x72, 0x63, 0x79, 0x0a, 0x34, 0x35, 0x33, 0x36, 0x34, 0x09,
  0x70, 0x65, 0x72, 0x65, 0x7a, 0x0a, 0x34, 0x35, 0x33, 0x36, 0x35, 0x09,
  0x70, 0x65, 0x72, 0x69, 0x6c, 0x0a, 0x34, 0x35, 0x33, 0x36, 0x36, 0x09,
  0x70, 0x65, 0x72, 0x6b, 0x0a, 0x34, 0x35, 0x34, 0x31, 0x31, 0x09, 0x70,
  0x65, 0x72, 0x6b, 0x79, 0x0a, 0x34, 0x35, 0x34, 0x31, 0x32, 0x09, 0x70,
  0x65, 0x72, 0x6c, 0x65, 0x0a, 0x34, 0x35, 0x34, 0x31, 0x33, 0x09, 0x70,
  0x65, 0x72, 0x72, 0x79, 0x0a, 0x34, 0x35, 0x34, 0x31, 0x34, 0x09, 0x70,
  0x65, 0x72, 0x73, 0x69, 0x61, 0x0a, 0x34, 0x35, 0x34, 0x31, 0x35, 0x09,
  0x70, 0x65, 0x72, 0x74, 0x0a, 0x34, 0x35, 0x34, 0x31, 0x36, 0x09, 0x70,
  0x65, 0x72, 0x74, 0x68, 0x0a, 0x34, 0x35, 0x34, 0x32, 0x31, 0x09, 0x70,
  0x65, 0x72, 0x75, 0x0a, 0x34, 0x35, 0x34, 0x32, 0x32, 0x09, 0x70, 0x65,
  0x72, 0x75, 0x73, 0x65, 0x0a, 0x34, 0x35, 0x34, 0x32, 0x33, 0x09, 0x70,
  0x65, 0x73, 0x74, 0x0a, 0x34, 0x35, 0x34, 0x32, 0x34, 0x09, 0x70, 0x65,
  0x73, 0x74, 0x65, 0x0a, 0x34, 0x35, 0x34, 0x32, 0x35, 0x09, 0x70, 0x65,
  0x74, 0x0a, 0x34, 0x35, 0x34, 0x32, 0x36, 0x09, 0x70, 0x65, 0x74, 0x61,
  0x6c, 0x0a, 0x34, 0x35, 0x34, 0x33, 0x31, 0x09, 0x70, 0x65, 0x74, 0x65,
  0x0a, 0x34, 0x35, 0x34, 0x33, 0x32, 0x09, 0x70, 0x65, 0x74, 0x65, 0x72,
  0x0a, 0x34, 0x35, 0x34, 0x33, 0x33, 0x09, 0x70, 0x65, 0x74, 0x69, 0x74,
  0x0a, 0x34, 0x35, 0x34, 0x33, 0x34, 0x09, 0x70, 0x65, 0x74, 0x72, 0x69,
  0x0a, 0x34, 0x35, 0x34, 0x33, 0x35, 0x09, 0x70, 0x65, 0x74, 0x74, 0x79,
  0x0a, 0x34, 0x35, 0x34, 0x33, 0x36, 0x09, 0x70, 0x65, 0x77, 0x0a, 0x34,
  0x35, 0x34, 0x34, 0x31, 0x09, 0x70, 0x65, 0x77, 0x65, 0x65, 0x0a, 0x34,
  0x35, 0x34, 0x34, 0x32, 0x09, 0x70, 0x66, 0x0a, 0x34, 0x35, 0x34, 0x34,
  0x33, 0x09, 0x70, 0x67, 0x0a, 0x34, 0x35, 0x34, 0x34, 0x34, 0x09, 0x70,
  0x68, 0x0a, 0x34, 0x35, 0x34, 0x34, 0x35, 0x09, 0x70, 0x68, 0x2e, 0x64,
  0x0a, 0x34, 0x35, 0x34, 0x34, 0x36, 0x09, 0x70, 0x68, 0x61, 0x67, 0x65,
  0x0a, 0x34, 0x35, 0x34, 0x35, 0x31, 0x09, 0x70, 0x68, 0x61, 0x73, 0x65,
  0x0a, 0x34, 0x35, 0x34, 0x35, 0x32, 0x09, 0x70, 0x68, 0x64, 0x0a, 0x34,
  0x35, 0x34, 0x35, 0x33, 0x09, 0x70, 0x68, 0x65, 0x6e, 0x6f, 0x6c, 0x0a,
  0x34, 0x35, 0x34, 0x35, 0x34, 0x09, 0x70, 0x68, 0x69, 0x0a, 0x34, 0x35,
  0x34, 0x35, 0x35, 0x09, 0x70, 0x68, 0x69, 0x6c, 0x0a, 0x34, 0x35, 0x34,
  0x35, 0x36, 0x09, 0x70, 0x68, 0x6c, 0x6f, 0x78, 0x0a, 0x34, 0x35, 0x34,
  0x36, 0x31, 0x09, 0x70, 0x68, 0x6f, 0x6e, 0x0a, 0x34, 0x35, 0x34, 0x36,
  0x32, 0x09, 0x70, 0x68, 0x6f, 0x6e, 0x65, 0x0a, 0x34, 0x35, 0x34, 0x36,
  0x33, 0x09, 0x70, 0x68, 0x6f, 0x6e, 0x79, 0x0a, 0x34, 0x35, 0x34, 0x36,
  0x34, 0x09, 0x70, 0x68, 0x6f, 0x74, 0x6f, 0x0a, 0x34, 0x35, 0x34, 0x36,
  0x35, 0x09, 0x70, 0x68, 0x79, 0x6c, 0x61, 0x0a, 0x34, 0x35, 0x34, 0x36,
  0x36, 0x09, 0x70, 0x68, 0x79, 0x73, 0x69, 0x63, 0x0a, 0x34, 0x35, 0x35,
  0x31, 0x31, 0x09, 0x70, 0x69, 0x0a, 0x34, 0x35, 0x35, 0x31, 0x32, 0x09,
  0x70, 0x69, 0x61, 0x6e, 0x6f, 0x0a, 0x34, 0x35, 0x35, 0x31, 0x33, 0x09,
  0x70, 0x69, 0x63, 0x61, 0x0a, 0x34, 0x35, 0x35, 0x31, 0x34, 0x09, 0x70,
  0x69, 0x63, 0x6b, 0x0a, 0x34, 0x35, 0x35, 0x31, 0x35, 0x09, 0x70, 0x69,
  0x63, 0x6b, 0x75, 0x70, 0x0a, 0x34, 0x35, 0x35, 0x31, 0x36, 0x09, 0x70,
  0x69, 0x63, 0x6b, 0x79, 0x0a, 0x34, 0x35, 0x35, 0x32, 0x31, 0x09, 0x70,
  0x69, 0x65, 0x0a, 0x34, 0x35, 0x35, 0x32, 0x32, 0x09, 0x70, 0x69, 0x65,
  0x63, 0x65, 0x0a, 0x34, 0x35, 0x35, 0x32, 0x33, 0x09, 0x70, 0x69, 0x65,
  0x72, 0x0a, 0x34, 0x35, 0x35, 0x32, 0x34, 0x09, 0x70, 0x69, 0x65, 0x72,
  0x63, 0x65, 0x0a, 0x34, 0x35, 0x35, 0x32, 0x35, 0x09, 0x70, 0x69, 0x65,
  0x74, 0x79, 0x0a, 0x34, 0x35, 0x35, 0x32, 0x36, 0x09, 0x70, 0x69, 0x67,
  0x0a, 0x34, 0x35, 0x35, 0x33, 0x31, 0x09, 0x70, 0x69, 0x67, 0x67, 0x79,
  0x0a, 0x34, 0x35, 0x35, 0x33, 0x32, 0x09, 0x70, 0x69, 0x6b, 0x65, 0x0a,
  0x34, 0x35, 0x35, 0x33, 0x33, 0x09, 0x70, 0x69, 0x6c, 0x65, 0x0a, 0x34,
  0x35, 0x35, 0x33, 0x34, 0x09, 0x70, 0x69, 0x6c, 0x6c, 0x0a, 0x34, 0x35,
  0x35, 0x33, 0x35, 0x09, 0x70, 0x69, 0x6c, 0x6f, 0x74, 0x0a, 0x34, 0x35,
  0x35, 0x33, 0x36, 0x09, 0x70, 0x69, 0x6d, 0x70, 0x0a, 0x34, 0x35, 0x35,
  0x34, 0x31, 0x09, 0x70, 0x69, 0x6e, 0x0a, 0x34, 0x35, 0x35, 0x34, 0x32,
  0x09, 0x70, 0x69, 0x6e, 0x63, 0x68, 0x0a, 0x34, 0x35, 0x35, 0x34, 0x33,
  0x09, 0x70, 0x69, 0x6e, 0x65, 0x0a, 0x34, 0x35, 0x35, 0x34, 0x34, 0x09,
  0x70, 0x69, 0x6e, 0x67, 0x0a, 0x34, 0x35, 0x35, 0x34, 0x35, 0x09, 0x70,
  0x69, 0x6e, 0x69, 0x6f, 0x6e, 0x0a, 0x34, 0x35, 0x35, 0x34, 0x36, 0x09,
  0x70, 0x69, 0x6e, 0x6b, 0x0a, 0x34, 0x35, 0x35, 0x35, 0x31, 0x09, 0x70,
  0x69, 0x6e, 0x74, 0x0a, 0x34, 0x35, 0x35, 0x35, 0x32, 0x09, 0x70, 0x69,
  0x6e, 0x74, 0x6f, 0x0a, 0x34, 0x35, 0x35, 0x35, 0x33, 0x09, 0x70, 0x69,
  0x6f, 0x6e, 0x0a, 0x34, 0x35, 0x35, 0x35, 0x34, 0x09, 0x70, 0x69, 0x6f,
  0x74, 0x72, 0x0a, 0x34, 0x35, 0x35, 0x35, 0x35, 0x09, 0x70, 0x69, 0x6f,
  0x75, 0x73, 0x0a, 0x34, 0x35, 0x35, 0x35, 0x36, 0x09, 0x70, 0x69, 0x70,
  0x0a, 0x34, 0x35, 0x35, 0x36, 0x31, 0x09, 0x70, 0x69, 0x70, 0x65, 0x0a,
  0x34, 0x35, 0x35, 0x36, 0x32, 0x09, 0x70, 0x69, 0x70, 0x65, 0x72, 0x0a,
  0x34, 0x35, 0x35, 0x36, 0x33, 0x09, 0x70, 0x69, 0x71, 0x75, 0x65, 0x0a,
  0x34, 0x35, 0x35, 0x36, 0x34, 0x09, 0x70, 0x69, 0x74, 0x0a, 0x34, 0x35,
  0x35, 0x36, 0x35, 0x09, 0x70, 0x69, 0x74, 0x63, 0x68, 0x0a, 0x34, 0x35,
  0x35, 0x36, 0x36, 0x09, 0x70, 0x69, 0x74, 0x68, 0x0a, 0x34, 0x35, 0x36,
  0x31, 0x31, 0x09, 0x70, 0x69, 0x74, 0x68, 0x79, 0x0a, 0x34, 0x35, 0x36,
  0x31, 0x32, 0x09, 0x70, 0x69, 0x74, 0x6e, 0x65, 0x79, 0x0a, 0x34, 0x35,
  0x36, 0x31, 0x33, 0x09, 0x70, 0x69, 0x74, 0x74, 0x0a, 0x34, 0x35, 0x36,
  0x31, 0x34, 0x09, 0x70, 0x69, 0x74, 0x79, 0x0a, 0x34, 0x35, 0x36, 0x31,
  0x35, 0x09, 0x70, 0x69, 0x75, 0x73, 0x0a, 0x34, 0x35, 0x36, 0x31, 0x36,
  0x09, 0x70, 0x69, 0x76, 0x6f, 0x74, 0x0a, 0x34, 0x35, 0x36, 0x32, 0x31,
  0x09, 0x70, 0x69, 0x78, 0x65, 0x6c, 0x0a, 0x34, 0x35, 0x36, 0x32, 0x32,
  0x09, 0x70, 0x69, 0x78, 0x79, 0x0a, 0x34, 0x35, 0x36, 0x32, 0x33, 0x09,
  0x70, 0x69, 0x7a, 0x7a, 0x61, 0x0a, 0x34, 0x35, 0x36, 0x32, 0x34, 0x09,
  0x70, 0x6a, 0x0a, 0x34, 0x35, 0x36, 0x32, 0x35, 0x09, 0x70, 0x6b, 0x0a,
  0x34, 0x35, 0x36, 0x32, 0x36, 0x09, 0x70, 0x6c, 0x0a, 0x34, 0x35, 0x36,
  0x33, 0x31, 0x09, 0x70, 0x6c, 0x61, 0x63, 0x65, 0x0a, 0x34, 0x35, 0x36,
  0x33, 0x32, 0x09, 0x70, 0x6c, 0x61, 0x67, 0x75, 0x65, 0x0a, 0x34, 0x35,
  0x36, 0x33, 0x33, 0x09, 0x70, 0x6c, 0x61, 0x69, 0x64, 0x0a, 0x34, 0x35,
  0x36, 0x33, 0x34, 0x09, 0x70, 0x6c, 0x61, 0x69, 0x6e, 0x0a, 0x34, 0x35,
  0x36, 0x33, 0x35, 0x09, 0x70, 0x6c, 0x61, 0x6e, 0x0a, 0x34, 0x35, 0x36,
  0x33, 0x36, 0x09, 0x70, 0x6c, 0x61, 0x6e, 0x65, 0x0a, 0x34, 0x35, 0x36,
  0x34, 0x31, 0x09, 0x70, 0x6c, 0x61, 0x6e, 0x6b, 0x0a, 0x34, 0x35, 0x36,
  0x34, 0x32, 0x09, 0x70, 0x6c, 0x61, 0x6e, 0x74, 0x0a, 0x34, 0x35, 0x36,
  0x34, 0x33, 0x09, 0x70, 0x6c, 0x61, 0x73, 0x6d, 0x0a, 0x34, 0x35, 0x36,
  0x34, 0x34, 0x09, 0x70, 0x6c, 0x61, 0x74, 0x0a, 0x34, 0x35, 0x36, 0x34,
  0x35, 0x09, 0x70, 0x6c, 0x61, 0x74, 0x65, 0x0a, 0x34, 0x35, 0x36, 0x34,
  0x36, 0x09, 0x70, 0x6c, 0x61, 0x74, 0x6f, 0x0a, 0x34, 0x35, 0x36, 0x35,
  0x31, 0x09, 0x70, 0x6c, 0x61, 0x79, 0x0a, 0x34, 0x35, 0x36, 0x35, 0x32,
  0x09, 0x70, 0x6c, 0x61, 0x79, 0x61, 0x0a, 0x34, 0x35, 0x36, 0x35, 0x33,
  0x09, 0x70, 0x6c, 0x61, 0x7a, 0x61, 0x0a, 0x34, 0x35, 0x36, 0x35, 0x34,
  0x09, 0x70, 0x6c, 0x65, 0x61, 0x0a, 0x34, 0x35, 0x36, 0x35, 0x35, 0x09,
  0x70, 0x6c, 0x65, 0x61, 0x64, 0x0a, 0x34, 0x35, 0x36, 0x35, 0x36, 0x09,
  0x70, 0x6c, 0x65, 0x61, 0x74, 0x0a, 0x34, 0x35, 0x36, 0x36, 0x31, 0x09,
  0x70, 0x6c, 0x65, 0x64, 0x67, 0x65, 0x0a, 0x34, 0x35, 0x36, 0x36, 0x32,
  0x09, 0x70, 0x6c, 0x69, 0x6e, 0x79, 0x0a, 0x34, 0x35, 0x36, 0x36, 0x33,
  0x09, 0x70, 0x6c, 0x6f, 0x64, 0x0a, 0x34, 0x35, 0x36, 0x36, 0x34, 0x09,
  0x70, 0x6c, 0x6f, 0x70, 0x0a, 0x34, 0x35, 0x36, 0x36, 0x35, 0x09, 0x70,
  0x6c, 0x6f, 0x74, 0x0a, 0x34, 0x35, 0x36, 0x36, 0x36, 0x09, 0x70, 0x6c,
  0x6f, 0x77, 0x0a, 0x34, 0x36, 0x31, 0x31, 0x31, 0x09, 0x70, 0x6c, 0x75,
  0x63, 0x6b, 0x0a, 0x34, 0x36, 0x31, 0x31, 0x32, 0x09, 0x70, 0x6c, 0x75,
  0x67, 0x0a, 0x34, 0x36, 0x31, 0x31, 0x33, 0x09, 0x70, 0x6c, 0x75, 0x6d,
  0x0a, 0x34, 0x36, 0x31, 0x31, 0x34, 0x09, 0x70, 0x6c, 0x75, 0x6d, 0x62,
  0x0a, 0x34, 0x36, 0x31, 0x31, 0x35, 0x09, 0x70, 0x6c, 0x75, 0x6d, 0x65,
  0x0a, 0x34, 0x36, 0x31, 0x31, 0x36, 0x09, 0x70, 0x6c, 0x75, 0x6d, 0x70,
  0x0a, 0x34, 0x36, 0x31, 0x32, 0x31, 0x09, 0x70, 0x6c, 0x75, 0x6e, 0x6b,
  0x0a, 0x34, 0x36, 0x31, 0x32, 0x32, 0x09, 0x70, 0x6c, 0x75, 0x73, 0x0a,
  0x34, 0x36, 0x31, 0x32, 0x33, 0x09, 0x70, 0x6c, 0x75, 0x73, 0x68, 0x0a,
  0x34, 0x36, 0x31, 0x32, 0x34, 0x09, 0x70, 0x6c, 0x75, 0x73, 0x68, 0x79,
  0x0a, 0x34, 0x36, 0x31, 0x32, 0x35, 0x09, 0x70, 0x6c, 0x75, 0x74, 0x6f,
  0x0a, 0x34, 0x36, 0x31, 0x32, 0x36, 0x09, 0x70, 0x6c, 0x79, 0x0a, 0x34,
  0x36, 0x31, 0x33, 0x31, 0x09, 0x70, 0x6d, 0x0a, 0x34, 0x36, 0x31, 0x33,
  0x32, 0x09, 0x70, 0x6e, 0x0a, 0x34, 0x36, 0x31, 0x33, 0x33, 0x09, 0x70,
  0x6f, 0x0a, 0x34, 0x36, 0x31, 0x33, 0x34, 0x09, 0x70, 0x6f, 0x61, 0x63,
  0x68, 0x0a, 0x34, 0x36, 0x31, 0x33, 0x35, 0x09, 0x70, 0x6f, 0x62, 0x6f,
  0x78, 0x0a, 0x34, 0x36, 0x31, 0x33, 0x36, 0x09, 0x70, 0x6f, 0x64, 0x0a,
  0x34, 0x36, 0x31, 0x34, 0x31, 0x09, 0x70, 0x6f, 0x64, 0x67, 0x65, 0x0a,
  0x34, 0x36, 0x31, 0x34, 0x32, 0x09, 0x70, 0x6f, 0x64, 0x69, 0x61, 0x0a,
  0x34, 0x36, 0x31, 0x34, 0x33, 0x09, 0x70, 0x6f, 0x65, 0x0a, 0x34, 0x36,
  0x31, 0x34, 0x34, 0x09, 0x70, 0x6f, 0x65, 0x6d, 0x0a, 0x34, 0x36, 0x31,
  0x34, 0x35, 0x09, 0x70, 0x6f, 0x65, 0x73, 0x79, 0x0a, 0x34, 0x36, 0x31,
  0x34, 0x36, 0x09, 0x70, 0x6f, 0x65, 0x74, 0x0a, 0x34, 0x36, 0x31, 0x35,
  0x31, 0x09, 0x70, 0x6f, 0x65, 0x74, 0x72, 0x79, 0x0a, 0x34, 0x36, 0x31,
  0x35, 0x32, 0x09, 0x70, 0x6f, 0x67, 0x6f, 0x0a, 0x34, 0x36, 0x31, 0x35,
  0x33, 0x09, 0x70, 0x6f, 0x69, 0x0a, 0x34, 0x36, 0x31, 0x35, 0x34, 0x09,
  0x70, 0x6f, 0x69, 0x6e, 0x74, 0x0a, 0x34, 0x36, 0x31, 0x35, 0x35, 0x09,
  0x70, 0x6f, 0x69, 0x73, 0x65, 0x0a, 0x34, 0x36, 0x31, 0x35, 0x36, 0x09,
  0x70, 0x6f, 0x6b, 0x65, 0x0a, 0x34, 0x36, 0x31, 0x36, 0x31, 0x09, 0x70,
  0x6f, 0x6c, 0x0a, 0x34, 0x36, 0x31, 0x36, 0x32, 0x09, 0x70, 0x6f, 0x6c,
  0x61, 0x72, 0x0a, 0x34, 0x36, 0x31, 0x36, 0x33, 0x09, 0x70, 0x6f, 0x6c,
  0x65, 0x0a, 0x34, 0x36, 0x31, 0x36, 0x34, 0x09, 0x70, 0x6f, 0x6c, 0x69,
  0x63, 0x65, 0x0a, 0x34, 0x36, 0x31, 0x36, 0x35, 0x09, 0x70, 0x6f, 0x6c,
  0x69, 0x6f, 0x0a, 0x34, 0x36, 0x31, 0x36, 0x36, 0x09, 0x70, 0x6f, 0x6c,
  0x69, 0x73, 0x0a, 0x34, 0x36, 0x32, 0x31, 0x31, 0x09, 0x70, 0x6f, 0x6c,
  0x6b, 0x0a, 0x34, 0x36, 0x32, 0x31, 0x32, 0x09, 0x70, 0x6f, 0x6c, 0x6b,
  0x61, 0x0a, 0x34, 0x36, 0x32, 0x31, 0x33, 0x09, 0x70, 0x6f, 0x6c, 0x6c,
  0x0a, 0x34, 0x36, 0x32, 0x31, 0x34, 0x09, 0x70, 0x6f, 0x6c, 0x6f, 0x0a,
  0x34, 0x36, 0x32, 0x31, 0x35, 0x09, 0x70, 0x6f, 0x6d, 0x6f, 0x6e, 0x61,
  0x0a, 0x34, 0x36, 0x32, 0x31, 0x36, 0x09, 0x70, 0x6f, 0x6d, 0x70, 0x0a,
  0x34, 0x36, 0x32, 0x32, 0x31, 0x09, 0x70, 0x6f, 0x6e, 0x63, 0x65, 0x0a,
  0x34, 0x36, 0x32, 0x32, 0x32, 0x09, 0x70, 0x6f, 0x6e, 0x64, 0x0a, 0x34,
  0x36, 0x32, 0x32, 0x33, 0x09, 0x70, 0x6f, 0x6e, 0x67, 0x0a, 0x34, 0x36,
  0x32, 0x32, 0x34, 0x09, 0x70, 0x6f, 0x6e, 0x74, 0x0a, 0x34, 0x36, 0x32,
  0x32, 0x35, 0x09, 0x70, 0x6f, 0x6e, 0x79, 0x0a, 0x34, 0x36, 0x32, 0x32,
  0x36, 0x09, 0x70, 0x6f, 0x6f, 0x63, 0x68, 0x0a, 0x34, 0x36, 0x32, 0x33,
  0x31, 0x09, 0x70, 0x6f, 0x6f, 0x68, 0x0a, 0x34, 0x36, 0x32, 0x33, 0x32,
  0x09, 0x70, 0x6f, 0x6f, 0x6c, 0x0a, 0x34, 0x36, 0x32, 0x33, 0x33, 0x09,
  0x70, 0x6f, 0x6f, 0x6c, 0x65, 0x0a, 0x34, 0x36, 0x32, 0x33, 0x34, 0x09,
  0x70, 0x6f, 0x6f, 0x70, 0x0a, 0x34, 0x36, 0x32, 0x33, 0x35, 0x09, 0x70,
  0x6f, 0x6f, 0x72, 0x0a, 0x34, 0x36, 0x32, 0x33, 0x36, 0x09, 0x70, 0x6f,
  0x70, 0x0a, 0x34, 0x36, 0x32, 0x34, 0x31, 0x09, 0x70, 0x6f, 0x70, 0x65,
  0x0a, 0x34, 0x36, 0x32, 0x34, 0x32, 0x09, 0x70, 0x6f, 0x70, 0x70, 0x79,
  0x0a, 0x34, 0x36, 0x32, 0x34, 0x33, 0x09, 0x70, 0x6f, 0x72, 0x63, 0x68,
  0x0a, 0x34, 0x36, 0x32, 0x34, 0x34, 0x09, 0x70, 0x6f, 0x72, 0x65, 0x0a,
  0x34, 0x36, 0x32, 0x34, 0x35, 0x09, 0x70, 0x6f, 0x72, 0x6b, 0x0a, 0x34,
  0x36, 0x32, 0x34, 0x36, 0x09, 0x70, 0x6f, 0x72, 0x6f, 0x75, 0x73, 0x0a,
  0x34, 0x36, 0x32, 0x35, 0x31, 0x09, 0x70, 0x6f, 0x72, 0x74, 0x0a, 0x34,
  0x36, 0x32, 0x35, 0x32, 0x09, 0x70, 0x6f, 0x72, 0x74, 0x65, 0x0a, 0x34,
  0x36, 0x32, 0x35, 0x33, 0x09, 0x70, 0x6f, 0x72, 0x74, 0x69, 0x61, 0x0a,
  0x34, 0x36, 0x32, 0x35, 0x34, 0x09, 0x70, 0x6f, 0x72, 0x74, 0x6f, 0x0a,
  0x34, 0x36, 0x32, 0x35, 0x35, 0x09, 0x70, 0x6f, 0x73, 0x65, 0x0a, 0x34,
  0x36, 0x32, 0x35, 0x36, 0x09, 0x70, 0x6f, 0x73, 0x65, 0x79, 0x0a, 0x34,
  0x36, 0x32, 0x36, 0x31, 0x09, 0x70, 0x6f, 0x73, 0x68, 0x0a, 0x34, 0x36,
  0x32, 0x36, 0x32, 0x09, 0x70, 0x6f, 0x73, 0x69, 0x74, 0x0a, 0x34, 0x36,
  0x32, 0x36, 0x33, 0x09, 0x70, 0x6f, 0x73, 0x73, 0x65, 0x0a, 0x34, 0x36,
  0x32, 0x36, 0x34, 0x09, 0x70, 0x6f, 0x73, 0x74, 0x0a, 0x34, 0x36, 0x32,
  0x36, 0x35, 0x09, 0x70, 0x6f, 0x73, 0x79, 0x0a, 0x34, 0x36, 0x32, 0x36,
  0x36, 0x09, 0x70, 0x6f, 0x74, 0x0a, 0x34, 0x36, 0x33, 0x31, 0x31, 0x09,
  0x70, 0x6f, 0x74, 0x74, 0x73, 0x0a, 0x34, 0x36, 0x33, 0x31, 0x32, 0x09,
  0x70, 0x6f, 0x75, 0x63, 0x68, 0x0a, 0x34, 0x36, 0x33, 0x31, 0x33, 0x09,
  0x70, 0x6f, 0x75, 0x6e, 0x64, 0x0a, 0x34, 0x36, 0x33, 0x31, 0x34, 0x09,
  0x70, 0x6f, 0x75, 0x72, 0x0a, 0x34, 0x36, 0x33, 0x31, 0x35, 0x09, 0x70,
  0x6f, 0x75, 0x74, 0x0a, 0x34, 0x36, 0x33, 0x31, 0x36, 0x09, 0x70, 0x6f,
  0x77, 0x0a, 0x34, 0x36, 0x33, 0x32, 0x31, 0x09, 0x70, 0x6f, 0x77, 0x64,
  0x65, 0x72, 0x0a, 0x34, 0x36, 0x33, 0x32, 0x32, 0x09, 0x70, 0x6f, 0x77,
  0x65, 0x72, 0x0a, 0x34, 0x36, 0x33, 0x32, 0x33, 0x09, 0x70, 0x70, 0x0a,
  0x34, 0x36, 0x33, 0x32, 0x34, 0x09, 0x70, 0x70, 0x6d, 0x0a, 0x34, 0x36,
  0x33, 0x32, 0x35, 0x09, 0x70, 0x70, 0x70, 0x0a, 0x34, 0x36, 0x33, 0x32,
  0x36, 0x09, 0x70, 0x70, 0x70, 0x70, 0x0a, 0x34, 0x36, 0x33, 0x33, 0x31,
  0x09, 0x70, 0x71, 0x0a, 0x34, 0x36, 0x33, 0x33, 0x32, 0x09, 0x70, 0x71,
  0x72, 0x0a, 0x34, 0x36, 0x33, 0x33, 0x33, 0x09, 0x70, 0x72, 0x0a, 0x34,
  0x36, 0x33, 0x33, 0x34, 0x09, 0x70, 0x72, 0x61, 0x64, 0x6f, 0x0a, 0x34,
  0x36, 0x33, 0x33, 0x35, 0x09, 0x70, 0x72, 0x61, 0x6d, 0x0a, 0x34, 0x36,
  0x33, 0x33, 0x36, 0x09, 0x70, 0x72, 0x61, 0x6e, 0x6b, 0x0a, 0x34, 0x36,
  0x33, 0x34, 0x31, 0x09, 0x70, 0x72, 0x61, 0x74, 0x74, 0x0a, 0x34, 0x36,
  0x33, 0x34, 0x32, 0x09, 0x70, 0x72, 0x61, 0x79, 0x0a, 0x34, 0x36, 0x33,
  0x34, 0x33, 0x09, 0x70, 0x72, 0x65, 0x65, 0x6e, 0x0a, 0x34, 0x36, 0x33,
  0x34, 0x34, 0x09, 0x70, 0x72, 0x65, 0x66, 0x69, 0x78, 0x0a, 0x34, 0x36,
  0x33, 0x34, 0x35, 0x09, 0x70, 0x72, 0x65, 0x70, 0x0a, 0x34, 0x36, 0x33,
  0x34, 0x36, 0x09, 0x70, 0x72, 0x65, 0x73, 0x73, 0x0a, 0x34, 0x36, 0x33,
  0x35, 0x31, 0x09, 0x70, 0x72, 0x65, 0x78, 0x79, 0x0a, 0x34, 0x36, 0x33,
  0x35, 0x32, 0x09, 0x70, 0x72, 0x65, 0x79, 0x0a, 0x34, 0x36, 0x33, 0x35,
  0x33, 0x09, 0x70, 0x72, 0x69, 0x61, 0x6d, 0x0a, 0x34, 0x36, 0x33, 0x35,
  0x34, 0x09, 0x70, 0x72, 0x69, 0x63, 0x65, 0x0a, 0x34, 0x36, 0x33, 0x35,
  0x35, 0x09, 0x70, 0x72, 0x69, 0x63, 0x6b, 0x0a, 0x34, 0x36, 0x33, 0x35,
  0x36, 0x09, 0x70, 0x72, 0x69, 0x64, 0x65, 0x0a, 0x34, 0x36, 0x33, 0x36,
  0x31, 0x09, 0x70, 0x72, 0x69, 0x67, 0x0a, 0x34, 0x36, 0x33, 0x36, 0x32,
  0x09, 0x70, 0x72, 0x69, 0x6d, 0x0a, 0x34, 0x36, 0x33, 0x36, 0x33, 0x09,
  0x70, 0x72, 0x69, 0x6d, 0x61, 0x0a, 0x34, 0x36, 0x33, 0x36, 0x34, 0x09,
  0x70, 0x72, 0x69, 0x6d, 0x65, 0x0a, 0x34, 0x36, 0x33, 0x36, 0x35, 0x09,
  0x70, 0x72, 0x69, 0x6d, 0x70, 0x0a, 0x34, 0x36, 0x33, 0x36, 0x36, 0x09,
  0x70, 0x72, 0x69, 0x6e, 0x63, 0x65, 0x0a, 0x34, 0x36, 0x34, 0x31, 0x31,
  0x09, 0x70, 0x72, 0x69, 0x6e, 0x74, 0x0a, 0x34, 0x36, 0x34, 0x31, 0x32,
  0x09, 0x70, 0x72, 0x69, 0x6f, 0x72, 0x0a, 0x34, 0x36, 0x34, 0x31, 0x33,
  0x09, 0x70, 0x72, 0x69, 0x73, 0x6d, 0x0a, 0x34, 0x36, 0x34, 0x31, 0x34,
  0x09, 0x70, 0x72, 0x69, 0x73, 0x73, 0x79, 0x0a, 0x34, 0x36, 0x34, 0x31,
  0x35, 0x09, 0x70, 0x72, 0x69, 0x76, 0x79, 0x0a, 0x34, 0x36, 0x34, 0x31,
  0x36, 0x09, 0x70, 0x72, 0x69, 0x7a, 0x65, 0x0a, 0x34, 0x36, 0x34, 0x32,
  0x31, 0x09, 0x70, 0x72, 0x6f, 0x0a, 0x34, 0x36, 0x34, 0x32, 0x32, 0x09,
  0x70, 0x72, 0x6f, 0x62, 0x65, 0x0a, 0x34, 0x36, 0x34, 0x32, 0x33, 0x09,
  0x70, 0x72, 0x6f, 0x64, 0x0a, 0x34, 0x36, 0x34, 0x32, 0x34, 0x09, 0x70,
  0x72, 0x6f, 0x66, 0x0a, 0x34, 0x36, 0x34, 0x32, 0x35, 0x09, 0x70, 0x72,
  0x6f, 0x6d, 0x0a, 0x34, 0x36, 0x34, 0x32, 0x36, 0x09, 0x70, 0x72, 0x6f,
  0x6e, 0x65, 0x0a, 0x34, 0x36, 0x34, 0x33, 0x31, 0x09, 0x70, 0x72, 0x6f,
  0x6e, 0x67, 0x0a, 0x34, 0x36, 0x34, 0x33, 0x32, 0x09, 0x70, 0x72, 0x6f,
  0x6f, 0x66, 0x0a, 0x34, 0x36, 0x34, 0x33, 0x33, 0x09, 0x70, 0x72, 0x6f,
  0x70, 0x0a, 0x34, 0x36, 0x34, 0x33, 0x34, 0x09, 0x70, 0x72, 0x6f, 0x70,
  0x79, 0x6c, 0x0a, 0x34, 0x36, 0x34, 0x33, 0x35, 0x09, 0x70, 0x72, 0x6f,
  0x73, 0x65, 0x0a, 0x34, 0x36, 0x34, 0x33, 0x36, 0x09, 0x70, 0x72, 0x6f,
  0x75, 0x64, 0x0a, 0x34, 0x36, 0x34, 0x34, 0x31, 0x09, 0x70, 0x72, 0x6f,
  0x76, 0x65, 0x0a, 0x34, 0x36, 0x34, 0x34, 0x32, 0x09, 0x70, 0x72, 0x6f,
  0x77, 0x0a, 0x34, 0x36, 0x34, 0x34, 0x33, 0x09, 0x70, 0x72, 0x6f, 0x77,
  0x6c, 0x0a, 0x34, 0x36, 0x34, 0x34, 0x34, 0x09, 0x70, 0x72, 0x6f, 0x78,
  0x79, 0x0a, 0x34, 0x36, 0x34, 0x34, 0x35, 0x09, 0x70, 0x72, 0x75, 0x6e,
  0x65, 0x0a, 0x34, 0x36, 0x34, 0x34, 0x36, 0x09, 0x70, 0x72, 0x79, 0x0a,
  0x34, 0x36, 0x34, 0x35, 0x31, 0x09, 0x70, 0x73, 0x0a, 0x34, 0x36, 0x34,
  0x35, 0x32, 0x09, 0x70, 0x73, 0x61, 0x6c, 0x6d, 0x0a, 0x34, 0x36, 0x34,
  0x35, 0x33, 0x09, 0x70, 0x73, 0x69, 0x0a, 0x34, 0x36, 0x34, 0x35, 0x34,
  0x09, 0x70, 0x73, 0x79, 0x63, 0x68, 0x0a, 0x34, 0x36, 0x34, 0x35, 0x35,
  0x09, 0x70, 0x74, 0x0a, 0x34, 0x36, 0x34, 0x35, 0x36, 0x09, 0x70, 0x74,
  0x61, 0x0a, 0x34, 0x36, 0x34, 0x36, 0x31, 0x09, 0x70, 0x75, 0x0a, 0x34,
  0x36, 0x34, 0x36, 0x32, 0x09, 0x70, 0x75, 0x62, 0x0a, 0x34, 0x36, 0x34,
  0x36, 0x33, 0x09, 0x70, 0x75, 0x63, 0x6b, 0x0a, 0x34, 0x36, 0x34, 0x36,
  0x34, 0x09, 0x70, 0x75, 0x64, 0x64, 0x6c, 0x79, 0x0a, 0x34, 0x36, 0x34,
  0x36, 0x35, 0x09, 0x70, 0x75, 0x65, 0x72, 0x74, 0x6f, 0x0a, 0x34, 0x36,
  0x34, 0x36, 0x36, 0x09, 0x70, 0x75, 0x66, 0x66, 0x0a, 0x34, 0x36, 0x35,
  0x31, 0x31, 0x09, 0x70, 0x75, 0x66, 0x66, 0x79, 0x0a, 0x34, 0x36, 0x35,
  0x31, 0x32, 0x09, 0x70, 0x75, 0x67, 0x0a, 0x34, 0x36, 0x35, 0x31, 0x33,
  0x09, 0x70, 0x75, 0x67, 0x68, 0x0a, 0x34, 0x36, 0x35, 0x31, 0x34, 0x09,
  0x70, 0x75, 0x6b, 0x65, 0x0a, 0x34, 0x36, 0x35, 0x31, 0x35, 0x09, 0x70,
  0x75, 0x6c, 0x6c, 0x0a, 0x34, 0x36, 0x35, 0x31, 0x36, 0x09, 0x70, 0x75,
  0x6c, 0x70, 0x0a, 0x34, 0x36, 0x35, 0x32, 0x31, 0x09, 0x70, 0x75, 0x6c,
  0x73, 0x65, 0x0a, 0x34, 0x36, 0x35, 0x32, 0x32, 0x09, 0x70, 0x75, 0x6d,
  0x61, 0x0a, 0x34, 0x36, 0x35, 0x32, 0x33, 0x09, 0x70, 0x75, 0x6d, 0x70,
  0x0a, 0x34, 0x36, 0x35, 0x32, 0x34, 0x09, 0x70, 0x75, 0x6e, 0x0a, 0x34,
  0x36, 0x35, 0x32, 0x35, 0x09, 0x70, 0x75, 0x6e, 0x63, 0x68, 0x0a, 0x34,
  0x36, 0x35, 0x32, 0x36, 0x09, 0x70, 0x75, 0x6e, 0x69, 0x63, 0x0a, 0x34,
  0x36, 0x35, 0x33, 0x31, 0x09, 0x70, 0x75, 0x6e, 0x69, 0x73, 0x68, 0x0a,
  0x34, 0x36, 0x35, 0x33, 0x32, 0x09, 0x70, 0x75, 0x6e, 0x6b, 0x0a, 0x34,
  0x36, 0x35, 0x33, 0x33, 0x09, 0x70, 0x75, 0x6e, 0x6b, 0x79, 0x0a, 0x34,
  0x36, 0x35, 0x33, 0x34, 0x09, 0x70, 0x75, 0x6e, 0x74, 0x0a, 0x34, 0x36,
  0x35, 0x33, 0x35, 0x09, 0x70, 0x75, 0x6e, 0x79, 0x0a, 0x34, 0x36, 0x35,
  0x33, 0x36, 0x09, 0x70, 0x75, 0x70, 0x0a, 0x34, 0x36, 0x35, 0x34, 0x31,
  0x09, 0x70, 0x75, 0x70, 0x61, 0x6c, 0x0a, 0x34, 0x36, 0x35, 0x34, 0x32,
  0x09, 0x70, 0x75, 0x70, 0x69, 0x6c, 0x0a, 0x34, 0x36, 0x35, 0x34, 0x33,
  0x09, 0x70, 0x75, 0x70, 0x70, 0x79, 0x0a, 0x34, 0x36, 0x35, 0x34, 0x34,
  0x09, 0x70, 0x75, 0x72, 0x65, 0x0a, 0x34, 0x36, 0x35, 0x34, 0x35, 0x09,
  0x70, 0x75, 0x72, 0x67, 0x65, 0x0a, 0x34, 0x36, 0x35, 0x34, 0x36, 0x09,
  0x70, 0x75, 0x72, 0x6c, 0x0a, 0x34, 0x36, 0x35, 0x35, 0x31, 0x09, 0x70,
  0x75, 0x72, 0x72, 0x0a, 0x34, 0x36, 0x35, 0x35, 0x32, 0x09, 0x70, 0x75,
  0x72, 0x73, 0x65, 0x0a, 0x34, 0x36, 0x35, 0x35, 0x33, 0x09, 0x70, 0x75,
  0x73, 0x0a, 0x34, 0x36, 0x35, 0x35, 0x34, 0x09, 0x70, 0x75, 0x73, 0x61,
  0x6e, 0x0a, 0x34, 0x36, 0x35, 0x35, 0x35, 0x09, 0x70, 0x75, 0x73, 0x65,
  0x79, 0x0a, 0x34, 0x36, 0x35, 0x35, 0x36, 0x09, 0x70, 0x75, 0x73, 0x68,
  0x0a, 0x34, 0x36, 0x35, 0x36, 0x31, 0x09, 0x70, 0x75, 0x73, 0x73, 0x79,
  0x0a, 0x34, 0x36, 0x35, 0x36, 0x32, 0x09, 0x70, 0x75, 0x74, 0x0a, 0x34,
  0x36, 0x35, 0x36, 0x33, 0x09, 0x70, 0x75, 0x74, 0x74, 0x0a, 0x34, 0x36,
  0x35, 0x36, 0x34, 0x09, 0x70, 0x75, 0x74, 0x74, 0x79, 0x0a, 0x34, 0x36,
  0x35, 0x36, 0x35, 0x09, 0x70, 0x76, 0x0a, 0x34, 0x36, 0x35, 0x36, 0x36,
  0x09, 0x70, 0x76, 0x63, 0x0a, 0x34, 0x36, 0x36, 0x31, 0x31, 0x09, 0x70,
  0x77, 0x0a, 0x34, 0x36, 0x36, 0x31, 0x32, 0x09, 0x70, 0x78, 0x0a, 0x34,
  0x36, 0x36, 0x31, 0x33, 0x09, 0x70, 0x79, 0x0a, 0x34, 0x36, 0x36, 0x31,
  0x34, 0x09, 0x70, 0x79, 0x67, 0x6d, 0x79, 0x0a, 0x34, 0x36, 0x36, 0x31,
  0x35, 0x09, 0x70, 0x79, 0x6c, 0x65, 0x0a, 0x34, 0x36, 0x36, 0x31, 0x36,
  0x09, 0x70, 0x79, 0x72, 0x65, 0x0a, 0x34, 0x36, 0x36, 0x32, 0x31, 0x09,
  0x70, 0x79, 0x72, 0x65, 0x78, 0x0a, 0x34, 0x36, 0x36, 0x32, 0x32, 0x09,
  0x70, 0x79, 0x72, 0x69, 0x74, 0x65, 0x0a, 0x34, 0x36, 0x36, 0x32, 0x33,
  0x09, 0x70, 0x7a, 0x0a, 0x34, 0x36, 0x36, 0x32, 0x34, 0x09, 0x71, 0x0a,
  0x34, 0x36, 0x36, 0x32, 0x35, 0x09, 0x71, 0x27, 0x73, 0x0a, 0x34, 0x36,
  0x36, 0x32, 0x36, 0x09, 0x71, 0x61, 0x0a, 0x34, 0x36, 0x36, 0x33, 0x31,
  0x09, 0x71, 0x61, 0x74, 0x61, 0x72, 0x0a, 0x34, 0x36, 0x36, 0x33, 0x32,
  0x09, 0x71, 0x62, 0x0a, 0x34, 0x36, 0x36, 0x33, 0x33, 0x09, 0x71, 0x63,
  0x0a, 0x34, 0x36, 0x36, 0x33, 0x34, 0x09, 0x71, 0x64, 0x0a, 0x34, 0x36,
  0x36, 0x33, 0x35, 0x09, 0x71, 0x65, 0x0a, 0x34, 0x36, 0x36, 0x33, 0x36,
  0x09, 0x71, 0x65, 0x64, 0x0a, 0x34, 0x36, 0x36, 0x34, 0x31, 0x09, 0x71,
  0x66, 0x0a, 0x34, 0x36, 0x36, 0x34, 0x32, 0x09, 0x71, 0x67, 0x0a, 0x34,
  0x36, 0x36, 0x34, 0x33, 0x09, 0x71, 0x68, 0x0a, 0x34, 0x36, 0x36, 0x34,
  0x34, 0x09, 0x71, 0x69, 0x0a, 0x34, 0x36, 0x36, 0x34, 0x35, 0x09, 0x71,
  0x6a, 0x0a, 0x34, 0x36, 0x36, 0x34, 0x36, 0x09, 0x71, 0x6b, 0x0a, 0x34,
  0x36, 0x36, 0x35, 0x31, 0x09, 0x71, 0x6c, 0x0a, 0x34, 0x36, 0x36, 0x35,
  0x32, 0x09, 0x71, 0x6d, 0x0a, 0x34, 0x36, 0x36, 0x35, 0x33, 0x09, 0x71,
  0x6e, 0x0a, 0x34, 0x36, 0x36, 0x35, 0x34, 0x09, 0x71, 0x6f, 0x0a, 0x34,
  0x36, 0x36, 0x35, 0x35, 0x09, 0x71, 0x70, 0x0a, 0x34, 0x36, 0x36, 0x35,
  0x36, 0x09, 0x71, 0x71, 0x0a, 0x34, 0x36, 0x36, 0x36, 0x31, 0x09, 0x71,
  0x71, 0x71, 0x0a, 0x34, 0x36, 0x36, 0x36, 0x32, 0x09, 0x71, 0x71, 0x71,
  0x71, 0x0a, 0x34, 0x36, 0x36, 0x36, 0x33, 0x09, 0x71, 0x72, 0x0a, 0x34,
  0x36, 0x36, 0x36, 0x34, 0x09, 0x71, 0x72, 0x73, 0x0a, 0x34, 0x36, 0x36,
  0x36, 0x35, 0x09, 0x71, 0x73, 0x0a, 0x34, 0x36, 0x36, 0x36, 0x36, 0x09,
  0x71, 0x74, 0x0a, 0x35, 0x31, 0x31, 0x31, 0x31, 0x09, 0x71, 0x75, 0x0a,
  0x35, 0x31, 0x31, 0x31, 0x32, 0x09, 0x71, 0x75, 0x61, 0x0a, 0x35, 0x31,
  0x31, 0x31, 0x33, 0x09, 0x71, 0x75, 0x61, 0x63, 0x6b, 0x0a, 0x35, 0x31,
  0x31, 0x31, 0x34, 0x09, 0x71, 0x75, 0x61, 0x64, 0x0a, 0x35, 0x31, 0x31,
  0x31, 0x35, 0x09, 0x71, 0x75, 0x61, 0x66, 0x66, 0x0a, 0x35, 0x31, 0x31,
  0x31, 0x36, 0x09, 0x71, 0x75, 0x61, 0x69, 0x6c, 0x0a, 0x35, 0x31, 0x31,
  0x32, 0x31, 0x09, 0x71, 0x75, 0x61, 0x6b, 0x65, 0x0a, 0x35, 0x31, 0x31,
  0x32, 0x32, 0x09, 0x71, 0x75, 0x61, 0x6c, 0x6d, 0x0a, 0x35, 0x31, 0x31,
  0x32, 0x33, 0x09, 0x71, 0x75, 0x61, 0x72, 0x6b, 0x0a, 0x35, 0x31, 0x31,
  0x32, 0x34, 0x09, 0x71, 0x75, 0x61, 0x72, 0x72, 0x79, 0x0a, 0x35, 0x31,
  0x31, 0x32, 0x35, 0x09, 0x71, 0x75, 0x61, 0x72, 0x74, 0x0a, 0x35, 0x31,
  0x31, 0x32, 0x36, 0x09, 0x71, 0x75, 0x61, 0x73, 0x68, 0x0a, 0x35, 0x31,
  0x31, 0x33, 0x31, 0x09, 0x71, 0x75, 0x61, 0x73, 0x69, 0x0a, 0x35, 0x31,
  0x31, 0x33, 0x32, 0x09, 0x71, 0x75, 0x61, 0x79, 0x0a, 0x35, 0x31, 0x31,
  0x33, 0x33, 0x09, 0x71, 0x75, 0x65, 0x61, 0x73, 0x79, 0x0a, 0x35, 0x31,
  0x31, 0x33, 0x34, 0x09, 0x71, 0x75, 0x65, 0x65, 0x6e, 0x0a, 0x35, 0x31,
  0x31, 0x33, 0x35, 0x09, 0x71, 0x75, 0x65, 0x65, 0x72, 0x0a, 0x35, 0x31,
  0x31, 0x33, 0x36, 0x09, 0x71, 0x75, 0x65, 0x6c, 0x6c, 0x0a, 0x35, 0x31,
  0x31, 0x34, 0x31, 0x09, 0x71, 0x75, 0x65, 0x72, 0x79, 0x0a, 0x35, 0x31,
  0x31, 0x34, 0x32, 0x09, 0x71, 0x75, 0x65, 0x73, 0x74, 0x0a, 0x35, 0x31,
  0x31, 0x34, 0x33, 0x09, 0x71, 0x75, 0x65, 0x75, 0x65, 0x0a, 0x35, 0x31,
  0x31, 0x34, 0x34, 0x09, 0x71, 0x75, 0x69, 0x63, 0x6b, 0x0a, 0x35, 0x31,
  0x31, 0x34, 0x35, 0x09, 0x71, 0x75, 0x69, 0x64, 0x0a, 0x35, 0x31, 0x31,
  0x34, 0x36, 0x09, 0x71, 0x75, 0x69, 0x65, 0x74, 0x0a, 0x35, 0x31, 0x31,
  0x35, 0x31, 0x09, 0x71, 0x75, 0x69, 0x6c, 0x6c, 0x0a, 0x35, 0x31, 0x31,
  0x35, 0x32, 0x09, 0x71, 0x75, 0x69, 0x6c, 0x74, 0x0a, 0x35, 0x31, 0x31,
  0x35, 0x33, 0x09, 0x71, 0x75, 0x69, 0x6e, 0x6e, 0x0a, 0x35, 0x31, 0x31,
  0x35, 0x34, 0x09, 0x71, 0x75, 0x69, 0x6e, 0x74, 0x0a, 0x35, 0x31, 0x31,
  0x35, 0x35, 0x09, 0x71, 0x75, 0x69, 0x70, 0x0a, 0x35, 0x31, 0x31, 0x35,
  0x36, 0x09, 0x71, 0x75, 0x69, 0x72, 0x6b, 0x0a, 0x35, 0x31, 0x31, 0x36,
  0x31, 0x09, 0x71, 0x75, 0x69, 0x72, 0x74, 0x0a, 0x35, 0x31, 0x31, 0x36,
  0x32, 0x09, 0x71, 0x75, 0x69, 0x74, 0x0a, 0x35, 0x31, 0x31, 0x36, 0x33,
  0x09, 0x71, 0x75, 0x69, 0x74, 0x65, 0x0a, 0x35, 0x31, 0x31, 0x36, 0x34,
  0x09, 0x71, 0x75, 0x69, 0x74, 0x6f, 0x0a, 0x35, 0x31, 0x31, 0x36, 0x35,
  0x09, 0x71, 0x75, 0x69, 0x7a, 0x0a, 0x35, 0x31, 0x31, 0x36, 0x36, 0x09,
  0x71, 0x75, 0x6f, 0x0a, 0x35, 0x31, 0x32, 0x31, 0x31, 0x09, 0x71, 0x75,
  0x6f, 0x64, 0x0a, 0x35, 0x31, 0x32, 0x31, 0x32, 0x09, 0x71, 0x75, 0x6f,
  0x74, 0x61, 0x0a, 0x35, 0x31, 0x32, 0x31, 0x33, 0x09, 0x71, 0x75, 0x6f,
  0x74, 0x65, 0x0a, 0x35, 0x31, 0x32, 0x31, 0x34, 0x09, 0x71, 0x76, 0x0a,
  0x35, 0x31, 0x32, 0x31, 0x35, 0x09, 0x71, 0x77, 0x0a, 0x35, 0x31, 0x32,
  0x31, 0x36, 0x09, 0x71, 0x78, 0x0a, 0x35, 0x31, 0x32, 0x32, 0x31, 0x09,
  0x71, 0x79, 0x0a, 0x35, 0x31, 0x32, 0x32, 0x32, 0x09, 0x71, 0x7a, 0x0a,
  0x35, 0x31, 0x32, 0x32, 0x33, 0x09, 0x72, 0x0a, 0x35, 0x31, 0x32, 0x32,
  0x34, 0x09, 0x72, 0x26, 0x64, 0x0a, 0x35, 0x31, 0x32, 0x32, 0x35, 0x09,
  0x72, 0x27, 0x73, 0x0a, 0x35, 0x31, 0x32, 0x32, 0x36, 0x09, 0x72, 0x61,
  0x0a, 0x35, 0x31, 0x32, 0x33, 0x31, 0x09, 0x72, 0x61, 0x62, 0x61, 0x74,
  0x0a, 0x35, 0x31, 0x32, 0x33, 0x32, 0x09, 0x72, 0x61, 0x62, 0x62, 0x69,
  0x0a, 0x35, 0x31, 0x32, 0x33, 0x33, 0x09, 0x72, 0x61, 0x62, 0x62, 0x69,
  0x74, 0x0a, 0x35, 0x31, 0x32, 0x33, 0x34, 0x09, 0x72, 0x61, 0x62, 0x69,
  0x64, 0x0a, 0x35, 0x31, 0x32, 0x33, 0x35, 0x09, 0x72, 0x61, 0x62, 0x69,
  0x6e, 0x0a, 0x35, 0x31, 0x32, 0x33, 0x36, 0x09, 0x72, 0x61, 0x63, 0x65,
  0x0a, 0x35, 0x31, 0x32, 0x34, 0x31, 0x09, 0x72, 0x61, 0x63, 0x6b, 0x0a,
  0x35, 0x31, 0x32, 0x34, 0x32, 0x09, 0x72, 0x61, 0x63, 0x79, 0x0a, 0x35,
  0x31, 0x32, 0x34, 0x33, 0x09, 0x72, 0x61, 0x64, 0x61, 0x72, 0x0a, 0x35,
  0x31, 0x32, 0x34, 0x34, 0x09, 0x72, 0x61, 0x64, 0x69, 0x69, 0x0a, 0x35,
  0x31, 0x32, 0x34, 0x35, 0x09, 0x72, 0x61, 0x64, 0x69, 0x6f, 0x0a, 0x35,
  0x31, 0x32, 0x34, 0x36, 0x09, 0x72, 0x61, 0x64, 0x69, 0x75, 0x6d, 0x0a,
  0x35, 0x31, 0x32, 0x35, 0x31, 0x09, 0x72, 0x61, 0x64, 0x69, 0x78, 0x0a,
  0x35, 0x31, 0x32, 0x35, 0x32, 0x09, 0x72, 0x61, 0x64, 0x6f, 0x6e, 0x0a,
  0x35, 0x31, 0x32, 0x35, 0x33, 0x09, 0x72, 0x61, 0x65, 0x0a, 0x35, 0x31,
  0x32, 0x35, 0x34, 0x09, 0x72, 0x61, 0x66, 0x61, 0x65, 0x6c, 0x0a, 0x35,
  0x31, 0x32, 0x35, 0x35, 0x09, 0x72, 0x61, 0x66, 0x74, 0x0a, 0x35, 0x31,
  0x32, 0x35, 0x36, 0x09, 0x72, 0x61, 0x67, 0x0a, 0x35, 0x31, 0x32, 0x36,
  0x31, 0x09, 0x72, 0x61, 0x67, 0x65, 0x0a, 0x35, 0x31, 0x32, 0x36, 0x32,
  0x09, 0x72, 0x61, 0x69, 0x64, 0x0a, 0x35, 0x31, 0x32, 0x36, 0x33, 0x09,
  0x72, 0x61, 0x69, 0x6c, 0x0a, 0x35, 0x31, 0x32, 0x36, 0x34, 0x09, 0x72,
  0x61, 0x69, 0x6e, 0x0a, 0x35, 0x31, 0x32, 0x36, 0x35, 0x09, 0x72, 0x61,
  0x69, 0x6e, 0x79, 0x0a, 0x35, 0x31, 0x32, 0x36, 0x36, 0x09, 0x72, 0x61,
  0x69, 0x73, 0x65, 0x0a, 0x35, 0x31, 0x33, 0x31, 0x31, 0x09, 0x72, 0x61,
  0x6a, 0x0a, 0x35, 0x31, 0x33, 0x31, 0x32, 0x09, 0x72, 0x61, 0x6a, 0x61,
  0x68, 0x0a, 0x35, 0x31, 0x33, 0x31, 0x33, 0x09, 0x72, 0x61, 0x6b, 0x65,
  0x0a, 0x35, 0x31, 0x33, 0x31, 0x34, 0x09, 0x72, 0x61, 0x6c, 0x6c, 0x79,
  0x0a, 0x35, 0x31, 0x33, 0x31, 0x35, 0x09, 0x72, 0x61, 0x6c, 0x70, 0x68,
  0x0a, 0x35, 0x31, 0x33, 0x31, 0x36, 0x09, 0x72, 0x61, 0x6d, 0x0a, 0x35,
  0x31, 0x33, 0x32, 0x31, 0x09, 0x72, 0x61, 0x6d, 0x61, 0x6e, 0x0a, 0x35,
  0x31, 0x33, 0x32, 0x32, 0x09, 0x72, 0x61, 0x6d, 0x6f, 0x0a, 0x35, 0x31,
  0x33, 0x32, 0x33, 0x09, 0x72, 0x61, 0x6d, 0x70, 0x0a, 0x35, 0x31, 0x33,
  0x32, 0x34, 0x09, 0x72, 0x61, 0x6d, 0x73, 0x65, 0x79, 0x0a, 0x35, 0x31,
  0x33, 0x32, 0x35, 0x09, 0x72, 0x61, 0x6e, 0x0a, 0x35, 0x31, 0x33, 0x32,
  0x36, 0x09, 0x72, 0x61, 0x6e, 0x63, 0x68, 0x0a, 0x35, 0x31, 0x33, 0x33,
  0x31, 0x09, 0x72, 0x61, 0x6e, 0x64, 0x0a, 0x35, 0x31, 0x33, 0x33, 0x32,
  0x09, 0x72, 0x61, 0x6e, 0x64, 0x79, 0x0a, 0x35, 0x31, 0x33, 0x33, 0x33,
  0x09, 0x72, 0x61, 0x6e, 0x67, 0x0a, 0x35, 0x31, 0x33, 0x33, 0x34, 0x09,
  0x72, 0x61, 0x6e, 0x67, 0x65, 0x0a, 0x35, 0x31, 0x33, 0x33, 0x35, 0x09,
  0x72, 0x61, 0x6e, 0x67, 0x79, 0x0a, 0x35, 0x31, 0x33, 0x33, 0x36, 0x09,
  0x72, 0x61, 0x6e, 0x6b, 0x0a, 0x35, 0x31, 0x33, 0x34, 0x31, 0x09, 0x72,
  0x61, 0x6e, 0x74, 0x0a, 0x35, 0x31, 0x33, 0x34, 0x32, 0x09, 0x72, 0x61,
  0x6f, 0x75, 0x6c, 0x0a, 0x35, 0x31, 0x33, 0x34, 0x33, 0x09, 0x72, 0x61,
  0x70, 0x0a, 0x35, 0x31, 0x33, 0x34, 0x34, 0x09, 0x72, 0x61, 0x70, 0x65,
  0x0a, 0x35, 0x31, 0x33, 0x34, 0x35, 0x09, 0x72, 0x61, 0x70, 0x69, 0x64,
  0x0a, 0x35, 0x31, 0x33, 0x34, 0x36, 0x09, 0x72, 0x61, 0x70, 0x74, 0x0a,
  0x35, 0x31, 0x33, 0x35, 0x31, 0x09, 0x72, 0x61, 0x72, 0x65, 0x0a, 0x35,
  0x31, 0x33, 0x35, 0x32, 0x09, 0x72, 0x61, 0x73, 0x61, 0x0a, 0x35, 0x31,
  0x33, 0x35, 0x33, 0x09, 0x72, 0x61, 0x73, 0x63, 0x61, 0x6c, 0x0a, 0x35,
  0x31, 0x33, 0x35, 0x34, 0x09, 0x72, 0x61, 0x73, 0x68, 0x0a, 0x35, 0x31,
  0x33, 0x35, 0x35, 0x09, 0x72, 0x61, 0x73, 0x70, 0x0a, 0x35, 0x31, 0x33,
  0x35, 0x36, 0x09, 0x72, 0x61, 0x74, 0x0a, 0x35, 0x31, 0x33, 0x36, 0x31,
  0x09, 0x72, 0x61, 0x74, 0x61, 0x0a, 0x35, 0x31, 0x33, 0x36, 0x32, 0x09,
  0x72, 0x61, 0x74, 0x65, 0x0a, 0x35, 0x31, 0x33, 0x36, 0x33, 0x09, 0x72,
  0x61, 0x74, 0x65, 0x72, 0x0a, 0x35, 0x31, 0x33, 0x36, 0x34, 0x09, 0x72,
  0x61, 0x74, 0x69, 0x6f, 0x0a, 0x35, 0x31, 0x33, 0x36, 0x35, 0x09, 0x72,
  0x61, 0x74, 0x74, 0x6c, 0x65, 0x0a, 0x35, 0x31, 0x33, 0x36, 0x36, 0x09,
  0x72, 0x61, 0x75, 0x6c, 0x0a, 0x35, 0x31, 0x34, 0x31, 0x31, 0x09, 0x72,
  0x61, 0x76, 0x65, 0x0a, 0x35, 0x31, 0x34, 0x31, 0x32, 0x09, 0x72, 0x61,
  0x76, 0x65, 0x6c, 0x0a, 0x35, 0x31, 0x34, 0x31, 0x33, 0x09, 0x72, 0x61,
  0x76, 0x65, 0x6e, 0x0a, 0x35, 0x31, 0x34, 0x31, 0x34, 0x09, 0x72, 0x61,
  0x77, 0x0a, 0x35, 0x31, 0x34, 0x31, 0x35, 0x09, 0x72, 0x61, 0x79, 0x0a,
  0x35, 0x31, 0x34, 0x31, 0x36, 0x09, 0x72, 0x61, 0x7a, 0x65, 0x0a, 0x35,
  0x31, 0x34, 0x32, 0x31, 0x09, 0x72, 0x61, 0x7a, 0x6f, 0x72, 0x0a, 0x35,
  0x31, 0x34, 0x32, 0x32, 0x09, 0x72, 0x62, 0x0a, 0x35, 0x31, 0x34, 0x32,
  0x33, 0x09, 0x72, 0x63, 0x0a, 0x35, 0x31, 0x34, 0x32, 0x34, 0x09, 0x72,
  0x63, 0x61, 0x0a, 0x35, 0x31, 0x34, 0x32, 0x35, 0x09, 0x72, 0x64, 0x0a,
  0x35, 0x31, 0x34, 0x32, 0x36, 0x09, 0x72, 0x65, 0x0a, 0x35, 0x31, 0x34,
  0x33, 0x31, 0x09, 0x72, 0x65, 0x61, 0x63, 0x68, 0x0a, 0x35, 0x31, 0x34,
  0x33, 0x32, 0x09, 0x72, 0x65, 0x61, 0x64, 0x0a, 0x35, 0x31, 0x34, 0x33,
  0x33, 0x09, 0x72, 0x65, 0x61, 0x64, 0x79, 0x0a, 0x35, 0x31, 0x34, 0x33,
  0x34, 0x09, 0x72, 0x65, 0x61, 0x67, 0x61, 0x6e, 0x0a, 0x35, 0x31, 0x34,
  0x33, 0x35, 0x09, 0x72, 0x65, 0x61, 0x6c, 0x0a, 0x35, 0x31, 0x34, 0x33,
  0x36, 0x09, 0x72, 0x65, 0x61, 0x6c, 0x6d, 0x0a, 0x35, 0x31, 0x34, 0x34,
  0x31, 0x09, 0x72, 0x65, 0x61, 0x6d, 0x0a, 0x35, 0x31, 0x34, 0x34, 0x32,
  0x09, 0x72, 0x65, 0x61, 0x70, 0x0a, 0x35, 0x31, 0x34, 0x34, 0x33, 0x09,
  0x72, 0x65, 0x61, 0x72, 0x0a, 0x35, 0x31, 0x34, 0x34, 0x34, 0x09, 0x72,
  0x65, 0x61, 0x76, 0x65, 0x0a, 0x35, 0x31, 0x34, 0x34, 0x35, 0x09, 0x72,
  0x65, 0x62, 0x0a, 0x35, 0x31, 0x34, 0x34, 0x36, 0x09, 0x72, 0x65, 0x62,
  0x65, 0x6c, 0x0a, 0x35, 0x31, 0x34, 0x35, 0x31, 0x09, 0x72, 0x65, 0x62,
  0x75, 0x74, 0x0a, 0x35, 0x31, 0x34, 0x35, 0x32, 0x09, 0x72, 0x65, 0x63,
  0x69, 0x70, 0x65, 0x0a, 0x35, 0x31, 0x34, 0x35, 0x33, 0x09, 0x72, 0x65,
  0x63, 0x6b, 0x0a, 0x35, 0x31, 0x34, 0x35, 0x34, 0x09, 0x72, 0x65, 0x63,
  0x75, 0x72, 0x0a, 0x35, 0x31, 0x34, 0x35, 0x35, 0x09, 0x72, 0x65, 0x64,
  0x0a, 0x35, 0x31, 0x34, 0x35, 0x36, 0x09, 0x72, 0x65, 0x64, 0x65, 0x65,
  0x6d, 0x0a, 0x35, 0x31, 0x34, 0x36, 0x31, 0x09, 0x72, 0x65, 0x64, 0x75,
  0x63, 0x65, 0x0a, 0x35, 0x31, 0x34, 0x36, 0x32, 0x09, 0x72, 0x65, 0x65,
  0x64, 0x0a, 0x35, 0x31, 0x34, 0x36, 0x33, 0x09, 0x72, 0x65, 0x65, 0x64,
  0x79, 0x0a, 0x35, 0x31, 0x34, 0x36, 0x34, 0x09, 0x72, 0x65, 0x65, 0x66,
  0x0a, 0x35, 0x31, 0x34, 0x36, 0x35, 0x09, 0x72, 0x65, 0x65, 0x6b, 0x0a,
  0x35, 0x31, 0x34, 0x36, 0x36, 0x09, 0x72, 0x65, 0x65, 0x6c, 0x0a, 0x35,
  0x31, 0x35, 0x31, 0x31, 0x09, 0x72, 0x65, 0x65, 0x73, 0x65, 0x0a, 0x35,
  0x31, 0x35, 0x31, 0x32, 0x09, 0x72, 0x65, 0x65, 0x76, 0x65, 0x0a, 0x35,
  0x31, 0x35, 0x31, 0x33, 0x09, 0x72, 0x65, 0x66, 0x65, 0x72, 0x0a, 0x35,
  0x31, 0x35, 0x31, 0x34, 0x09, 0x72, 0x65, 0x67, 0x61, 0x6c, 0x0a, 0x35,
  0x31, 0x35, 0x31, 0x35, 0x09, 0x72, 0x65, 0x67, 0x69, 0x6e, 0x61, 0x0a,
  0x35, 0x31, 0x35, 0x31, 0x36, 0x09, 0x72, 0x65, 0x67, 0x69, 0x73, 0x0a,
  0x35, 0x31, 0x35, 0x32, 0x31, 0x09, 0x72, 0x65, 0x69, 0x63, 0x68, 0x0a,
  0x35, 0x31, 0x35, 0x32, 0x32, 0x09, 0x72, 0x65, 0x69, 0x64, 0x0a, 0x35,
  0x31, 0x35, 0x32, 0x33, 0x09, 0x72, 0x65, 0x69, 0x67, 0x6e, 0x0a, 0x35,
  0x31, 0x35, 0x32, 0x34, 0x09, 0x72, 0x65, 0x69, 0x6e, 0x0a, 0x35, 0x31,
  0x35, 0x32, 0x35, 0x09, 0x72, 0x65, 0x6c, 0x61, 0x78, 0x0a, 0x35, 0x31,
  0x35, 0x32, 0x36, 0x09, 0x72, 0x65, 0x6c, 0x61, 0x79, 0x0a, 0x35, 0x31,
  0x35, 0x33, 0x31, 0x09, 0x72, 0x65, 0x6c, 0x69, 0x63, 0x0a, 0x35, 0x31,
  0x35, 0x33, 0x32, 0x09, 0x72, 0x65, 0x6d, 0x61, 0x6e, 0x0a, 0x35, 0x31,
  0x35, 0x33, 0x33, 0x09, 0x72, 0x65, 0x6d, 0x65, 0x64, 0x79, 0x0a, 0x35,
  0x31, 0x35, 0x33, 0x34, 0x09, 0x72, 0x65, 0x6d, 0x69, 0x74, 0x0a, 0x35,
  0x31, 0x35, 0x33, 0x35, 0x09, 0x72, 0x65, 0x6d, 0x75, 0x73, 0x0a, 0x35,
  0x31, 0x35, 0x33, 0x36, 0x09, 0x72, 0x65, 0x6e, 0x61, 0x0a, 0x35, 0x31,
  0x35, 0x34, 0x31, 0x09, 0x72, 0x65, 0x6e, 0x61, 0x6c, 0x0a, 0x35, 0x31,
  0x35, 0x34, 0x32, 0x09, 0x72, 0x65, 0x6e, 0x64, 0x0a, 0x35, 0x31, 0x35,
  0x34, 0x33, 0x09, 0x72, 0x65, 0x6e, 0x65, 0x0a, 0x35, 0x31, 0x35, 0x34,
  0x34, 0x09, 0x72, 0x65, 0x6e, 0x6f, 0x77, 0x6e, 0x0a, 0x35, 0x31, 0x35,
  0x34, 0x35, 0x09, 0x72, 0x65, 0x6e, 0x74, 0x0a, 0x35, 0x31, 0x35, 0x34,
  0x36, 0x09, 0x72, 0x65, 0x70, 0x0a, 0x35, 0x31, 0x35, 0x35, 0x31, 0x09,
  0x72, 0x65, 0x70, 0x65, 0x6c, 0x0a, 0x35, 0x31, 0x35, 0x35, 0x32, 0x09,
  0x72, 0x65, 0x70, 0x65, 0x6e, 0x74, 0x0a, 0x35, 0x31, 0x35, 0x35, 0x33,
  0x09, 0x72, 0x65, 0x73, 0x69, 0x6e, 0x0a, 0x35, 0x31, 0x35, 0x35, 0x34,
  0x09, 0x72, 0x65, 0x73, 0x6f, 0x72, 0x74, 0x0a, 0x35, 0x31, 0x35, 0x35,
  0x35, 0x09, 0x72, 0x65, 0x73, 0x74, 0x0a, 0x35, 0x31, 0x35, 0x35, 0x36,
  0x09, 0x72, 0x65, 0x74, 0x0a, 0x35, 0x31, 0x35, 0x36, 0x31, 0x09, 0x72,
  0x65, 0x74, 0x63, 0x68, 0x0a, 0x35, 0x31, 0x35, 0x36, 0x32, 0x09, 0x72,
  0x65, 0x74, 0x75, 0x72, 0x6e, 0x0a, 0x35, 0x31, 0x35, 0x36, 0x33, 0x09,
  0x72, 0x65, 0x75, 0x62, 0x0a, 0x35, 0x31, 0x35, 0x36, 0x34, 0x09, 0x72,
  0x65, 0x76, 0x0a, 0x35, 0x31, 0x35, 0x36, 0x35, 0x09, 0x72, 0x65, 0x76,
  0x65, 0x61, 0x6c, 0x0a, 0x35, 0x31, 0x35, 0x36, 0x36, 0x09, 0x72, 0x65,
  0x76, 0x65, 0x6c, 0x0a, 0x35, 0x31, 0x36, 0x31, 0x31, 0x09, 0x72, 0x65,
  0x76, 0x65, 0x72, 0x0a, 0x35, 0x31, 0x36, 0x31, 0x32, 0x09, 0x72, 0x65,
  0x76, 0x65, 0x74, 0x0a, 0x35, 0x31, 0x36, 0x31, 0x33, 0x09, 0x72, 0x65,
  0x76, 0x76, 0x65, 0x64, 0x0a, 0x35, 0x31, 0x36, 0x31, 0x34, 0x09, 0x72,
  0x65, 0x78, 0x0a, 0x35, 0x31, 0x36, 0x31, 0x35, 0x09, 0x72, 0x66, 0x0a,
  0x35, 0x31, 0x36, 0x31, 0x36, 0x09, 0x72, 0x67, 0x0a, 0x35, 0x31, 0x36,
  0x32, 0x31, 0x09, 0x72, 0x68, 0x0a, 0x35, 0x31, 0x36, 0x32, 0x32, 0x09,
  0x72, 0x68, 0x65, 0x61, 0x0a, 0x35, 0x31, 0x36, 0x32, 0x33, 0x09, 0x72,
  0x68, 0x65, 0x75, 0x6d, 0x0a, 0x35, 0x31, 0x36, 0x32, 0x34, 0x09, 0x72,
  0x68, 0x69, 0x6e, 0x65, 0x0a, 0x35, 0x31, 0x36, 0x32, 0x35, 0x09, 0x72,
  0x68, 0x69, 0x6e, 0x6f, 0x0a, 0x35, 0x31, 0x36, 0x32, 0x36, 0x09, 0x72,
  0x68, 0x6f, 0x0a, 0x35, 0x31, 0x36, 0x33, 0x31, 0x09, 0x72, 0x68, 0x6f,
  0x64, 0x61, 0x0a, 0x35, 0x31, 0x36, 0x33, 0x32, 0x09, 0x72, 0x68, 0x6f,
  0x64, 0x65, 0x0a, 0x35, 0x31, 0x36, 0x33, 0x33, 0x09, 0x72, 0x68, 0x79,
  0x6d, 0x65, 0x0a, 0x35, 0x31, 0x36, 0x33, 0x34, 0x09, 0x72, 0x69, 0x0a,
  0x35, 0x31, 0x36, 0x33, 0x35, 0x09, 0x72, 0x69, 0x62, 0x0a, 0x35, 0x31,
  0x36, 0x33, 0x36, 0x09, 0x72, 0x69, 0x63, 0x61, 0x0a, 0x35, 0x31, 0x36,
  0x34, 0x31, 0x09, 0x72, 0x69, 0x63, 0x65, 0x0a, 0x35, 0x31, 0x36, 0x34,
  0x32, 0x09, 0x72, 0x69, 0x63, 0x68, 0x0a, 0x35, 0x31, 0x36, 0x34, 0x33,
  0x09, 0x72, 0x69, 0x63, 0x6b, 0x0a, 0x35, 0x31, 0x36, 0x34, 0x34, 0x09,
  0x72, 0x69, 0x63, 0x6f, 0x0a, 0x35, 0x31, 0x36, 0x34, 0x35, 0x09, 0x72,
  0x69, 0x64, 0x0a, 0x35, 0x31, 0x36, 0x34, 0x36, 0x09, 0x72, 0x69, 0x64,
  0x65, 0x0a, 0x35, 0x31, 0x36, 0x35, 0x31, 0x09, 0x72, 0x69, 0x64, 0x67,
  0x65, 0x0a, 0x35, 0x31, 0x36, 0x35, 0x32, 0x09, 0x72, 0x69, 0x66, 0x6c,
  0x65, 0x0a, 0x35, 0x31, 0x36, 0x35, 0x33, 0x09, 0x72, 0x69, 0x66, 0x74,
  0x0a, 0x35, 0x31, 0x36, 0x35, 0x34, 0x09, 0x72, 0x69, 0x67, 0x0a, 0x35,
  0x31, 0x36, 0x35, 0x35, 0x09, 0x72, 0x69, 0x67, 0x61, 0x0a, 0x35, 0x31,
  0x36, 0x35, 0x36, 0x09, 0x72, 0x69, 0x67, 0x65, 0x6c, 0x0a, 0x35, 0x31,
  0x36, 0x36, 0x31, 0x09, 0x72, 0x69, 0x67, 0x67, 0x73, 0x0a, 0x35, 0x31,
  0x36, 0x36, 0x32, 0x09, 0x72, 0x69, 0x67, 0x68, 0x74, 0x0a, 0x35, 0x31,
  0x36, 0x36, 0x33, 0x09, 0x72, 0x69, 0x67, 0x69, 0x64, 0x0a, 0x35, 0x31,
  0x36, 0x36, 0x34, 0x09, 0x72, 0x69, 0x6c, 0x65, 0x79, 0x0a, 0x35, 0x31,
  0x36, 0x36, 0x35, 0x09, 0x72, 0x69, 0x6c, 0x6c, 0x0a, 0x35, 0x31, 0x36,
  0x36, 0x36, 0x09, 0x72, 0x69, 0x6c, 0x6c, 0x79, 0x0a, 0x35, 0x32, 0x31,
  0x31, 0x31, 0x09, 0x72, 0x69, 0x6d, 0x0a, 0x35, 0x32, 0x31, 0x31, 0x32,
  0x09, 0x72, 0x69, 0x6d, 0x65, 0x0a, 0x35, 0x32, 0x31, 0x31, 0x33, 0x09,
  0x72, 0x69, 0x6d, 0x79, 0x0a, 0x35, 0x32, 0x31, 0x31, 0x34, 0x09, 0x72,
  0x69, 0x6e, 0x67, 0x0a, 0x35, 0x32, 0x31, 0x31, 0x35, 0x09, 0x72, 0x69,
  0x6e, 0x6b, 0x0a, 0x35, 0x32, 0x31, 0x31, 0x36, 0x09, 0x72, 0x69, 0x6e,
  0x73, 0x65, 0x0a, 0x35, 0x32, 0x31, 0x32, 0x31, 0x09, 0x72, 0x69, 0x6f,
  0x0a, 0x35, 0x32, 0x31, 0x32, 0x32, 0x09, 0x72, 0x69, 0x6f, 0x74, 0x0a,
  0x35, 0x32, 0x31, 0x32, 0x33, 0x09, 0x72, 0x69, 0x70, 0x0a, 0x35, 0x32,
  0x31, 0x32, 0x34, 0x09, 0x72, 0x69, 0x70, 0x65, 0x0a, 0x35, 0x32, 0x31,
  0x32, 0x35, 0x09, 0x72, 0x69, 0x70, 0x65, 0x6e, 0x0a, 0x35, 0x32, 0x31,
  0x32, 0x36, 0x09, 0x72, 0x69, 0x70, 0x6c, 0x65, 0x79, 0x0a, 0x35, 0x32,
  0x31, 0x33, 0x31, 0x09, 0x72, 0x69, 0x73, 0x65, 0x0a, 0x35, 0x32, 0x31,
  0x33, 0x32, 0x09, 0x72, 0x69, 0x73, 0x65, 0x6e, 0x0a, 0x35, 0x32, 0x31,
  0x33, 0x33, 0x09, 0x72, 0x69, 0x73, 0x6b, 0x0a, 0x35, 0x32, 0x31, 0x33,
  0x34, 0x09, 0x72, 0x69, 0x73, 0x6b, 0x79, 0x0a, 0x35, 0x32, 0x31, 0x33,
  0x35, 0x09, 0x72, 0x69, 0x74, 0x65, 0x0a, 0x35, 0x32, 0x31, 0x33, 0x36,
  0x09, 0x72, 0x69, 0x74, 0x7a, 0x0a, 0x35, 0x32, 0x31, 0x34, 0x31, 0x09,
  0x72, 0x69, 0x76, 0x61, 0x6c, 0x0a, 0x35, 0x32, 0x31, 0x34, 0x32, 0x09,
  0x72, 0x69, 0x76, 0x65, 0x6e, 0x0a, 0x35, 0x32, 0x31, 0x34, 0x33, 0x09,
  0x72, 0x69, 0x76, 0x65, 0x72, 0x0a, 0x35, 0x32, 0x31, 0x34, 0x34, 0x09,
  0x72, 0x69, 0x76, 0x65, 0x74, 0x0a, 0x35, 0x32, 0x31, 0x34, 0x35, 0x09,
  0x72, 0x69, 0x79, 0x61, 0x64, 0x68, 0x0a, 0x35, 0x32, 0x31, 0x34, 0x36,
  0x09, 0x72, 0x6a, 0x0a, 0x35, 0x32, 0x31, 0x35, 0x31, 0x09, 0x72, 0x6b,
  0x0a, 0x35, 0x32, 0x31, 0x35, 0x32, 0x09, 0x72, 0x6c, 0x0a, 0x35, 0x32,
  0x31, 0x35, 0x33, 0x09, 0x72, 0x6d, 0x0a, 0x35, 0x32, 0x31, 0x35, 0x34,
  0x09, 0x72, 0x6e, 0x0a, 0x35, 0x32, 0x31, 0x35, 0x35, 0x09, 0x72, 0x6f,
  0x0a, 0x35, 0x32, 0x31, 0x35, 0x36, 0x09, 0x72, 0x6f, 0x61, 0x63, 0x68,
  0x0a, 0x35, 0x32, 0x31, 0x36, 0x31, 0x09, 0x72, 0x6f, 0x61, 0x64, 0x0a,
  0x35, 0x32, 0x31, 0x36, 0x32, 0x09, 0x72, 0x6f, 0x61, 0x6d, 0x0a, 0x35,
  0x32, 0x31, 0x36, 0x33, 0x09, 0x72, 0x6f, 0x61, 0x72, 0x0a, 0x35, 0x32,
  0x31, 0x36, 0x34, 0x09, 0x72, 0x6f, 0x61, 0x73, 0x74, 0x0a, 0x35, 0x32,
  0x31, 0x36, 0x35, 0x09, 0x72, 0x6f, 0x62, 0x0a, 0x35, 0x32, 0x31, 0x36,
  0x36, 0x09, 0x72, 0x6f, 0x62, 0x65, 0x0a, 0x35, 0x32, 0x32, 0x31, 0x31,
  0x09, 0x72, 0x6f, 0x62, 0x69, 0x6e, 0x0a, 0x35, 0x32, 0x32, 0x31, 0x32,
  0x09, 0x72, 0x6f, 0x62, 0x6f, 0x74, 0x0a, 0x35, 0x32, 0x32, 0x31, 0x33,
  0x09, 0x72, 0x6f, 0x63, 0x6b, 0x0a, 0x35, 0x32, 0x32, 0x31, 0x34, 0x09,
  0x72, 0x6f, 0x63, 0x6b, 0x65, 0x74, 0x0a, 0x35, 0x32, 0x32, 0x31, 0x35,
  0x09, 0x72, 0x6f, 0x63, 0x6b, 0x79, 0x0a, 0x35, 0x32, 0x32, 0x31, 0x36,
  0x09, 0x72, 0x6f, 0x64, 0x0a, 0x35, 0x32, 0x32, 0x32, 0x31, 0x09, 0x72,
  0x6f, 0x64, 0x65, 0x0a, 0x35, 0x32, 0x32, 0x32, 0x32, 0x09, 0x72, 0x6f,
  0x64, 0x65, 0x6f, 0x0a, 0x35, 0x32, 0x32, 0x32, 0x33, 0x09, 0x72, 0x6f,
  0x65, 0x0a, 0x35, 0x32, 0x32, 0x32, 0x34, 0x09, 0x72, 0x6f, 0x67, 0x65,
  0x72, 0x0a, 0x35, 0x32, 0x32, 0x32, 0x35, 0x09, 0x72, 0x6f, 0x67, 0x75,
  0x65, 0x0a, 0x35, 0x32, 0x32, 0x32, 0x36, 0x09, 0x72, 0x6f, 0x69, 0x6c,
  0x0a, 0x35, 0x32, 0x32, 0x33, 0x31, 0x09, 0x72, 0x6f, 0x6c, 0x65, 0x0a,
  0x35, 0x32, 0x32, 0x33, 0x32, 0x09, 0x72, 0x6f, 0x6c, 0x6c, 0x0a, 0x35,
  0x32, 0x32, 0x33, 0x33, 0x09, 0x72, 0x6f, 0x6d, 0x61, 0x6e, 0x0a, 0x35,
  0x32, 0x32, 0x33, 0x34, 0x09, 0x72, 0x6f, 0x6d, 0x65, 0x0a, 0x35, 0x32,
  0x32, 0x33, 0x35, 0x09, 0x72, 0x6f, 0x6d, 0x65, 0x6f, 0x0a, 0x35, 0x32,
  0x32, 0x33, 0x36, 0x09, 0x72, 0x6f, 0x6d, 0x70, 0x0a, 0x35, 0x32, 0x32,
  0x34, 0x31, 0x09, 0x72, 0x6f, 0x6e, 0x0a, 0x35, 0x32, 0x32, 0x34, 0x32,
  0x09, 0x72, 0x6f, 0x6e, 0x64, 0x6f, 0x0a, 0x35, 0x32, 0x32, 0x34, 0x33,
  0x09, 0x72, 0x6f, 0x6f, 0x64, 0x0a, 0x35, 0x32, 0x32, 0x34, 0x34, 0x09,
  0x72, 0x6f, 0x6f, 0x66, 0x0a, 0x35, 0x32, 0x32, 0x34, 0x35, 0x09, 0x72,
  0x6f, 0x6f, 0x6b, 0x0a, 0x35, 0x32, 0x32, 0x34, 0x36, 0x09, 0x72, 0x6f,
  0x6f, 0x6b, 0x69, 0x65, 0x0a, 0x35, 0x32, 0x32, 0x35, 0x31, 0x09, 0x72,
  0x6f, 0x6f, 0x6b, 0x79, 0x0a, 0x35, 0x32, 0x32, 0x35, 0x32, 0x09, 0x72,
  0x6f, 0x6f, 0x6d, 0x0a, 0x35, 0x32, 0x32, 0x35, 0x33, 0x09, 0x72, 0x6f,
  0x6f, 0x6d, 0x79, 0x0a, 0x35, 0x32, 0x32, 0x35, 0x34, 0x09, 0x72, 0x6f,
  0x6f, 0x73, 0x74, 0x0a, 0x35, 0x32, 0x32, 0x35, 0x35, 0x09, 0x72, 0x6f,
  0x6f, 0x74, 0x0a, 0x35, 0x32, 0x32, 0x35, 0x36, 0x09, 0x72, 0x6f, 0x70,
  0x65, 0x0a, 0x35, 0x32, 0x32, 0x36, 0x31, 0x09, 0x72, 0x6f, 0x73, 0x61,
  0x0a, 0x35, 0x32, 0x32, 0x36, 0x32, 0x09, 0x72, 0x6f, 0x73, 0x65, 0x0a,
  0x35, 0x32, 0x32, 0x36, 0x33, 0x09, 0x72, 0x6f, 0x73, 0x65, 0x6e, 0x0a,
  0x35, 0x32, 0x32, 0x36, 0x34, 0x09, 0x72, 0x6f, 0x73, 0x73, 0x0a, 0x35,
  0x32, 0x32, 0x36, 0x35, 0x09, 0x72, 0x6f, 0x73, 0x79, 0x0a, 0x35, 0x32,
  0x32, 0x36, 0x36, 0x09, 0x72, 0x6f, 0x74, 0x0a, 0x35, 0x32, 0x33, 0x31,
  0x31, 0x09, 0x72, 0x6f, 0x74, 0x63, 0x0a, 0x35, 0x32, 0x33, 0x31, 0x32,
  0x09, 0x72, 0x6f, 0x74, 0x68, 0x0a, 0x35, 0x32, 0x33, 0x31, 0x33, 0x09,
  0x72, 0x6f, 0x74, 0x6f, 0x72, 0x0a, 0x35, 0x32, 0x33, 0x31, 0x34, 0x09,
  0x72, 0x6f, 0x75, 0x67, 0x65, 0x0a, 0x35, 0x32, 0x33, 0x31, 0x35, 0x09,
  0x72, 0x6f, 0x75, 0x67, 0x68, 0x0a, 0x35, 0x32, 0x33, 0x31, 0x36, 0x09,
  0x72, 0x6f, 0x75, 0x6e, 0x64, 0x0a, 0x35, 0x32, 0x33, 0x32, 0x31, 0x09,
  0x72, 0x6f, 0x75, 0x73, 0x65, 0x0a, 0x35, 0x32, 0x33, 0x32, 0x32, 0x09,
  0x72, 0x6f, 0x75, 0x74, 0x0a, 0x35, 0x32, 0x33, 0x32, 0x33, 0x09, 0x72,
  0x6f, 0x75, 0x74, 0x65, 0x0a, 0x35, 0x32, 0x33, 0x32, 0x34, 0x09, 0x72,
  0x6f, 0x76, 0x65, 0x0a, 0x35, 0x32, 0x33, 0x32, 0x35, 0x09, 0x72, 0x6f,
  0x77, 0x0a, 0x35, 0x32, 0x33, 0x32, 0x36, 0x09, 0x72, 0x6f, 0x77, 0x64,
  0x79, 0x0a, 0x35, 0x32, 0x33, 0x33, 0x31, 0x09, 0x72, 0x6f, 0x77, 0x65,
  0x0a, 0x35, 0x32, 0x33, 0x33, 0x32, 0x09, 0x72, 0x6f, 0x79, 0x0a, 0x35,
  0x32, 0x33, 0x33, 0x33, 0x09, 0x72, 0x6f, 0x79, 0x61, 0x6c, 0x0a, 0x35,
  0x32, 0x33, 0x33, 0x34, 0x09, 0x72, 0x6f, 0x79, 0x63, 0x65, 0x0a, 0x35,
  0x32, 0x33, 0x33, 0x35, 0x09, 0x72, 0x70, 0x0a, 0x35, 0x32, 0x33, 0x33,
  0x36, 0x09, 0x72, 0x70, 0x6d, 0x0a, 0x35, 0x32, 0x33, 0x34, 0x31, 0x09,
  0x72, 0x71, 0x0a, 0x35, 0x32, 0x33, 0x34, 0x32, 0x09, 0x72, 0x72, 0x0a,
  0x35, 0x32, 0x33, 0x34, 0x33, 0x09, 0x72, 0x72, 0x72, 0x0a, 0x35, 0x32,
  0x33, 0x34, 0x34, 0x09, 0x72, 0x72, 0x72, 0x72, 0x0a, 0x35, 0x32, 0x33,
  0x34, 0x35, 0x09, 0x72, 0x73, 0x0a, 0x35, 0x32, 0x33, 0x34, 0x36, 0x09,
  0x72, 0x73, 0x74, 0x0a, 0x35, 0x32, 0x33, 0x35, 0x31, 0x09, 0x72, 0x73,
  0x76, 0x70, 0x0a, 0x35, 0x32, 0x33, 0x35, 0x32, 0x09, 0x72, 0x74, 0x0a,
  0x35, 0x32, 0x33, 0x35, 0x33, 0x09, 0x72, 0x75, 0x0a, 0x35, 0x32, 0x33,
  0x35, 0x34, 0x09, 0x72, 0x75, 0x61, 0x6e, 0x64, 0x61, 0x0a, 0x35, 0x32,
  0x33, 0x35, 0x35, 0x09, 0x72, 0x75, 0x62, 0x0a, 0x35, 0x32, 0x33, 0x35,
  0x36, 0x09, 0x72, 0x75, 0x62, 0x65, 0x0a, 0x35, 0x32, 0x33, 0x36, 0x31,
  0x09, 0x72, 0x75, 0x62, 0x65, 0x6e, 0x0a, 0x35, 0x32, 0x33, 0x36, 0x32,
  0x09, 0x72, 0x75, 0x62, 0x69, 0x6e, 0x0a, 0x35, 0x32, 0x33, 0x36, 0x33,
  0x09, 0x72, 0x75, 0x62, 0x72, 0x69, 0x63, 0x0a, 0x35, 0x32, 0x33, 0x36,
  0x34, 0x09, 0x72, 0x75, 0x62, 0x79, 0x0a, 0x35, 0x32, 0x33, 0x36, 0x35,
  0x09, 0x72, 0x75, 0x64, 0x64, 0x79, 0x0a, 0x35, 0x32, 0x33, 0x36, 0x36,
  0x09, 0x72, 0x75, 0x64, 0x65, 0x0a, 0x35, 0x32, 0x34, 0x31, 0x31, 0x09,
  0x72, 0x75, 0x64, 0x79, 0x0a, 0x35, 0x32, 0x34, 0x31, 0x32, 0x09, 0x72,
  0x75, 0x65, 0x0a, 0x35, 0x32, 0x34, 0x31, 0x33, 0x09, 0x72, 0x75, 0x66,
  0x75, 0x73, 0x0a, 0x35, 0x32, 0x34, 0x31, 0x34, 0x09, 0x72, 0x75, 0x67,
  0x0a, 0x35, 0x32, 0x34, 0x31, 0x35, 0x09, 0x72, 0x75, 0x69, 0x6e, 0x0a,
  0x35, 0x32, 0x34, 0x31, 0x36, 0x09, 0x72, 0x75, 0x6c, 0x65, 0x0a, 0x35,
  0x32, 0x34, 0x32, 0x31, 0x09, 0x72, 0x75, 0x6d, 0x0a, 0x35, 0x32, 0x34,
  0x32, 0x32, 0x09, 0x72, 0x75, 0x6d, 0x65, 0x6e, 0x0a, 0x35, 0x32, 0x34,
  0x32, 0x33, 0x09, 0x72, 0x75, 0x6d, 0x6d, 0x79, 0x0a, 0x35, 0x32, 0x34,
  0x32, 0x34, 0x09, 0x72, 0x75, 0x6d, 0x70, 0x0a, 0x35, 0x32, 0x34, 0x32,
  0x35, 0x09, 0x72, 0x75, 0x6d, 0x70, 0x75, 0x73, 0x0a, 0x35, 0x32, 0x34,
  0x32, 0x36, 0x09, 0x72, 0x75, 0x6e, 0x0a, 0x35, 0x32, 0x34, 0x33, 0x31,
  0x09, 0x72, 0x75, 0x6e, 0x65, 0x0a, 0x35, 0x32, 0x34, 0x33, 0x32, 0x09,
  0x72, 0x75, 0x6e, 0x67, 0x0a, 0x35, 0x32, 0x34, 0x33, 0x33, 0x09, 0x72,
  0x75, 0x6e, 0x67, 0x65, 0x0a, 0x35, 0x32, 0x34, 0x33, 0x34, 0x09, 0x72,
  0x75, 0x6e, 0x69, 0x63, 0x0a, 0x35, 0x32, 0x34, 0x33, 0x35, 0x09, 0x72,
  0x75, 0x6e, 0x74, 0x0a, 0x35, 0x32, 0x34, 0x33, 0x36, 0x09, 0x72, 0x75,
  0x6e, 0x74, 0x79, 0x0a, 0x35, 0x32, 0x34, 0x34, 0x31, 0x09, 0x72, 0x75,
  0x70, 0x65, 0x65, 0x0a, 0x35, 0x32, 0x34, 0x34, 0x32, 0x09, 0x72, 0x75,
  0x72, 0x61, 0x6c, 0x0a, 0x35, 0x32, 0x34, 0x34, 0x33, 0x09, 0x72, 0x75,
  0x73, 0x65, 0x0a, 0x35, 0x32, 0x34, 0x34, 0x34, 0x09, 0x72, 0x75, 0x73,
  0x68, 0x0a, 0x35, 0x32, 0x34, 0x34, 0x35, 0x09, 0x72, 0x75, 0x73, 0x6b,
  0x0a, 0x35, 0x32, 0x34, 0x34, 0x36, 0x09, 0x72, 0x75, 0x73, 0x73, 0x0a,
  0x35, 0x32, 0x34, 0x35, 0x31, 0x09, 0x72, 0x75, 0x73, 0x73, 0x6f, 0x0a,
  0x35, 0x32, 0x34, 0x35, 0x32, 0x09, 0x72, 0x75, 0x73, 0x74, 0x0a, 0x35,
  0x32, 0x34, 0x35, 0x33, 0x09, 0x72, 0x75, 0x73, 0x74, 0x79, 0x0a, 0x35,
  0x32, 0x34, 0x35, 0x34, 0x09, 0x72, 0x75, 0x74, 0x0a, 0x35, 0x32, 0x34,
  0x35, 0x35, 0x09, 0x72, 0x75, 0x74, 0x68, 0x0a, 0x35, 0x32, 0x34, 0x35,
  0x36, 0x09, 0x72, 0x75, 0x74, 0x74, 0x79, 0x0a, 0x35, 0x32, 0x34, 0x36,
  0x31, 0x09, 0x72, 0x76, 0x0a, 0x35, 0x32, 0x34, 0x36, 0x32, 0x09, 0x72,
  0x77, 0x0a, 0x35, 0x32, 0x34, 0x36, 0x33, 0x09, 0x72, 0x78, 0x0a, 0x35,
  0x32, 0x34, 0x36, 0x34, 0x09, 0x72, 0x79, 0x0a, 0x35, 0x32, 0x34, 0x36,
  0x35, 0x09, 0x72, 0x79, 0x61, 0x6e, 0x0a, 0x35, 0x32, 0x34, 0x36, 0x36,
  0x09, 0x72, 0x79, 0x64, 0x65, 0x72, 0x0a, 0x35, 0x32, 0x35, 0x31, 0x31,
  0x09, 0x72, 0x79, 0x65, 0x0a, 0x35, 0x32, 0x35, 0x31, 0x32, 0x09, 0x72,
  0x7a, 0x0a, 0x35, 0x32, 0x35, 0x31, 0x33, 0x09, 0x73, 0x0a, 0x35, 0x32,
  0x35, 0x31, 0x34, 0x09, 0x73, 0x27, 0x73, 0x0a, 0x35, 0x32, 0x35, 0x31,
  0x35, 0x09, 0x73, 0x61, 0x0a, 0x35, 0x32, 0x35, 0x31, 0x36, 0x09, 0x73,
  0x61, 0x62, 0x69, 0x6e, 0x65, 0x0a, 0x35, 0x32, 0x35, 0x32, 0x31, 0x09,
  0x73, 0x61, 0x62, 0x6c, 0x65, 0x0a, 0x35, 0x32, 0x35, 0x32, 0x32, 0x09,
  0x73, 0x61, 0x62, 0x72, 0x61, 0x0a, 0x35, 0x32, 0x35, 0x32, 0x33, 0x09,
  0x73, 0x61, 0x63, 0x0a, 0x35, 0x32, 0x35, 0x32, 0x34, 0x09, 0x73, 0x61,
  0x63, 0x68, 0x73, 0x0a, 0x35, 0x32, 0x35, 0x32, 0x35, 0x09, 0x73, 0x61,
  0x63, 0x6b, 0x0a, 0x35, 0x32, 0x35, 0x32, 0x36, 0x09, 0x73, 0x61, 0x64,
  0x0a, 0x35, 0x32, 0x35, 0x33, 0x31, 0x09, 0x73, 0x61, 0x64, 0x64, 0x6c,
  0x65, 0x0a, 0x35, 0x32, 0x35, 0x33, 0x32, 0x09, 0x73, 0x61, 0x64, 0x69,
  0x65, 0x0a, 0x35, 0x32, 0x35, 0x33, 0x33, 0x09, 0x73, 0x61, 0x66, 0x61,
  0x72, 0x69, 0x0a, 0x35, 0x32, 0x35, 0x33, 0x34, 0x09, 0x73, 0x61, 0x66,
  0x65, 0x0a, 0x35, 0x32, 0x35, 0x33, 0x35, 0x09, 0x73, 0x61, 0x67, 0x0a,
  0x35, 0x32, 0x35, 0x33, 0x36, 0x09, 0x73, 0x61, 0x67, 0x61, 0x0a, 0x35,
  0x32, 0x35, 0x34, 0x31, 0x09, 0x73, 0x61, 0x67, 0x65, 0x0a, 0x35, 0x32,
  0x35, 0x34, 0x32, 0x09, 0x73, 0x61, 0x67, 0x6f, 0x0a, 0x35, 0x32, 0x35,
  0x34, 0x33, 0x09, 0x73, 0x61, 0x69, 0x64, 0x0a, 0x35, 0x32, 0x35, 0x34,
  0x34, 0x09, 0x73, 0x61, 0x69, 0x6c, 0x0a, 0x35, 0x32, 0x35, 0x34, 0x35,
  0x09, 0x73, 0x61, 0x69, 0x6e, 0x74, 0x0a, 0x35, 0x32, 0x35, 0x34, 0x36,
  0x09, 0x73, 0x61, 0x6b, 0x65, 0x0a, 0x35, 0x32, 0x35, 0x35, 0x31, 0x09,
  0x73, 0x61, 0x6c, 0x0a, 0x35, 0x32, 0x35, 0x35, 0x32, 0x09, 0x73, 0x61,
  0x6c, 0x61, 0x64, 0x0a, 0x35, 0x32, 0x35, 0x35, 0x33, 0x09, 0x73, 0x61,
  0x6c, 0x65, 0x0a, 0x35, 0x32, 0x35, 0x35, 0x34, 0x09, 0x73, 0x61, 0x6c,
  0x65, 0x6d, 0x0a, 0x35, 0x32, 0x35, 0x35, 0x35, 0x09, 0x73, 0x61, 0x6c,
  0x69, 0x6e, 0x65, 0x0a, 0x35, 0x32, 0x35, 0x35, 0x36, 0x09, 0x73, 0x61,
  0x6c, 0x6b, 0x0a, 0x35, 0x32, 0x35, 0x36, 0x31, 0x09, 0x73, 0x61, 0x6c,
  0x6c, 0x65, 0x0a, 0x35, 0x32, 0x35, 0x36, 0x32, 0x09, 0x73, 0x61, 0x6c,
  0x6c, 0x79, 0x0a, 0x35, 0x32, 0x35, 0x36, 0x33, 0x09, 0x73, 0x61, 0x6c,
  0x6f, 0x6e, 0x0a, 0x35, 0x32, 0x35, 0x36, 0x34, 0x09, 0x73, 0x61, 0x6c,
  0x74, 0x0a, 0x35, 0x32, 0x35, 0x36, 0x35, 0x09, 0x73, 0x61, 0x6c, 0x74,
  0x79, 0x0a, 0x35, 0x32, 0x35, 0x36, 0x36, 0x09, 0x73, 0x61, 0x6c, 0x76,
  0x65, 0x0a, 0x35, 0x32, 0x36, 0x31, 0x31, 0x09, 0x73, 0x61, 0x6c, 0x76,
  0x6f, 0x0a, 0x35, 0x32, 0x36, 0x31, 0x32, 0x09, 0x73, 0x61, 0x6d, 0x0a,
  0x35, 0x32, 0x36, 0x31, 0x33, 0x09, 0x73, 0x61, 0x6d, 0x62, 0x61, 0x0a,
  0x35, 0x32, 0x36, 0x31, 0x34, 0x09, 0x73, 0x61, 0x6d, 0x65, 0x0a, 0x35,
  0x32, 0x36, 0x31, 0x35, 0x09, 0x73, 0x61, 0x6d, 0x6d, 0x79, 0x0a, 0x35,
  0x32, 0x36, 0x31, 0x36, 0x09, 0x73, 0x61, 0x6d, 0x6f, 0x61, 0x0a, 0x35,
  0x32, 0x36, 0x32, 0x31, 0x09, 0x73, 0x61, 0x6d, 0x75, 0x65, 0x6c, 0x0a,
  0x35, 0x32, 0x36, 0x32, 0x32, 0x09, 0x73, 0x61, 0x6e, 0x0a, 0x35, 0x32,
  0x36, 0x32, 0x33, 0x09, 0x73, 0x61, 0x6e, 0x61, 0x0a, 0x35, 0x32, 0x36,
  0x32, 0x34, 0x09, 0x73, 0x61, 0x6e, 0x64, 0x0a, 0x35, 0x32, 0x36, 0x32,
  0x35, 0x09, 0x73, 0x61, 0x6e, 0x64, 0x61, 0x6c, 0x0a, 0x35, 0x32, 0x36,
  0x32, 0x36, 0x09, 0x73, 0x61, 0x6e, 0x64, 0x79, 0x0a, 0x35, 0x32, 0x36,
  0x33, 0x31, 0x09, 0x73, 0x61, 0x6e, 0x65, 0x0a, 0x35, 0x32, 0x36, 0x33,
  0x32, 0x09, 0x73, 0x61, 0x6e, 0x67, 0x0a, 0x35, 0x32, 0x36, 0x33, 0x33,
  0x09, 0x73, 0x61, 0x6e, 0x6b, 0x0a, 0x35, 0x32, 0x36, 0x33, 0x34, 0x09,
  0x73, 0x61, 0x6e, 0x73, 0x0a, 0x35, 0x32, 0x36, 0x33, 0x35, 0x09, 0x73,
  0x61, 0x6e, 0x74, 0x61, 0x0a, 0x35, 0x32, 0x36, 0x33, 0x36, 0x09, 0x73,
  0x61, 0x6e, 0x74, 0x6f, 0x0a, 0x35, 0x32, 0x36, 0x34, 0x31, 0x09, 0x73,
  0x61, 0x6f, 0x0a, 0x35, 0x32, 0x36, 0x34, 0x32, 0x09, 0x73, 0x61, 0x70,
  0x0a, 0x35, 0x32, 0x36, 0x34, 0x33, 0x09, 0x73, 0x61, 0x70, 0x70, 0x79,
  0x0a, 0x35, 0x32, 0x36, 0x34, 0x34, 0x09, 0x73, 0x61, 0x72, 0x61, 0x0a,
  0x35, 0x32, 0x36, 0x34, 0x35, 0x09, 0x73, 0x61, 0x72, 0x61, 0x68, 0x0a,
  0x35, 0x32, 0x36, 0x34, 0x36, 0x09, 0x73, 0x61, 0x72, 0x61, 0x6e, 0x0a,
  0x35, 0x32, 0x36, 0x35, 0x31, 0x09, 0x73, 0x61, 0x72, 0x69, 0x0a, 0x35,
  0x32, 0x36, 0x35, 0x32, 0x09, 0x73, 0x61, 0x73, 0x68, 0x0a, 0x35, 0x32,
  0x36, 0x35, 0x33, 0x09, 0x73, 0x61, 0x74, 0x0a, 0x35, 0x32, 0x36, 0x35,
  0x34, 0x09, 0x73, 0x61, 0x74, 0x61, 0x6e, 0x0a, 0x35, 0x32, 0x36, 0x35,
  0x35, 0x09, 0x73, 0x61, 0x74, 0x69, 0x6e, 0x0a, 0x35, 0x32, 0x36, 0x35,
  0x36, 0x09, 0x73, 0x61, 0x74, 0x79, 0x72, 0x0a, 0x35, 0x32, 0x36, 0x36,
  0x31, 0x09, 0x73, 0x61, 0x75, 0x63, 0x65, 0x0a, 0x35, 0x32, 0x36, 0x36,
  0x32, 0x09, 0x73, 0x61, 0x75, 0x63, 0x79, 0x0a, 0x35, 0x32, 0x36, 0x36,
  0x33, 0x09, 0x73, 0x61, 0x75, 0x64, 0x0a, 0x35, 0x32, 0x36, 0x36, 0x34,
  0x09, 0x73, 0x61, 0x75, 0x64, 0x69, 0x0a, 0x35, 0x32, 0x36, 0x36, 0x35,
  0x09, 0x73, 0x61, 0x75, 0x6c, 0x0a, 0x35, 0x32, 0x36, 0x36, 0x36, 0x09,
  0x73, 0x61, 0x75, 0x6c, 0x74, 0x0a, 0x35, 0x33, 0x31, 0x31, 0x31, 0x09,
  0x73, 0x61, 0x75, 0x74, 0x65, 0x0a, 0x35, 0x33, 0x31, 0x31, 0x32, 0x09,
  0x73, 0x61, 0x76, 0x65, 0x0a, 0x35, 0x33, 0x31, 0x31, 0x33, 0x09, 0x73,
  0x61, 0x76, 0x6f, 0x79, 0x0a, 0x35, 0x33, 0x31, 0x31, 0x34, 0x09, 0x73,
  0x61, 0x76, 0x76, 0x79, 0x0a, 0x35, 0x33, 0x31, 0x31, 0x35, 0x09, 0x73,
  0x61, 0x77, 0x0a, 0x35, 0x33, 0x31, 0x31, 0x36, 0x09, 0x73, 0x61, 0x77,
  0x79, 0x65, 0x72, 0x0a, 0x35, 0x33, 0x31, 0x32, 0x31, 0x09, 0x73, 0x61,
  0x78, 0x0a, 0x35, 0x33, 0x31, 0x32, 0x32, 0x09, 0x73, 0x61, 0x78, 0x6f,
  0x6e, 0x0a, 0x35, 0x33, 0x31, 0x32, 0x33, 0x09, 0x73, 0x61, 0x79, 0x0a,
  0x35, 0x33, 0x31, 0x32, 0x34, 0x09, 0x73, 0x62, 0x0a, 0x35, 0x33, 0x31,
  0x32, 0x35, 0x09, 0x73, 0x63, 0x0a, 0x35, 0x33, 0x31, 0x32, 0x36, 0x09,
  0x73, 0x63, 0x61, 0x62, 0x0a, 0x35, 0x33, 0x31, 0x33, 0x31, 0x09, 0x73,
  0x63, 0x61, 0x6c, 0x61, 0x0a, 0x35, 0x33, 0x31, 0x33, 0x32, 0x09, 0x73,
  0x63, 0x61, 0x6c, 0x64, 0x0a, 0x35, 0x33, 0x31, 0x33, 0x33, 0x09, 0x73,
  0x63, 0x61, 0x6c, 0x65, 0x0a, 0x35, 0x33, 0x31, 0x33, 0x34, 0x09, 0x73,
  0x63, 0x61, 0x6c, 0x70, 0x0a, 0x35, 0x33, 0x31, 0x33, 0x35, 0x09, 0x73,
  0x63, 0x61, 0x6d, 0x0a, 0x35, 0x33, 0x31, 0x33, 0x36, 0x09, 0x73, 0x63,
  0x61, 0x6d, 0x70, 0x0a, 0x35, 0x33, 0x31, 0x34, 0x31, 0x09, 0x73, 0x63,
  0x61, 0x6e, 0x0a, 0x35, 0x33, 0x31, 0x34, 0x32, 0x09, 0x73, 0x63, 0x61,
  0x6e, 0x74, 0x0a, 0x35, 0x33, 0x31, 0x34, 0x33, 0x09, 0x73, 0x63, 0x61,
  0x72, 0x0a, 0x35, 0x33, 0x31, 0x34, 0x34, 0x09, 0x73, 0x63, 0x61, 0x72,
  0x65, 0x0a, 0x35, 0x33, 0x31, 0x34, 0x35, 0x09, 0x73, 0x63, 0x61, 0x72,
  0x66, 0x0a, 0x35, 0x33, 0x31, 0x34, 0x36, 0x09, 0x73, 0x63, 0x61, 0x72,
  0x79, 0x0a, 0x35, 0x33, 0x31, 0x35, 0x31, 0x09, 0x73, 0x63, 0x61, 0x74,
  0x0a, 0x35, 0x33, 0x31, 0x35, 0x32, 0x09, 0x73, 0x63, 0x61, 0x75, 0x70,
  0x0a, 0x35, 0x33, 0x31, 0x35, 0x33, 0x09, 0x73, 0x63, 0x65, 0x6e, 0x65,
  0x0a, 0x35, 0x33, 0x31, 0x35, 0x34, 0x09, 0x73, 0x63, 0x65, 0x6e, 0x74,
  0x0a, 0x35, 0x33, 0x31, 0x35, 0x35, 0x09, 0x73, 0x63, 0x68, 0x6f, 0x6f,
  0x6c, 0x0a, 0x35, 0x33, 0x31, 0x35, 0x36, 0x09, 0x73, 0x63, 0x69, 0x6f,
  0x6e, 0x0a, 0x35, 0x33, 0x31, 0x36, 0x31, 0x09, 0x73, 0x63, 0x6d, 0x0a,
  0x35, 0x33, 0x31, 0x36, 0x32, 0x09, 0x73, 0x63, 0x6f, 0x66, 0x66, 0x0a,
  0x35, 0x33, 0x31, 0x36, 0x33, 0x09, 0x73, 0x63, 0x6f, 0x6c, 0x64, 0x0a,
  0x35, 0x33, 0x31, 0x36, 0x34, 0x09, 0x73, 0x63, 0x6f, 0x6f, 0x70, 0x0a,
  0x35, 0x33, 0x31, 0x36, 0x35, 0x09, 0x73, 0x63, 0x6f, 0x6f, 0x74, 0x0a,
  0x35, 0x33, 0x31, 0x36, 0x36, 0x09, 0x73, 0x63, 0x6f, 0x70, 0x65, 0x0a,
  0x35, 0x33, 0x32, 0x31, 0x31, 0x09, 0x73, 0x63, 0x6f, 0x70, 0x73, 0x0a,
  0x35, 0x33, 0x32, 0x31, 0x32, 0x09, 0x73, 0x63, 0x6f, 0x72, 0x65, 0x0a,
  0x35, 0x33, 0x32, 0x31, 0x33, 0x09, 0x73, 0x63, 0x6f, 0x72, 0x69, 0x61,
  0x0a, 0x35, 0x33, 0x32, 0x31, 0x34, 0x09, 0x73, 0x63, 0x6f, 0x72, 0x6e,
  0x0a, 0x35, 0x33, 0x32, 0x31, 0x35, 0x09, 0x73, 0x63, 0x6f, 0x74, 0x0a,
  0x35, 0x33, 0x32, 0x31, 0x36, 0x09, 0x73, 0x63, 0x6f, 0x74, 0x74, 0x0a,
  0x35, 0x33, 0x32, 0x32, 0x31, 0x09, 0x73, 0x63, 0x6f, 0x75, 0x72, 0x0a,
  0x35, 0x33, 0x32, 0x32, 0x32, 0x09, 0x73, 0x63, 0x6f, 0x75, 0x74, 0x0a,
  0x35, 0x33, 0x32, 0x32, 0x33, 0x09, 0x73, 0x63, 0x6f, 0x77, 0x6c, 0x0a,
  0x35, 0x33, 0x32, 0x32, 0x34, 0x09, 0x73, 0x63, 0x72, 0x61, 0x6d, 0x0a,
  0x35, 0x33, 0x32, 0x32, 0x35, 0x09, 0x73, 0x63, 0x72, 0x61, 0x70, 0x0a,
  0x35, 0x33, 0x32, 0x32, 0x36, 0x09, 0x73, 0x63, 0x72, 0x61, 0x70, 0x65,
  0x0a, 0x35, 0x33, 0x32, 0x33, 0x31, 0x09, 0x73, 0x63, 0x72, 0x65, 0x77,
  0x0a, 0x35, 0x33, 0x32, 0x33, 0x32, 0x09, 0x73, 0x63, 0x72, 0x69, 0x6d,
  0x0a, 0x35, 0x33, 0x32, 0x33, 0x33, 0x09, 0x73, 0x63, 0x72, 0x75, 0x62,
  0x0a, 0x35, 0x33, 0x32, 0x33, 0x34, 0x09, 0x73, 0x63, 0x75, 0x62, 0x61,
  0x0a, 0x35, 0x33, 0x32, 0x33, 0x35, 0x09, 0x73, 0x63, 0x75, 0x64, 0x0a,
  0x35, 0x33, 0x32, 0x33, 0x36, 0x09, 0x73, 0x63, 0x75, 0x66, 0x66, 0x0a,
  0x35, 0x33, 0x32, 0x34, 0x31, 0x09, 0x73, 0x63, 0x75, 0x6c, 0x6c, 0x0a,
  0x35, 0x33, 0x32, 0x34, 0x32, 0x09, 0x73, 0x63, 0x75, 0x6d, 0x0a, 0x35,
  0x33, 0x32, 0x34, 0x33, 0x09, 0x73, 0x63, 0x75, 0x72, 0x72, 0x79, 0x0a,
  0x35, 0x33, 0x32, 0x34, 0x34, 0x09, 0x73, 0x64, 0x0a, 0x35, 0x33, 0x32,
  0x34, 0x35, 0x09, 0x73, 0x65, 0x0a, 0x35, 0x33, 0x32, 0x34, 0x36, 0x09,
  0x73, 0x65, 0x61, 0x0a, 0x35, 0x33, 0x32, 0x35, 0x31, 0x09, 0x73, 0x65,
  0x61, 0x6c, 0x0a, 0x35, 0x33, 0x32, 0x35, 0x32, 0x09, 0x73, 0x65, 0x61,
  0x6d, 0x0a, 0x35, 0x33, 0x32, 0x35, 0x33, 0x09, 0x73, 0x65, 0x61, 0x6d,
  0x79, 0x0a, 0x35, 0x33, 0x32, 0x35, 0x34, 0x09, 0x73, 0x65, 0x61, 0x6e,
  0x0a, 0x35, 0x33, 0x32, 0x35, 0x35, 0x09, 0x73, 0x65, 0x61, 0x72, 0x0a,
  0x35, 0x33, 0x32, 0x35, 0x36, 0x09, 0x73, 0x65, 0x61, 0x72, 0x73, 0x0a,
  0x35, 0x33, 0x32, 0x36, 0x31, 0x09, 0x73, 0x65, 0x61, 0x73, 0x6f, 0x6e,
  0x0a, 0x35, 0x33, 0x32, 0x36, 0x32, 0x09, 0x73, 0x65, 0x61, 0x74, 0x0a,
  0x35, 0x33, 0x32, 0x36, 0x33, 0x09, 0x73, 0x65, 0x63, 0x0a, 0x35, 0x33,
  0x32, 0x36, 0x34, 0x09, 0x73, 0x65, 0x63, 0x61, 0x6e, 0x74, 0x0a, 0x35,
  0x33, 0x32, 0x36, 0x35, 0x09, 0x73, 0x65, 0x63, 0x74, 0x0a, 0x35, 0x33,
  0x32, 0x36, 0x36, 0x09, 0x73, 0x65, 0x64, 0x61, 0x6e, 0x0a, 0x35, 0x33,
  0x33, 0x31, 0x31, 0x09, 0x73, 0x65, 0x64, 0x65, 0x72, 0x0a, 0x35, 0x33,
  0x33, 0x31, 0x32, 0x09, 0x73, 0x65, 0x64, 0x67, 0x65, 0x0a, 0x35, 0x33,
  0x33, 0x31, 0x33, 0x09, 0x73, 0x65, 0x65, 0x0a, 0x35, 0x33, 0x33, 0x31,
  0x34, 0x09, 0x73, 0x65, 0x65, 0x64, 0x0a, 0x35, 0x33, 0x33, 0x31, 0x35,
  0x09, 0x73, 0x65, 0x65, 0x64, 0x79, 0x0a, 0x35, 0x33, 0x33, 0x31, 0x36,
  0x09, 0x73, 0x65, 0x65, 0x6b, 0x0a, 0x35, 0x33, 0x33, 0x32, 0x31, 0x09,
  0x73, 0x65, 0x65, 0x6d, 0x0a, 0x35, 0x33, 0x33, 0x32, 0x32, 0x09, 0x73,
  0x65, 0x65, 0x6e, 0x0a, 0x35, 0x33, 0x33, 0x32, 0x33, 0x09, 0x73, 0x65,
  0x65, 0x70, 0x0a, 0x35, 0x33, 0x33, 0x32, 0x34, 0x09, 0x73, 0x65, 0x65,
  0x74, 0x68, 0x65, 0x0a, 0x35, 0x33, 0x33, 0x32, 0x35, 0x09, 0x73, 0x65,
  0x69, 0x7a, 0x65, 0x0a, 0x35, 0x33, 0x33, 0x32, 0x36, 0x09, 0x73, 0x65,
  0x6c, 0x66, 0x0a, 0x35, 0x33, 0x33, 0x33, 0x31, 0x09, 0x73, 0x65, 0x6c,
  0x6c, 0x0a, 0x35, 0x33, 0x33, 0x33, 0x32, 0x09, 0x73, 0x65, 0x6c, 0x6d,
  0x61, 0x0a, 0x35, 0x33, 0x33, 0x33, 0x33, 0x09, 0x73, 0x65, 0x6d, 0x69,
  0x0a, 0x35, 0x33, 0x33, 0x33, 0x34, 0x09, 0x73, 0x65, 0x6e, 0x0a, 0x35,
  0x33, 0x33, 0x33, 0x35, 0x09, 0x73, 0x65, 0x6e, 0x64, 0x0a, 0x35, 0x33,
  0x33, 0x33, 0x36, 0x09, 0x73, 0x65, 0x6e, 0x65, 0x63, 0x61, 0x0a, 0x35,
  0x33, 0x33, 0x34, 0x31, 0x09, 0x73, 0x65, 0x6e, 0x6f, 0x72, 0x0a, 0x35,
  0x33, 0x33, 0x34, 0x32, 0x09, 0x73, 0x65, 0x6e, 0x73, 0x65, 0x0a, 0x35,
  0x33, 0x33, 0x34, 0x33, 0x09, 0x73, 0x65, 0x6e, 0x74, 0x0a, 0x35, 0x33,
  0x33, 0x34, 0x34, 0x09, 0x73, 0x65, 0x6e, 0x74, 0x72, 0x79, 0x0a, 0x35,
  0x33, 0x33, 0x34, 0x35, 0x09, 0x73, 0x65, 0x6f, 0x75, 0x6c, 0x0a, 0x35,
  0x33, 0x33, 0x34, 0x36, 0x09, 0x73, 0x65, 0x70, 0x61, 0x6c, 0x0a, 0x35,
  0x33, 0x33, 0x35, 0x31, 0x09, 0x73, 0x65, 0x70, 0x69, 0x61, 0x0a, 0x35,
  0x33, 0x33, 0x35, 0x32, 0x09, 0x73, 0x65, 0x70, 0x6f, 0x79, 0x0a, 0x35,
  0x33, 0x33, 0x35, 0x33, 0x09, 0x73, 0x65, 0x70, 0x74, 0x0a, 0x35, 0x33,
  0x33, 0x35, 0x34, 0x09, 0x73, 0x65, 0x70, 0x74, 0x61, 0x0a, 0x35, 0x33,
  0x33, 0x35, 0x35, 0x09, 0x73, 0x65, 0x71, 0x75, 0x69, 0x6e, 0x0a, 0x35,
  0x33, 0x33, 0x35, 0x36, 0x09, 0x73, 0x65, 0x72, 0x61, 0x0a, 0x35, 0x33,
  0x33, 0x36, 0x31, 0x09, 0x73, 0x65, 0x72, 0x66, 0x0a, 0x35, 0x33, 0x33,
  0x36, 0x32, 0x09, 0x73, 0x65, 0x72, 0x67, 0x65, 0x0a, 0x35, 0x33, 0x33,
  0x36, 0x33, 0x09, 0x73, 0x65, 0x72, 0x69, 0x66, 0x0a, 0x35, 0x33, 0x33,
  0x36, 0x34, 0x09, 0x73, 0x65, 0x72, 0x75, 0x6d, 0x0a, 0x35, 0x33, 0x33,
  0x36, 0x35, 0x09, 0x73, 0x65, 0x72, 0x76, 0x65, 0x0a, 0x35, 0x33, 0x33,
  0x36, 0x36, 0x09, 0x73, 0x65, 0x72, 0x76, 0x6f, 0x0a, 0x35, 0x33, 0x34,
  0x31, 0x31, 0x09, 0x73, 0x65, 0x74, 0x0a, 0x35, 0x33, 0x34, 0x31, 0x32,
  0x09, 0x73, 0x65, 0x74, 0x68, 0x0a, 0x35, 0x33, 0x34, 0x31, 0x33, 0x09,
  0x73, 0x65, 0x74, 0x6f, 0x6e, 0x0a, 0x35, 0x33, 0x34, 0x31, 0x34, 0x09,
  0x73, 0x65, 0x74, 0x75, 0x70, 0x0a, 0x35, 0x33, 0x34, 0x31, 0x35, 0x09,
  0x73, 0x65, 0x76, 0x65, 0x6e, 0x0a, 0x35, 0x33, 0x34, 0x31, 0x36, 0x09,
  0x73, 0x65, 0x76, 0x65, 0x72, 0x0a, 0x35, 0x33, 0x34, 0x32, 0x31, 0x09,
  0x73, 0x65, 0x76, 0x65, 0x72, 0x65, 0x0a, 0x35, 0x33, 0x34, 0x32, 0x32,
  0x09, 0x73, 0x65, 0x77, 0x0a, 0x35, 0x33, 0x34, 0x32, 0x33, 0x09, 0x73,
  0x65, 0x77, 0x6e, 0x0a, 0x35, 0x33, 0x34, 0x32, 0x34, 0x09, 0x73, 0x65,
  0x78, 0x0a, 0x35, 0x33, 0x34, 0x32, 0x35, 0x09, 0x73, 0x65, 0x78, 0x79,
  0x0a, 0x35, 0x33, 0x34, 0x32, 0x36, 0x09, 0x73, 0x66, 0x0a, 0x35, 0x33,
  0x34, 0x33, 0x31, 0x09, 0x73, 0x67, 0x0a, 0x35, 0x33, 0x34, 0x33, 0x32,
  0x09, 0x73, 0x68, 0x0a, 0x35, 0x33, 0x34, 0x33, 0x33, 0x09, 0x73, 0x68,
  0x61, 0x63, 0x6b, 0x0a, 0x35, 0x33, 0x34, 0x33, 0x34, 0x09, 0x73, 0x68,
  0x61, 0x64, 0x0a, 0x35, 0x33, 0x34, 0x33, 0x35, 0x09, 0x73, 0x68, 0x61,
  0x64, 0x65, 0x0a, 0x35, 0x33, 0x34, 0x33, 0x36, 0x09, 0x73, 0x68, 0x61,
  0x64, 0x79, 0x0a, 0x35, 0x33, 0x34, 0x34, 0x31, 0x09, 0x73, 0x68, 0x61,
  0x66, 0x65, 0x72, 0x0a, 0x35, 0x33, 0x34, 0x34, 0x32, 0x09, 0x73, 0x68,
  0x61, 0x66, 0x74, 0x0a, 0x35, 0x33, 0x34, 0x34, 0x33, 0x09, 0x73, 0x68,
  0x61, 0x67, 0x0a, 0x35, 0x33, 0x34, 0x34, 0x34, 0x09, 0x73, 0x68, 0x61,
  0x68, 0x0a, 0x35, 0x33, 0x34, 0x34, 0x35, 0x09, 0x73, 0x68, 0x61, 0x6b,
  0x65, 0x0a, 0x35, 0x33, 0x34, 0x34, 0x36, 0x09, 0x73, 0x68, 0x61, 0x6b,
  0x65, 0x6e, 0x0a, 0x35, 0x33, 0x34, 0x35, 0x31, 0x09, 0x73, 0x68, 0x61,
  0x6b, 0x6f, 0x0a, 0x35, 0x33, 0x34, 0x35, 0x32, 0x09, 0x73, 0x68, 0x61,
  0x6b, 0x79, 0x0a, 0x35, 0x33, 0x34, 0x35, 0x33, 0x09, 0x73, 0x68, 0x61,
  0x6c, 0x65, 0x0a, 0x35, 0x33, 0x34, 0x35, 0x34, 0x09, 0x73, 0x68, 0x61,
  0x6c, 0x6c, 0x0a, 0x35, 0x33, 0x34, 0x35, 0x35, 0x09, 0x73, 0x68, 0x61,
  0x6d, 0x0a, 0x35, 0x33, 0x34, 0x35, 0x36, 0x09, 0x73, 0x68, 0x61, 0x6d,
  0x65, 0x0a, 0x35, 0x33, 0x34, 0x36, 0x31, 0x09, 0x73, 0x68, 0x61, 0x6e,
  0x6b, 0x0a, 0x35, 0x33, 0x34, 0x36, 0x32, 0x09, 0x73, 0x68, 0x61, 0x70,
  0x65, 0x0a, 0x35, 0x33, 0x34, 0x36, 0x33, 0x09, 0x73, 0x68, 0x61, 0x72,
  0x64, 0x0a, 0x35, 0x33, 0x34, 0x36, 0x34, 0x09, 0x73, 0x68, 0x61, 0x72,
  0x65, 0x0a, 0x35, 0x33, 0x34, 0x36, 0x35, 0x09, 0x73, 0x68, 0x61, 0x72,
  0x69, 0x0a, 0x35, 0x33, 0x34, 0x36, 0x36, 0x09, 0x73, 0x68, 0x61, 0x72,
  0x6b, 0x0a, 0x35, 0x33, 0x35, 0x31, 0x31, 0x09, 0x73, 0x68, 0x61, 0x72,
  0x70, 0x0a, 0x35, 0x33, 0x35, 0x31, 0x32, 0x09, 0x73, 0x68, 0x61, 0x76,
  0x65, 0x0a, 0x35, 0x33, 0x35, 0x31, 0x33, 0x09, 0x73, 0x68, 0x61, 0x77,
  0x0a, 0x35, 0x33, 0x35, 0x31, 0x34, 0x09, 0x73, 0x68, 0x61, 0x77, 0x6c,
  0x0a, 0x35, 0x33, 0x35, 0x31, 0x35, 0x09, 0x73, 0x68, 0x61, 0x79, 0x0a,
  0x35, 0x33, 0x35, 0x31, 0x36, 0x09, 0x73, 0x68, 0x65, 0x0a, 0x35, 0x33,
  0x35, 0x32, 0x31, 0x09, 0x73, 0x68, 0x65, 0x27, 0x64, 0x0a, 0x35, 0x33,
  0x35, 0x32, 0x32, 0x09, 0x73, 0x68, 0x65, 0x61, 0x0a, 0x35, 0x33, 0x35,
  0x32, 0x33, 0x09, 0x73, 0x68, 0x65, 0x61, 0x66, 0x0a, 0x35, 0x33, 0x35,
  0x32, 0x34, 0x09, 0x73, 0x68, 0x65, 0x61, 0x72, 0x0a, 0x35, 0x33, 0x35,
  0x32, 0x35, 0x09, 0x73, 0x68, 0x65, 0x61, 0x74, 0x68, 0x0a, 0x35, 0x33,
  0x35, 0x32, 0x36, 0x09, 0x73, 0x68, 0x65, 0x64, 0x0a, 0x35, 0x33, 0x35,
  0x33, 0x31, 0x09, 0x73, 0x68, 0x65, 0x65, 0x6e, 0x0a, 0x35, 0x33, 0x35,
  0x33, 0x32, 0x09, 0x73, 0x68, 0x65, 0x65, 0x70, 0x0a, 0x35, 0x33, 0x35,
  0x33, 0x33, 0x09, 0x73, 0x68, 0x65, 0x65, 0x72, 0x0a, 0x35, 0x33, 0x35,
  0x33, 0x34, 0x09, 0x73, 0x68, 0x65, 0x65, 0x74, 0x0a, 0x35, 0x33, 0x35,
  0x33, 0x35, 0x09, 0x73, 0x68, 0x65, 0x69, 0x6b, 0x0a, 0x35, 0x33, 0x35,
  0x33, 0x36, 0x09, 0x73, 0x68, 0x65, 0x6c, 0x66, 0x0a, 0x35, 0x33, 0x35,
  0x34, 0x31, 0x09, 0x73, 0x68, 0x65, 0x6c, 0x6c, 0x0a, 0x35, 0x33, 0x35,
  0x34, 0x32, 0x09, 0x73, 0x68, 0x69, 0x65, 0x64, 0x0a, 0x35, 0x33, 0x35,
  0x34, 0x33, 0x09, 0x73, 0x68, 0x69, 0x66, 0x74, 0x0a, 0x35, 0x33, 0x35,
  0x34, 0x34, 0x09, 0x73, 0x68, 0x69, 0x6c, 0x6c, 0x0a, 0x35, 0x33, 0x35,
  0x34, 0x35, 0x09, 0x73, 0x68, 0x69, 0x6d, 0x0a, 0x35, 0x33, 0x35, 0x34,
  0x36, 0x09, 0x73, 0x68, 0x69, 0x6e, 0x0a, 0x35, 0x33, 0x35, 0x35, 0x31,
  0x09, 0x73, 0x68, 0x69, 0x6e, 0x65, 0x0a, 0x35, 0x33, 0x35, 0x35, 0x32,
  0x09, 0x73, 0x68, 0x69, 0x6e, 0x74, 0x6f, 0x0a, 0x35, 0x33, 0x35, 0x35,
  0x33, 0x09, 0x73, 0x68, 0x69, 0x6e, 0x79, 0x0a, 0x35, 0x33, 0x35, 0x35,
  0x34, 0x09, 0x73, 0x68, 0x69, 0x70, 0x0a, 0x35, 0x33, 0x35, 0x35, 0x35,
  0x09, 0x73, 0x68, 0x69, 0x72, 0x65, 0x0a, 0x35, 0x33, 0x35, 0x35, 0x36,
  0x09, 0x73, 0x68, 0x69, 0x72, 0x6b, 0x0a, 0x35, 0x33, 0x35, 0x36, 0x31,
  0x09, 0x73, 0x68, 0x69, 0x72, 0x74, 0x0a, 0x35, 0x33, 0x35, 0x36, 0x32,
  0x09, 0x73, 0x68, 0x69, 0x73, 0x68, 0x0a, 0x35, 0x33, 0x35, 0x36, 0x33,
  0x09, 0x73, 0x68, 0x69, 0x76, 0x0a, 0x35, 0x33, 0x35, 0x36, 0x34, 0x09,
  0x73, 0x68, 0x6f, 0x61, 0x6c, 0x0a, 0x35, 0x33, 0x35, 0x36, 0x35, 0x09,
  0x73, 0x68, 0x6f, 0x63, 0x6b, 0x0a, 0x35, 0x33, 0x35, 0x36, 0x36, 0x09,
  0x73, 0x68, 0x6f, 0x64, 0x0a, 0x35, 0x33, 0x36, 0x31, 0x31, 0x09, 0x73,
  0x68, 0x6f, 0x65, 0x0a, 0x35, 0x33, 0x36, 0x31, 0x32, 0x09, 0x73, 0x68,
  0x6f, 0x6a, 0x69, 0x0a, 0x35, 0x33, 0x36, 0x31, 0x33, 0x09, 0x73, 0x68,
  0x6f, 0x6e, 0x65, 0x0a, 0x35, 0x33, 0x36, 0x31, 0x34, 0x09, 0x73, 0x68,
  0x6f, 0x6f, 0x0a, 0x35, 0x33, 0x36, 0x31, 0x35, 0x09, 0x73, 0x68, 0x6f,
  0x6f, 0x6b, 0x0a, 0x35, 0x33, 0x36, 0x31, 0x36, 0x09, 0x73, 0x68, 0x6f,
  0x6f, 0x74, 0x0a, 0x35, 0x33, 0x36, 0x32, 0x31, 0x09, 0x73, 0x68, 0x6f,
  0x70, 0x0a, 0x35, 0x33, 0x36, 0x32, 0x32, 0x09, 0x73, 0x68, 0x6f, 0x72,
  0x65, 0x0a, 0x35, 0x33, 0x36, 0x32, 0x33, 0x09, 0x73, 0x68, 0x6f, 0x72,
  0x74, 0x0a, 0x35, 0x33, 0x36, 0x32, 0x34, 0x09, 0x73, 0x68, 0x6f, 0x74,
  0x0a, 0x35, 0x33, 0x36, 0x32, 0x35, 0x09, 0x73, 0x68, 0x6f, 0x75, 0x74,
  0x0a, 0x35, 0x33, 0x36, 0x32, 0x36, 0x09, 0x73, 0x68, 0x6f, 0x76, 0x65,
  0x0a, 0x35, 0x33, 0x36, 0x33, 0x31, 0x09, 0x73, 0x68, 0x6f, 0x77, 0x0a,
  0x35, 0x33, 0x36, 0x33, 0x32, 0x09, 0x73, 0x68, 0x6f, 0x77, 0x6e, 0x0a,
  0x35, 0x33, 0x36, 0x33, 0x33, 0x09, 0x73, 0x68, 0x6f, 0x77, 0x79, 0x0a,
  0x35, 0x33, 0x36, 0x33, 0x34, 0x09, 0x73, 0x68, 0x72, 0x61, 0x6e, 0x6b,
  0x0a, 0x35, 0x33, 0x36, 0x33, 0x35, 0x09, 0x73, 0x68, 0x72, 0x65, 0x64,
  0x0a, 0x35, 0x33, 0x36, 0x33, 0x36, 0x09, 0x73, 0x68, 0x72, 0x65, 0x77,
  0x0a, 0x35, 0x33, 0x36, 0x34, 0x31, 0x09, 0x73, 0x68, 0x72, 0x69, 0x6b,
  0x65, 0x0a, 0x35, 0x33, 0x36, 0x34, 0x32, 0x09, 0x73, 0x68, 0x72, 0x75,
  0x62, 0x0a, 0x35, 0x33, 0x36, 0x34, 0x33, 0x09, 0x73, 0x68, 0x72, 0x75,
  0x67, 0x0a, 0x35, 0x33, 0x36, 0x34, 0x34, 0x09, 0x73, 0x68, 0x75, 0x0a,
  0x35, 0x33, 0x36, 0x34, 0x35, 0x09, 0x73, 0x68, 0x75, 0x63, 0x6b, 0x0a,
  0x35, 0x33, 0x36, 0x34, 0x36, 0x09, 0x73, 0x68, 0x75, 0x6e, 0x0a, 0x35,
  0x33, 0x36, 0x35, 0x31, 0x09, 0x73, 0x68, 0x75, 0x6e, 0x74, 0x0a, 0x35,
  0x33, 0x36, 0x35, 0x32, 0x09, 0x73, 0x68, 0x75, 0x74, 0x0a, 0x35, 0x33,
  0x36, 0x35, 0x33, 0x09, 0x73, 0x68, 0x79, 0x0a, 0x35, 0x33, 0x36, 0x35,
  0x34, 0x09, 0x73, 0x69, 0x0a, 0x35, 0x33, 0x36, 0x35, 0x35, 0x09, 0x73,
  0x69, 0x61, 0x6c, 0x0a, 0x35, 0x33, 0x36, 0x35, 0x36, 0x09, 0x73, 0x69,
  0x61, 0x6d, 0x0a, 0x35, 0x33, 0x36, 0x36, 0x31, 0x09, 0x73, 0x69, 0x61,
  0x6e, 0x0a, 0x35, 0x33, 0x36, 0x36, 0x32, 0x09, 0x73, 0x69, 0x62, 0x0a,
  0x35, 0x33, 0x36, 0x36, 0x33, 0x09, 0x73, 0x69, 0x62, 0x6c, 0x65, 0x79,
  0x0a, 0x35, 0x33, 0x36, 0x36, 0x34, 0x09, 0x73, 0x69, 0x62, 0x79, 0x6c,
  0x0a, 0x35, 0x33, 0x36, 0x36, 0x35, 0x09, 0x73, 0x69, 0x63, 0x0a, 0x35,
  0x33, 0x36, 0x36, 0x36, 0x09, 0x73, 0x69, 0x63, 0x6b, 0x0a, 0x35, 0x34,
  0x31, 0x31, 0x31, 0x09, 0x73, 0x69, 0x64, 0x65, 0x0a, 0x35, 0x34, 0x31,
  0x31, 0x32, 0x09, 0x73, 0x69, 0x64, 0x6c, 0x65, 0x0a, 0x35, 0x34, 0x31,
  0x31, 0x33, 0x09, 0x73, 0x69, 0x65, 0x67, 0x65, 0x0a, 0x35, 0x34, 0x31,
  0x31, 0x34, 0x09, 0x73, 0x69, 0x65, 0x6e, 0x61, 0x0a, 0x35, 0x34, 0x31,
  0x31, 0x35, 0x09, 0x73, 0x69, 0x65, 0x76, 0x65, 0x0a, 0x35, 0x34, 0x31,
  0x31, 0x36, 0x09, 0x73, 0x69, 0x66, 0x74, 0x0a, 0x35, 0x34, 0x31, 0x32,
  0x31, 0x09, 0x73, 0x69, 0x67, 0x68, 0x0a, 0x35, 0x34, 0x31, 0x32, 0x32,
  0x09, 0x73, 0x69, 0x67, 0x68, 0x74, 0x0a, 0x35, 0x34, 0x31, 0x32, 0x33,
  0x09, 0x73, 0x69, 0x67, 0x6d, 0x61, 0x0a, 0x35, 0x34, 0x31, 0x32, 0x34,
  0x09, 0x73, 0x69, 0x67, 0x6e, 0x0a, 0x35, 0x34, 0x31, 0x32, 0x35, 0x09,
  0x73, 0x69, 0x67, 0x6e, 0x61, 0x6c, 0x0a, 0x35, 0x34, 0x31, 0x32, 0x36,
  0x09, 0x73, 0x69, 0x67, 0x6e, 0x6f, 0x72, 0x0a, 0x35, 0x34, 0x31, 0x33,
  0x31, 0x09, 0x73, 0x69, 0x6c, 0x61, 0x73, 0x0a, 0x35, 0x34, 0x31, 0x33,
  0x32, 0x09, 0x73, 0x69, 0x6c, 0x6b, 0x0a, 0x35, 0x34, 0x31, 0x33, 0x33,
  0x09, 0x73, 0x69, 0x6c, 0x6b, 0x79, 0x0a, 0x35, 0x34, 0x31, 0x33, 0x34,
  0x09, 0x73, 0x69, 0x6c, 0x6c, 0x0a, 0x35, 0x34, 0x31, 0x33, 0x35, 0x09,
  0x73, 0x69, 0x6c, 0x6c, 0x79, 0x0a, 0x35, 0x34, 0x31, 0x33, 0x36, 0x09,
  0x73, 0x69, 0x6c, 0x6f, 0x0a, 0x35, 0x34, 0x31, 0x34, 0x31, 0x09, 0x73,
  0x69, 0x6c, 0x74, 0x0a, 0x35, 0x34, 0x31, 0x34, 0x32, 0x09, 0x73, 0x69,
  0x6c, 0x74, 0x79, 0x0a, 0x35, 0x34, 0x31, 0x34, 0x33, 0x09, 0x73, 0x69,
  0x6d, 0x61, 0x0a, 0x35, 0x34, 0x31, 0x34, 0x34, 0x09, 0x73, 0x69, 0x6d,
  0x6f, 0x6e, 0x0a, 0x35, 0x34, 0x31, 0x34, 0x35, 0x09, 0x73, 0x69, 0x6d,
  0x6f, 0x6e, 0x73, 0x0a, 0x35, 0x34, 0x31, 0x34, 0x36, 0x09, 0x73, 0x69,
  0x6d, 0x73, 0x0a, 0x35, 0x34, 0x31, 0x35, 0x31, 0x09, 0x73, 0x69, 0x6e,
  0x0a, 0x35, 0x34, 0x31, 0x35, 0x32, 0x09, 0x73, 0x69, 0x6e, 0x61, 0x69,
  0x0a, 0x35, 0x34, 0x31, 0x35, 0x33, 0x09, 0x73, 0x69, 0x6e, 0x63, 0x65,
  0x0a, 0x35, 0x34, 0x31, 0x35, 0x34, 0x09, 0x73, 0x69, 0x6e, 0x65, 0x0a,
  0x35, 0x34, 0x31, 0x35, 0x35, 0x09, 0x73, 0x69, 0x6e, 0x65, 0x77, 0x0a,
  0x35, 0x34, 0x31, 0x35, 0x36, 0x09, 0x73, 0x69, 0x6e, 0x67, 0x0a, 0x35,
  0x34, 0x31, 0x36, 0x31, 0x09, 0x73, 0x69, 0x6e, 0x67, 0x65, 0x0a, 0x35,
  0x34, 0x31, 0x36, 0x32, 0x09, 0x73, 0x69, 0x6e, 0x68, 0x0a, 0x35, 0x34,
  0x31, 0x36, 0x33, 0x09, 0x73, 0x69, 0x6e, 0x6b, 0x0a, 0x35, 0x34, 0x31,
  0x36, 0x34, 0x09, 0x73, 0x69, 0x6e, 0x75, 0x73, 0x0a, 0x35, 0x34, 0x31,
  0x36, 0x35, 0x09, 0x73, 0x69, 0x6f, 0x75, 0x78, 0x0a, 0x35, 0x34, 0x31,
  0x36, 0x36, 0x09, 0x73, 0x69, 0x70, 0x0a, 0x35, 0x34, 0x32, 0x31, 0x31,
  0x09, 0x73, 0x69, 0x72, 0x0a, 0x35, 0x34, 0x32, 0x31, 0x32, 0x09, 0x73,
  0x69, 0x72, 0x65, 0x0a, 0x35, 0x34, 0x32, 0x31, 0x33, 0x09, 0x73, 0x69,
  0x72, 0x65, 0x6e, 0x0a, 0x35, 0x34, 0x32, 0x31, 0x34, 0x09, 0x73, 0x69,
  0x73, 0x0a, 0x35, 0x34, 0x32, 0x31, 0x35, 0x09, 0x73, 0x69, 0x73, 0x61,
  0x6c, 0x0a, 0x35, 0x34, 0x32, 0x31, 0x36, 0x09, 0x73, 0x69, 0x74, 0x0a,
  0x35, 0x34, 0x32, 0x32, 0x31, 0x09, 0x73, 0x69, 0x74, 0x65, 0x0a, 0x35,
  0x34, 0x32, 0x32, 0x32, 0x09, 0x73, 0x69, 0x74, 0x75, 0x0a, 0x35, 0x34,
  0x32, 0x32, 0x33, 0x09, 0x73, 0x69, 0x74, 0x75, 0x73, 0x0a, 0x35, 0x34,
  0x32, 0x32, 0x34, 0x09, 0x73, 0x69, 0x76, 0x61, 0x0a, 0x35, 0x34, 0x32,
  0x32, 0x35, 0x09, 0x73, 0x69, 0x78, 0x0a, 0x35, 0x34, 0x32, 0x32, 0x36,
  0x09, 0x73, 0x69, 0x78, 0x67, 0x75, 0x6e, 0x0a, 0x35, 0x34, 0x32, 0x33,
  0x31, 0x09, 0x73, 0x69, 0x78, 0x74, 0x68, 0x0a, 0x35, 0x34, 0x32, 0x33,
  0x32, 0x09, 0x73, 0x69, 0x78, 0x74, 0x79, 0x0a, 0x35, 0x34, 0x32, 0x33,
  0x33, 0x09, 0x73, 0x69, 0x7a, 0x65, 0x0a, 0x35, 0x34, 0x32, 0x33, 0x34,
  0x09, 0x73, 0x6a, 0x0a, 0x35, 0x34, 0x32, 0x33, 0x35, 0x09, 0x73, 0x6b,
  0x0a, 0x35, 0x34, 0x32, 0x33, 0x36, 0x09, 0x73, 0x6b, 0x61, 0x74, 0x0a,
  0x35, 0x34, 0x32, 0x34, 0x31, 0x09, 0x73, 0x6b, 0x61, 0x74, 0x65, 0x0a,
  0x35, 0x34, 0x32, 0x34, 0x32, 0x09, 0x73, 0x6b, 0x65, 0x65, 0x74, 0x0a,
  0x35, 0x34, 0x32, 0x34, 0x33, 0x09, 0x73, 0x6b, 0x65, 0x77, 0x0a, 0x35,
  0x34, 0x32, 0x34, 0x34, 0x09, 0x73, 0x6b, 0x69, 0x0a, 0x35, 0x34, 0x32,
  0x34, 0x35, 0x09, 0x73, 0x6b, 0x69, 0x64, 0x0a, 0x35, 0x34, 0x32, 0x34,
  0x36, 0x09, 0x73, 0x6b, 0x69, 0x65, 0x64, 0x0a, 0x35, 0x34, 0x32, 0x35,
  0x31, 0x09, 0x73, 0x6b, 0x69, 0x66, 0x66, 0x0a, 0x35, 0x34, 0x32, 0x35,
  0x32, 0x09, 0x73, 0x6b, 0x69, 0x6c, 0x6c, 0x0a, 0x35, 0x34, 0x32, 0x35,
  0x33, 0x09, 0x73, 0x6b, 0x69, 0x6d, 0x0a, 0x35, 0x34, 0x32, 0x35, 0x34,
  0x09, 0x73, 0x6b, 0x69, 0x6d, 0x70, 0x0a, 0x35, 0x34, 0x32, 0x35, 0x35,
  0x09, 0x73, 0x6b, 0x69, 0x6d, 0x70, 0x79, 0x0a, 0x35, 0x34, 0x32, 0x35,
  0x36, 0x09, 0x73, 0x6b, 0x69, 0x6e, 0x0a, 0x35, 0x34, 0x32, 0x36, 0x31,
  0x09, 0x73, 0x6b, 0x69, 0x70, 0x0a, 0x35, 0x34, 0x32, 0x36, 0x32, 0x09,
  0x73, 0x6b, 0x69, 0x72, 0x74, 0x0a, 0x35, 0x34, 0x32, 0x36, 0x33, 0x09,
  0x73, 0x6b, 0x69, 0x74, 0x0a, 0x35, 0x34, 0x32, 0x36, 0x34, 0x09, 0x73,
  0x6b, 0x75, 0x6c, 0x6b, 0x0a, 0x35, 0x34, 0x32, 0x36, 0x35, 0x09, 0x73,
  0x6b, 0x75, 0x6c, 0x6c, 0x0a, 0x35, 0x34, 0x32, 0x36, 0x36, 0x09, 0x73,
  0x6b, 0x75, 0x6e, 0x6b, 0x0a, 0x35, 0x34, 0x33, 0x31, 0x31, 0x09, 0x73,
  0x6b, 0x79, 0x0a, 0x35, 0x34, 0x33, 0x31, 0x32, 0x09, 0x73, 0x6b, 0x79,
  0x65, 0x0a, 0x35, 0x34, 0x33, 0x31, 0x33, 0x09, 0x73, 0x6c, 0x0a, 0x35,
  0x34, 0x33, 0x31, 0x34, 0x09, 0x73, 0x6c, 0x61, 0x62, 0x0a, 0x35, 0x34,
  0x33, 0x31, 0x35, 0x09, 0x73, 0x6c, 0x61, 0x63, 0x6b, 0x0a, 0x35, 0x34,
  0x33, 0x31, 0x36, 0x09, 0x73, 0x6c, 0x61, 0x67, 0x0a, 0x35, 0x34, 0x33,
  0x32, 0x31, 0x09, 0x73, 0x6c, 0x61, 0x69, 0x6e, 0x0a, 0x35, 0x34, 0x33,
  0x32, 0x32, 0x09, 0x73, 0x6c, 0x61, 0x6b, 0x65, 0x0a, 0x35, 0x34, 0x33,
  0x32, 0x33, 0x09, 0x73, 0x6c, 0x61, 0x6d, 0x0a, 0x35, 0x34, 0x33, 0x32,
  0x34, 0x09, 0x73, 0x6c, 0x61, 0x6e, 0x67, 0x0a, 0x35, 0x34, 0x33, 0x32,
  0x35, 0x09, 0x73, 0x6c, 0x61, 0x6e, 0x74, 0x0a, 0x35, 0x34, 0x33, 0x32,
  0x36, 0x09, 0x73, 0x6c, 0x61, 0x70, 0x0a, 0x35, 0x34, 0x33, 0x33, 0x31,
  0x09, 0x73, 0x6c, 0x61, 0x73, 0x68, 0x0a, 0x35, 0x34, 0x33, 0x33, 0x32,
  0x09, 0x73, 0x6c, 0x61, 0x74, 0x0a, 0x35, 0x34, 0x33, 0x33, 0x33, 0x09,
  0x73, 0x6c, 0x61, 0x74, 0x65, 0x0a, 0x35, 0x34, 0x33, 0x33, 0x34, 0x09,
  0x73, 0x6c, 0x61, 0x74, 0x65, 0x72, 0x0a, 0x35, 0x34, 0x33, 0x33, 0x35,
  0x09, 0x73, 0x6c, 0x61, 0x76, 0x0a, 0x35, 0x34, 0x33, 0x33, 0x36, 0x09,
  0x73, 0x6c, 0x61, 0x76, 0x65, 0x0a, 0x35, 0x34, 0x33, 0x34, 0x31, 0x09,
  0x73, 0x6c, 0x61, 0x79, 0x0a, 0x35, 0x34, 0x33, 0x34, 0x32, 0x09, 0x73,
  0x6c, 0x65, 0x64, 0x0a, 0x35, 0x34, 0x33, 0x34, 0x33, 0x09, 0x73, 0x6c,
  0x65, 0x65, 0x6b, 0x0a, 0x35, 0x34, 0x33, 0x34, 0x34, 0x09, 0x73, 0x6c,
  0x65, 0x65, 0x70, 0x0a, 0x35, 0x34, 0x33, 0x34, 0x35, 0x09, 0x73, 0x6c,
  0x65, 0x65, 0x74, 0x0a, 0x35, 0x34, 0x33, 0x34, 0x36, 0x09, 0x73, 0x6c,
  0x65, 0x70, 0x74, 0x0a, 0x35, 0x34, 0x33, 0x35, 0x31, 0x09, 0x73, 0x6c,
  0x65, 0x77, 0x0a, 0x35, 0x34, 0x33, 0x35, 0x32, 0x09, 0x73, 0x6c, 0x69,
  0x63, 0x65, 0x0a, 0x35, 0x34, 0x33, 0x35, 0x33, 0x09, 0x73, 0x6c, 0x69,
  0x63, 0x6b, 0x0a, 0x35, 0x34, 0x33, 0x35, 0x34, 0x09, 0x73, 0x6c, 0x69,
  0x64, 0x0a, 0x35, 0x34, 0x33, 0x35, 0x35, 0x09, 0x73, 0x6c, 0x69, 0x64,
  0x65, 0x0a, 0x35, 0x34, 0x33, 0x35, 0x36, 0x09, 0x73, 0x6c, 0x69, 0x6d,
  0x0a, 0x35, 0x34, 0x33, 0x36, 0x31, 0x09, 0x73, 0x6c, 0x69, 0x6d, 0x65,
  0x0a, 0x35, 0x34, 0x33, 0x36, 0x32, 0x09, 0x73, 0x6c, 0x69, 0x6d, 0x79,
  0x0a, 0x35, 0x34, 0x33, 0x36, 0x33, 0x09, 0x73, 0x6c, 0x69, 0x6e, 0x67,
  0x0a, 0x35, 0x34, 0x33, 0x36, 0x34, 0x09, 0x73, 0x6c, 0x69, 0x70, 0x0a,
  0x35, 0x34, 0x33, 0x36, 0x35, 0x09, 0x73, 0x6c, 0x69, 0x74, 0x0a, 0x35,
  0x34, 0x33, 0x36, 0x36, 0x09, 0x73, 0x6c, 0x69, 0x76, 0x65, 0x72, 0x0a,
  0x35, 0x34, 0x34, 0x31, 0x31, 0x09, 0x73, 0x6c, 0x6f, 0x61, 0x6e, 0x0a,
  0x35, 0x34, 0x34, 0x31, 0x32, 0x09, 0x73, 0x6c, 0x6f, 0x62, 0x0a, 0x35,
  0x34, 0x34, 0x31, 0x33, 0x09, 0x73, 0x6c, 0x6f, 0x65, 0x0a, 0x35, 0x34,
  0x34, 0x31, 0x34, 0x09, 0x73, 0x6c, 0x6f, 0x67, 0x0a, 0x35, 0x34, 0x34,
  0x31, 0x35, 0x09, 0x73, 0x6c, 0x6f, 0x6f, 0x70, 0x0a, 0x35, 0x34, 0x34,
  0x31, 0x36, 0x09, 0x73, 0x6c, 0x6f, 0x70, 0x0a, 0x35, 0x34, 0x34, 0x32,
  0x31, 0x09, 0x73, 0x6c, 0x6f, 0x70, 0x65, 0x0a, 0x35, 0x34, 0x34, 0x32,
  0x32, 0x09, 0x73, 0x6c, 0x6f, 0x73, 0x68, 0x0a, 0x35, 0x34, 0x34, 0x32,
  0x33, 0x09, 0x73, 0x6c, 0x6f, 0x74, 0x0a, 0x35, 0x34, 0x34, 0x32, 0x34,
  0x09, 0x73, 0x6c, 0x6f, 0x74, 0x68, 0x0a, 0x35, 0x34, 0x34, 0x32, 0x35,
  0x09, 0x73, 0x6c, 0x6f, 0x77, 0x0a, 0x35, 0x34, 0x34, 0x32, 0x36, 0x09,
  0x73, 0x6c, 0x75, 0x67, 0x0a, 0x35, 0x34, 0x34, 0x33, 0x31, 0x09, 0x73,
  0x6c, 0x75, 0x69, 0x63, 0x65, 0x0a, 0x35, 0x34, 0x34, 0x33, 0x32, 0x09,
  0x73, 0x6c, 0x75, 0x6d, 0x0a, 0x35, 0x34, 0x34, 0x33, 0x33, 0x09, 0x73,
  0x6c, 0x75, 0x6d, 0x70, 0x0a, 0x35, 0x34, 0x34, 0x33, 0x34, 0x09, 0x73,
  0x6c, 0x75, 0x6e, 0x67, 0x0a, 0x35, 0x34, 0x34, 0x33, 0x35, 0x09, 0x73,
  0x6c, 0x75, 0x72, 0x0a, 0x35, 0x34, 0x34, 0x33, 0x36, 0x09, 0x73, 0x6c,
  0x75, 0x72, 0x70, 0x0a, 0x35, 0x34, 0x34, 0x34, 0x31, 0x09, 0x73, 0x6c,
  0x79, 0x0a, 0x35, 0x34, 0x34, 0x34, 0x32, 0x09, 0x73, 0x6d, 0x0a, 0x35,
  0x34, 0x34, 0x34, 0x33, 0x09, 0x73, 0x6d, 0x61, 0x63, 0x6b, 0x0a, 0x35,
  0x34, 0x34, 0x34, 0x34, 0x09, 0x73, 0x6d, 0x61, 0x6c, 0x6c, 0x0a, 0x35,
  0x34, 0x34, 0x34, 0x35, 0x09, 0x73, 0x6d, 0x61, 0x72, 0x74, 0x0a, 0x35,
  0x34, 0x34, 0x34, 0x36, 0x09, 0x73, 0x6d, 0x61, 0x73, 0x68, 0x0a, 0x35,
  0x34, 0x34, 0x35, 0x31, 0x09, 0x73, 0x6d, 0x65, 0x61, 0x72, 0x0a, 0x35,
  0x34, 0x34, 0x35, 0x32, 0x09, 0x73, 0x6d, 0x65, 0x6c, 0x6c, 0x0a, 0x35,
  0x34, 0x34, 0x35, 0x33, 0x09, 0x73, 0x6d, 0x65, 0x6c, 0x74, 0x0a, 0x35,
  0x34, 0x34, 0x35, 0x34, 0x09, 0x73, 0x6d, 0x69, 0x6c, 0x65, 0x0a, 0x35,
  0x34, 0x34, 0x35, 0x35, 0x09, 0x73, 0x6d, 0x69, 0x72, 0x6b, 0x0a, 0x35,
  0x34, 0x34, 0x35, 0x36, 0x09, 0x73, 0x6d, 0x69, 0x74, 0x68, 0x0a, 0x35,
  0x34, 0x34, 0x36, 0x31, 0x09, 0x73, 0x6d, 0x69, 0x74, 0x68, 0x79, 0x0a,
  0x35, 0x34, 0x34, 0x36, 0x32, 0x09, 0x73, 0x6d, 0x6f, 0x67, 0x0a, 0x35,
  0x34, 0x34, 0x36, 0x33, 0x09, 0x73, 0x6d, 0x6f, 0x6b, 0x65, 0x0a, 0x35,
  0x34, 0x34, 0x36, 0x34, 0x09, 0x73, 0x6d, 0x6f, 0x6b, 0x79, 0x0a, 0x35,
  0x34, 0x34, 0x36, 0x35, 0x09, 0x73, 0x6d, 0x75, 0x67, 0x0a, 0x35, 0x34,
  0x34, 0x36, 0x36, 0x09, 0x73, 0x6d, 0x75, 0x74, 0x0a, 0x35, 0x34, 0x35,
  0x31, 0x31, 0x09, 0x73, 0x6e, 0x0a, 0x35, 0x34, 0x35, 0x31, 0x32, 0x09,
  0x73, 0x6e, 0x61, 0x63, 0x6b, 0x0a, 0x35, 0x34, 0x35, 0x31, 0x33, 0x09,
  0x73, 0x6e, 0x61, 0x66, 0x75, 0x0a, 0x35, 0x34, 0x35, 0x31, 0x34, 0x09,
  0x73, 0x6e, 0x61, 0x67, 0x0a, 0x35, 0x34, 0x35, 0x31, 0x35, 0x09, 0x73,
  0x6e, 0x61, 0x69, 0x6c, 0x0a, 0x35, 0x34, 0x35, 0x31, 0x36, 0x09, 0x73,
  0x6e, 0x61, 0x6b, 0x65, 0x0a, 0x35, 0x34, 0x35, 0x32, 0x31, 0x09, 0x73,
  0x6e, 0x61, 0x70, 0x0a, 0x35, 0x34, 0x35, 0x32, 0x32, 0x09, 0x73, 0x6e,
  0x61, 0x72, 0x65, 0x0a, 0x35, 0x34, 0x35, 0x32, 0x33, 0x09, 0x73, 0x6e,
  0x61, 0x72, 0x6b, 0x0a, 0x35, 0x34, 0x35, 0x32, 0x34, 0x09, 0x73, 0x6e,
  0x61, 0x72, 0x6c, 0x0a, 0x35, 0x34, 0x35, 0x32, 0x35, 0x09, 0x73, 0x6e,
  0x61, 0x74, 0x63, 0x68, 0x0a, 0x35, 0x34, 0x35, 0x32, 0x36, 0x09, 0x73,
  0x6e, 0x65, 0x61, 0x6b, 0x0a, 0x35, 0x34, 0x35, 0x33, 0x31, 0x09, 0x73,
  0x6e, 0x65, 0x65, 0x72, 0x0a, 0x35, 0x34, 0x35, 0x33, 0x32, 0x09, 0x73,
  0x6e, 0x65, 0x6c, 0x6c, 0x0a, 0x35, 0x34, 0x35, 0x33, 0x33, 0x09, 0x73,
  0x6e, 0x69, 0x63, 0x6b, 0x0a, 0x35, 0x34, 0x35, 0x33, 0x34, 0x09, 0x73,
  0x6e, 0x69, 0x66, 0x66, 0x0a, 0x35, 0x34, 0x35, 0x33, 0x35, 0x09, 0x73,
  0x6e, 0x69, 0x70, 0x0a, 0x35, 0x34, 0x35, 0x33, 0x36, 0x09, 0x73, 0x6e,
  0x69, 0x70, 0x65, 0x0a, 0x35, 0x34, 0x35, 0x34, 0x31, 0x09, 0x73, 0x6e,
  0x6f, 0x62, 0x0a, 0x35, 0x34, 0x35, 0x34, 0x32, 0x09, 0x73, 0x6e, 0x6f,
  0x6f, 0x6b, 0x0a, 0x35, 0x34, 0x35, 0x34, 0x33, 0x09, 0x73, 0x6e, 0x6f,
  0x6f, 0x70, 0x0a, 0x35, 0x34, 0x35, 0x34, 0x34, 0x09, 0x73, 0x6e, 0x6f,
  0x72, 0x65, 0x0a, 0x35, 0x34, 0x35, 0x34, 0x35, 0x09, 0x73, 0x6e, 0x6f,
  0x72, 0x74, 0x0a, 0x35, 0x34, 0x35, 0x34, 0x36, 0x09, 0x73, 0x6e, 0x6f,
  0x75, 0x74, 0x0a, 0x35, 0x34, 0x35, 0x35, 0x31, 0x09, 0x73, 0x6e, 0x6f,
  0x77, 0x0a, 0x35, 0x34, 0x35, 0x35, 0x32, 0x09, 0x73, 0x6e, 0x6f, 0x77,
  0x79, 0x0a, 0x35, 0x34, 0x35, 0x35, 0x33, 0x09, 0x73, 0x6e, 0x75, 0x62,
  0x0a, 0x35, 0x34, 0x35, 0x35, 0x34, 0x09, 0x73, 0x6e, 0x75, 0x66, 0x66,
  0x0a, 0x35, 0x34, 0x35, 0x35, 0x35, 0x09, 0x73, 0x6e, 0x75, 0x67, 0x0a,
  0x35, 0x34, 0x35, 0x35, 0x36, 0x09, 0x73, 0x6f, 0x0a, 0x35, 0x34, 0x35,
  0x36, 0x31, 0x09, 0x73, 0x6f, 0x61, 0x6b, 0x0a, 0x35, 0x34, 0x35, 0x36,
  0x32, 0x09, 0x73, 0x6f, 0x61, 0x70, 0x0a, 0x35, 0x34, 0x35, 0x36, 0x33,
  0x09, 0x73, 0x6f, 0x61, 0x70, 0x79, 0x0a, 0x35, 0x34, 0x35, 0x36, 0x34,
  0x09, 0x73, 0x6f, 0x61, 0x72, 0x0a, 0x35, 0x34, 0x35, 0x36, 0x35, 0x09,
  0x73, 0x6f, 0x62, 0x0a, 0x35, 0x34, 0x35, 0x36, 0x36, 0x09, 0x73, 0x6f,
  0x62, 0x65, 0x72, 0x0a, 0x35, 0x34, 0x36, 0x31, 0x31, 0x09, 0x73, 0x6f,
  0x63, 0x69, 0x61, 0x6c, 0x0a, 0x35, 0x34, 0x36, 0x31, 0x32, 0x09, 0x73,
  0x6f, 0x63, 0x6b, 0x0a, 0x35, 0x34, 0x36, 0x31, 0x33, 0x09, 0x73, 0x6f,
  0x64, 0x0a, 0x35, 0x34, 0x36, 0x31, 0x34, 0x09, 0x73, 0x6f, 0x64, 0x61,
  0x0a, 0x35, 0x34, 0x36, 0x31, 0x35, 0x09, 0x73, 0x6f, 0x66, 0x61, 0x0a,
  0x35, 0x34, 0x36, 0x31, 0x36, 0x09, 0x73, 0x6f, 0x66, 0x69, 0x61, 0x0a,
  0x35, 0x34, 0x36, 0x32, 0x31, 0x09, 0x73, 0x6f, 0x66, 0x74, 0x0a, 0x35,
  0x34, 0x36, 0x32, 0x32, 0x09, 0x73, 0x6f, 0x66, 0x74, 0x65, 0x6e, 0x0a,
  0x35, 0x34, 0x36, 0x32, 0x33, 0x09, 0x73, 0x6f, 0x67, 0x67, 0x79, 0x0a,
  0x35, 0x34, 0x36, 0x32, 0x34, 0x09, 0x73, 0x6f, 0x69, 0x6c, 0x0a, 0x35,
  0x34, 0x36, 0x32, 0x35, 0x09, 0x73, 0x6f, 0x6c, 0x0a, 0x35, 0x34, 0x36,
  0x32, 0x36, 0x09, 0x73, 0x6f, 0x6c, 0x61, 0x72, 0x0a, 0x35, 0x34, 0x36,
  0x33, 0x31, 0x09, 0x73, 0x6f, 0x6c, 0x64, 0x0a, 0x35, 0x34, 0x36, 0x33,
  0x32, 0x09, 0x73, 0x6f, 0x6c, 0x65, 0x0a, 0x35, 0x34, 0x36, 0x33, 0x33,
  0x09, 0x73, 0x6f, 0x6c, 0x65, 0x6d, 0x6e, 0x0a, 0x35, 0x34, 0x36, 0x33,
  0x34, 0x09, 0x73, 0x6f, 0x6c, 0x69, 0x64, 0x0a, 0x35, 0x34, 0x36, 0x33,
  0x35, 0x09, 0x73, 0x6f, 0x6c, 0x6f, 0x0a, 0x35, 0x34, 0x36, 0x33, 0x36,
  0x09, 0x73, 0x6f, 0x6c, 0x6f, 0x6e, 0x0a, 0x35, 0x34, 0x36, 0x34, 0x31,
  0x09, 0x73, 0x6f, 0x6c, 0x76, 0x65, 0x0a, 0x35, 0x34, 0x36, 0x34, 0x32,
  0x09, 0x73, 0x6f, 0x6d, 0x61, 0x0a, 0x35, 0x34, 0x36, 0x34, 0x33, 0x09,
  0x73, 0x6f, 0x6d, 0x61, 0x6c, 0x0a, 0x35, 0x34, 0x36, 0x34, 0x34, 0x09,
  0x73, 0x6f, 0x6d, 0x65, 0x0a, 0x35, 0x34, 0x36, 0x34, 0x35, 0x09, 0x73,
  0x6f, 0x6e, 0x0a, 0x35, 0x34, 0x36, 0x34, 0x36, 0x09, 0x73, 0x6f, 0x6e,
  0x61, 0x72, 0x0a, 0x35, 0x34, 0x36, 0x35, 0x31, 0x09, 0x73, 0x6f, 0x6e,
  0x67, 0x0a, 0x35, 0x34, 0x36, 0x35, 0x32, 0x09, 0x73, 0x6f, 0x6e, 0x69,
  0x63, 0x0a, 0x35, 0x34, 0x36, 0x35, 0x33, 0x09, 0x73, 0x6f, 0x6e, 0x6e,
  0x79, 0x0a, 0x35, 0x34, 0x36, 0x35, 0x34, 0x09, 0x73, 0x6f, 0x6e, 0x6f,
  0x72, 0x61, 0x0a, 0x35, 0x34, 0x36, 0x35, 0x35, 0x09, 0x73, 0x6f, 0x6e,
  0x79, 0x0a, 0x35, 0x34, 0x36, 0x35, 0x36, 0x09, 0x73, 0x6f, 0x6f, 0x6e,
  0x0a, 0x35, 0x34, 0x36, 0x36, 0x31, 0x09, 0x73, 0x6f, 0x6f, 0x74, 0x0a,
  0x35, 0x34, 0x36, 0x36, 0x32, 0x09, 0x73, 0x6f, 0x6f, 0x74, 0x68, 0x0a,
  0x35, 0x34, 0x36, 0x36, 0x33, 0x09, 0x73, 0x6f, 0x70, 0x0a, 0x35, 0x34,
  0x36, 0x36, 0x34, 0x09, 0x73, 0x6f, 0x72, 0x61, 0x0a, 0x35, 0x34, 0x36,
  0x36, 0x35, 0x09, 0x73, 0x6f, 0x72, 0x62, 0x0a, 0x35, 0x34, 0x36, 0x36,
  0x36, 0x09, 0x73, 0x6f, 0x72, 0x65, 0x0a, 0x35, 0x35, 0x31, 0x31, 0x31,
  0x09, 0x73, 0x6f, 0x72, 0x72, 0x79, 0x0a, 0x35, 0x35, 0x31, 0x31, 0x32,
  0x09, 0x73, 0x6f, 0x72, 0x74, 0x0a, 0x35, 0x35, 0x31, 0x31, 0x33, 0x09,
  0x73, 0x6f, 0x73, 0x0a, 0x35, 0x35, 0x31, 0x31, 0x34, 0x09, 0x73, 0x6f,
  0x75, 0x0a, 0x35, 0x35, 0x31, 0x31, 0x35, 0x09, 0x73, 0x6f, 0x75, 0x67,
  0x68, 0x0a, 0x35, 0x35, 0x31, 0x31, 0x36, 0x09, 0x73, 0x6f, 0x75, 0x6c,
  0x0a, 0x35, 0x35, 0x31, 0x32, 0x31, 0x09, 0x73, 0x6f, 0x75, 0x6e, 0x64,
  0x0a, 0x35, 0x35, 0x31, 0x32, 0x32, 0x09, 0x73, 0x6f, 0x75, 0x70, 0x0a,
  0x35, 0x35, 0x31, 0x32, 0x33, 0x09, 0x73, 0x6f, 0x75, 0x72, 0x0a, 0x35,
  0x35, 0x31, 0x32, 0x34, 0x09, 0x73, 0x6f, 0x75, 0x72, 0x63, 0x65, 0x0a,
  0x35, 0x35, 0x31, 0x32, 0x35, 0x09, 0x73, 0x6f, 0x75, 0x73, 0x61, 0x0a,
  0x35, 0x35, 0x31, 0x32, 0x36, 0x09, 0x73, 0x6f, 0x75, 0x74, 0x68, 0x0a,
  0x35, 0x35, 0x31, 0x33, 0x31, 0x09, 0x73, 0x6f, 0x77, 0x0a, 0x35, 0x35,
  0x31, 0x33, 0x32, 0x09, 0x73, 0x6f, 0x77, 0x6e, 0x0a, 0x35, 0x35, 0x31,
  0x33, 0x33, 0x09, 0x73, 0x6f, 0x79, 0x0a, 0x35, 0x35, 0x31, 0x33, 0x34,
  0x09, 0x73, 0x6f, 0x79, 0x61, 0x0a, 0x35, 0x35, 0x31, 0x33, 0x35, 0x09,
  0x73, 0x70, 0x0a, 0x35, 0x35, 0x31, 0x33, 0x36, 0x09, 0x73, 0x70, 0x61,
  0x0a, 0x35, 0x35, 0x31, 0x34, 0x31, 0x09, 0x73, 0x70, 0x61, 0x63, 0x65,
  0x0a, 0x35, 0x35, 0x31, 0x34, 0x32, 0x09, 0x73, 0x70, 0x61, 0x64, 0x65,
  0x0a, 0x35, 0x35, 0x31, 0x34, 0x33, 0x09, 0x73, 0x70, 0x61, 0x69, 0x6e,
  0x0a, 0x35, 0x35, 0x31, 0x34, 0x34, 0x09, 0x73, 0x70, 0x61, 0x6e, 0x0a,
  0x35, 0x35, 0x31, 0x34, 0x35, 0x09, 0x73, 0x70, 0x61, 0x72, 0x0a, 0x35,
  0x35, 0x31, 0x34, 0x36, 0x09, 0x73, 0x70, 0x61, 0x72, 0x65, 0x0a, 0x35,
  0x35, 0x31, 0x35, 0x31, 0x09, 0x73, 0x70, 0x61, 0x72, 0x67, 0x65, 0x0a,
  0x35, 0x35, 0x31, 0x35, 0x32, 0x09, 0x73, 0x70, 0x61, 0x72, 0x6b, 0x0a,
  0x35, 0x35, 0x31, 0x35, 0x33, 0x09, 0x73, 0x70, 0x61, 0x73, 0x6d, 0x0a,
  0x35, 0x35, 0x31, 0x35, 0x34, 0x09, 0x73, 0x70, 0x61, 0x74, 0x0a, 0x35,
  0x35, 0x31, 0x35, 0x35, 0x09, 0x73, 0x70, 0x61, 0x74, 0x65, 0x0a, 0x35,
  0x35, 0x31, 0x35, 0x36, 0x09, 0x73, 0x70, 0x61, 0x77, 0x6e, 0x0a, 0x35,
  0x35, 0x31, 0x36, 0x31, 0x09, 0x73, 0x70, 0x61, 0x79, 0x0a, 0x35, 0x35,
  0x31, 0x36, 0x32, 0x09, 0x73, 0x70, 0x65, 0x61, 0x6b, 0x0a, 0x35, 0x35,
  0x31, 0x36, 0x33, 0x09, 0x73, 0x70, 0x65, 0x61, 0x72, 0x0a, 0x35, 0x35,
  0x31, 0x36, 0x34, 0x09, 0x73, 0x70, 0x65, 0x63, 0x0a, 0x35, 0x35, 0x31,
  0x36, 0x35, 0x09, 0x73, 0x70, 0x65, 0x63, 0x6b, 0x0a, 0x35, 0x35, 0x31,
  0x36, 0x36, 0x09, 0x73, 0x70, 0x65, 0x64, 0x0a, 0x35, 0x35, 0x32, 0x31,
  0x31, 0x09, 0x73, 0x70, 0x65, 0x65, 0x64, 0x0a, 0x35, 0x35, 0x32, 0x31,
  0x32, 0x09, 0x73, 0x70, 0x65, 0x6c, 0x6c, 0x0a, 0x35, 0x35, 0x32, 0x31,
  0x33, 0x09, 0x73, 0x70, 0x65, 0x6e, 0x64, 0x0a, 0x35, 0x35, 0x32, 0x31,
  0x34, 0x09, 0x73, 0x70, 0x65, 0x6e, 0x74, 0x0a, 0x35, 0x35, 0x32, 0x31,
  0x35, 0x09, 0x73, 0x70, 0x65, 0x72, 0x6d, 0x0a, 0x35, 0x35, 0x32, 0x31,
  0x36, 0x09, 0x73, 0x70, 0x65, 0x72, 0x72, 0x79, 0x0a, 0x35, 0x35, 0x32,
  0x32, 0x31, 0x09, 0x73, 0x70, 0x65, 0x77, 0x0a, 0x35, 0x35, 0x32, 0x32,
  0x32, 0x09, 0x73, 0x70, 0x69, 0x63, 0x61, 0x0a, 0x35, 0x35, 0x32, 0x32,
  0x33, 0x09, 0x73, 0x70, 0x69, 0x63, 0x65, 0x0a, 0x35, 0x35, 0x32, 0x32,
  0x34, 0x09, 0x73, 0x70, 0x69, 0x63, 0x79, 0x0a, 0x35, 0x35, 0x32, 0x32,
  0x35, 0x09, 0x73, 0x70, 0x69, 0x6b, 0x65, 0x0a, 0x35, 0x35, 0x32, 0x32,
  0x36, 0x09, 0x73, 0x70, 0x69, 0x6b, 0x79, 0x0a, 0x35, 0x35, 0x32, 0x33,
  0x31, 0x09, 0x73, 0x70, 0x69, 0x6c, 0x6c, 0x0a, 0x35, 0x35, 0x32, 0x33,
  0x32, 0x09, 0x73, 0x70, 0x69, 0x6c, 0x74, 0x0a, 0x35, 0x35, 0x32, 0x33,
  0x33, 0x09, 0x73, 0x70, 0x69, 0x6e, 0x0a, 0x35, 0x35, 0x32, 0x33, 0x34,
  0x09, 0x73, 0x70, 0x69, 0x6e, 0x65, 0x0a, 0x35, 0x35, 0x32, 0x33, 0x35,
  0x09, 0x73, 0x70, 0x69, 0x6e, 0x79, 0x0a, 0x35, 0x35, 0x32, 0x33, 0x36,
  0x09, 0x73, 0x70, 0x69, 0x72, 0x65, 0x0a, 0x35, 0x35, 0x32, 0x34, 0x31,
  0x09, 0x73, 0x70, 0x69, 0x72, 0x6f, 0x0a, 0x35, 0x35, 0x32, 0x34, 0x32,
  0x09, 0x73, 0x70, 0x69, 0x74, 0x0a, 0x35, 0x35, 0x32, 0x34, 0x33, 0x09,
  0x73, 0x70, 0x69, 0x74, 0x65, 0x0a, 0x35, 0x35, 0x32, 0x34, 0x34, 0x09,
  0x73, 0x70, 0x69, 0x74, 0x7a, 0x0a, 0x35, 0x35, 0x32, 0x34, 0x35, 0x09,
  0x73, 0x70, 0x6c, 0x61, 0x74, 0x0a, 0x35, 0x35, 0x32, 0x34, 0x36, 0x09,
  0x73, 0x70, 0x6c, 0x61, 0x79, 0x0a, 0x35, 0x35, 0x32, 0x35, 0x31, 0x09,
  0x73, 0x70, 0x6c, 0x69, 0x6e, 0x65, 0x0a, 0x35, 0x35, 0x32, 0x35, 0x32,
  0x09, 0x73, 0x70, 0x6c, 0x69, 0x74, 0x0a, 0x35, 0x35, 0x32, 0x35, 0x33,
  0x09, 0x73, 0x70, 0x6f, 0x69, 0x6c, 0x0a, 0x35, 0x35, 0x32, 0x35, 0x34,
  0x09, 0x73, 0x70, 0x6f, 0x6b, 0x65, 0x0a, 0x35, 0x35, 0x32, 0x35, 0x35,
  0x09, 0x73, 0x70, 0x6f, 0x6f, 0x66, 0x0a, 0x35, 0x35, 0x32, 0x35, 0x36,
  0x09, 0x73, 0x70, 0x6f, 0x6f, 0x6b, 0x0a, 0x35, 0x35, 0x32, 0x36, 0x31,
  0x09, 0x73, 0x70, 0x6f, 0x6f, 0x6b, 0x79, 0x0a, 0x35, 0x35, 0x32, 0x36,
  0x32, 0x09, 0x73, 0x70, 0x6f, 0x6f, 0x6c, 0x0a, 0x35, 0x35, 0x32, 0x36,
  0x33, 0x09, 0x73, 0x70, 0x6f, 0x6f, 0x6e, 0x0a, 0x35, 0x35, 0x32, 0x36,
  0x34, 0x09, 0x73, 0x70, 0x6f, 0x72, 0x65, 0x0a, 0x35, 0x35, 0x32, 0x36,
  0x35, 0x09, 0x73, 0x70, 0x6f, 0x72, 0x74, 0x0a, 0x35, 0x35, 0x32, 0x36,
  0x36, 0x09, 0x73, 0x70, 0x6f, 0x74, 0x0a, 0x35, 0x35, 0x33, 0x31, 0x31,
  0x09, 0x73, 0x70, 0x6f, 0x75, 0x74, 0x0a, 0x35, 0x35, 0x33, 0x31, 0x32,
  0x09, 0x73, 0x70, 0x72, 0x61, 0x69, 0x6e, 0x0a, 0x35, 0x35, 0x33, 0x31,
  0x33, 0x09, 0x73, 0x70, 0x72, 0x61, 0x79, 0x0a, 0x35, 0x35, 0x33, 0x31,
  0x34, 0x09, 0x73, 0x70, 0x72, 0x65, 0x65, 0x0a, 0x35, 0x35, 0x33, 0x31,
  0x35, 0x09, 0x73, 0x70, 0x72, 0x69, 0x67, 0x0a, 0x35, 0x35, 0x33, 0x31,
  0x36, 0x09, 0x73, 0x70, 0x72, 0x75, 0x63, 0x65, 0x0a, 0x35, 0x35, 0x33,
  0x32, 0x31, 0x09, 0x73, 0x70, 0x72, 0x75, 0x65, 0x0a, 0x35, 0x35, 0x33,
  0x32, 0x32, 0x09, 0x73, 0x70, 0x75, 0x64, 0x0a, 0x35, 0x35, 0x33, 0x32,
  0x33, 0x09, 0x73, 0x70, 0x75, 0x6d, 0x65, 0x0a, 0x35, 0x35, 0x33, 0x32,
  0x34, 0x09, 0x73, 0x70, 0x75, 0x6e, 0x0a, 0x35, 0x35, 0x33, 0x32, 0x35,
  0x09, 0x73, 0x70, 0x75, 0x6e, 0x6b, 0x0a, 0x35, 0x35, 0x33, 0x32, 0x36,
  0x09, 0x73, 0x70, 0x75, 0x72, 0x0a, 0x35, 0x35, 0x33, 0x33, 0x31, 0x09,
  0x73, 0x70, 0x75, 0x72, 0x6e, 0x0a, 0x35, 0x35, 0x33, 0x33, 0x32, 0x09,
  0x73, 0x70, 0x75, 0x72, 0x74, 0x0a, 0x35, 0x35, 0x33, 0x33, 0x33, 0x09,
  0x73, 0x70, 0x79, 0x0a, 0x35, 0x35, 0x33, 0x33, 0x34, 0x09, 0x73, 0x71,
  0x0a, 0x35, 0x35, 0x33, 0x33, 0x35, 0x09, 0x73, 0x71, 0x75, 0x61, 0x64,
  0x0a, 0x35, 0x35, 0x33, 0x33, 0x36, 0x09, 0x73, 0x71, 0x75, 0x61, 0x74,
  0x0a, 0x35, 0x35, 0x33, 0x34, 0x31, 0x09, 0x73, 0x71, 0x75, 0x61, 0x77,
  0x0a, 0x35, 0x35, 0x33, 0x34, 0x32, 0x09, 0x73, 0x71, 0x75, 0x69, 0x62,
  0x62, 0x0a, 0x35, 0x35, 0x33, 0x34, 0x33, 0x09, 0x73, 0x71, 0x75, 0x69,
  0x64, 0x0a, 0x35, 0x35, 0x33, 0x34, 0x34, 0x09, 0x73, 0x71, 0x75, 0x69,
  0x6e, 0x74, 0x0a, 0x35, 0x35, 0x33, 0x34, 0x35, 0x09, 0x73, 0x72, 0x0a,
  0x35, 0x35, 0x33, 0x34, 0x36, 0x09, 0x73, 0x72, 0x69, 0x0a, 0x35, 0x35,
  0x33, 0x35, 0x31, 0x09, 0x73, 0x73, 0x0a, 0x35, 0x35, 0x33, 0x35, 0x32,
  0x09, 0x73, 0x73, 0x73, 0x0a, 0x35, 0x35, 0x33, 0x35, 0x33, 0x09, 0x73,
  0x73, 0x73, 0x73, 0x0a, 0x35, 0x35, 0x33, 0x35, 0x34, 0x09, 0x73, 0x73,
  0x74, 0x0a, 0x35, 0x35, 0x33, 0x35, 0x35, 0x09, 0x73, 0x74, 0x0a, 0x35,
  0x35, 0x33, 0x35, 0x36, 0x09, 0x73, 0x74, 0x2e, 0x0a, 0x35, 0x35, 0x33,
  0x36, 0x31, 0x09, 0x73, 0x74, 0x61, 0x62, 0x0a, 0x35, 0x35, 0x33, 0x36,
  0x32, 0x09, 0x73, 0x74, 0x61, 0x63, 0x6b, 0x0a, 0x35, 0x35, 0x33, 0x36,
  0x33, 0x09, 0x73, 0x74, 0x61, 0x63, 0x79, 0x0a, 0x35, 0x35, 0x33, 0x36,
  0x34, 0x09, 0x73, 0x74, 0x61, 0x66, 0x66, 0x0a, 0x35, 0x35, 0x33, 0x36,
  0x35, 0x09, 0x73, 0x74, 0x61, 0x67, 0x0a, 0x35, 0x35, 0x33, 0x36, 0x36,
  0x09, 0x73, 0x74, 0x61, 0x67, 0x65, 0x0a, 0x35, 0x35, 0x34, 0x31, 0x31,
  0x09, 0x73, 0x74, 0x61, 0x67, 0x79, 0x0a, 0x35, 0x35, 0x34, 0x31, 0x32,
  0x09, 0x73, 0x74, 0x61, 0x68, 0x6c, 0x0a, 0x35, 0x35, 0x34, 0x31, 0x33,
  0x09, 0x73, 0x74, 0x61, 0x69, 0x64, 0x0a, 0x35, 0x35, 0x34, 0x31, 0x34,
  0x09, 0x73, 0x74, 0x61, 0x69, 0x6e, 0x0a, 0x35, 0x35, 0x34, 0x31, 0x35,
  0x09, 0x73, 0x74, 0x61, 0x69, 0x72, 0x0a, 0x35, 0x35, 0x34, 0x31, 0x36,
  0x09, 0x73, 0x74, 0x61, 0x6b, 0x65, 0x0a, 0x35, 0x35, 0x34, 0x32, 0x31,
  0x09, 0x73, 0x74, 0x61, 0x6c, 0x65, 0x0a, 0x35, 0x35, 0x34, 0x32, 0x32,
  0x09, 0x73, 0x74, 0x61, 0x6c, 0x6b, 0x0a, 0x35, 0x35, 0x34, 0x32, 0x33,
  0x09, 0x73, 0x74, 0x61, 0x6c, 0x6c, 0x0a, 0x35, 0x35, 0x34, 0x32, 0x34,
  0x09, 0x73, 0x74, 0x61, 0x6d, 0x70, 0x0a, 0x35, 0x35, 0x34, 0x32, 0x35,
  0x09, 0x73, 0x74, 0x61, 0x6e, 0x0a, 0x35, 0x35, 0x34, 0x32, 0x36, 0x09,
  0x73, 0x74, 0x61, 0x6e, 0x63, 0x65, 0x0a, 0x35, 0x35, 0x34, 0x33, 0x31,
  0x09, 0x73, 0x74, 0x61, 0x6e, 0x64, 0x0a, 0x35, 0x35, 0x34, 0x33, 0x32,
  0x09, 0x73, 0x74, 0x61, 0x6e, 0x6b, 0x0a, 0x35, 0x35, 0x34, 0x33, 0x33,
  0x09, 0x73, 0x74, 0x61, 0x70, 0x68, 0x0a, 0x35, 0x35, 0x34, 0x33, 0x34,
  0x09, 0x73, 0x74, 0x61, 0x72, 0x0a, 0x35, 0x35, 0x34, 0x33, 0x35, 0x09,
  0x73, 0x74, 0x61, 0x72, 0x65, 0x0a, 0x35, 0x35, 0x34, 0x33, 0x36, 0x09,
  0x73, 0x74, 0x61, 0x72, 0x6b, 0x0a, 0x35, 0x35, 0x34, 0x34, 0x31, 0x09,
  0x73, 0x74, 0x61, 0x72, 0x72, 0x0a, 0x35, 0x35, 0x34, 0x34, 0x32, 0x09,
  0x73, 0x74, 0x61, 0x72, 0x74, 0x0a, 0x35, 0x35, 0x34, 0x34, 0x33, 0x09,
  0x73, 0x74, 0x61, 0x73, 0x68, 0x0a, 0x35, 0x35, 0x34, 0x34, 0x34, 0x09,
  0x73, 0x74, 0x61, 0x74, 0x65, 0x0a, 0x35, 0x35, 0x34, 0x34, 0x35, 0x09,
  0x73, 0x74, 0x61, 0x74, 0x75, 0x65, 0x0a, 0x35, 0x35, 0x34, 0x34, 0x36,
  0x09, 0x73, 0x74, 0x61, 0x76, 0x65, 0x0a, 0x35, 0x35, 0x34, 0x35, 0x31,
  0x09, 0x73, 0x74, 0x61, 0x79, 0x0a, 0x35, 0x35, 0x34, 0x35, 0x32, 0x09,
  0x73, 0x74, 0x65, 0x61, 0x64, 0x0a, 0x35, 0x35, 0x34, 0x35, 0x33, 0x09,
  0x73, 0x74, 0x65, 0x61, 0x6b, 0x0a, 0x35, 0x35, 0x34, 0x35, 0x34, 0x09,
  0x73, 0x74, 0x65, 0x61, 0x6c, 0x0a, 0x35, 0x35, 0x34, 0x35, 0x35, 0x09,
  0x73, 0x74, 0x65, 0x61, 0x6d, 0x0a, 0x35, 0x35, 0x34, 0x35, 0x36, 0x09,
  0x73, 0x74, 0x65, 0x65, 0x64, 0x0a, 0x35, 0x35, 0x34, 0x36, 0x31, 0x09,
  0x73, 0x74, 0x65, 0x65, 0x6c, 0x0a, 0x35, 0x35, 0x34, 0x36, 0x32, 0x09,
  0x73, 0x74, 0x65, 0x65, 0x6c, 0x65, 0x0a, 0x35, 0x35, 0x34, 0x36, 0x33,
  0x09, 0x73, 0x74, 0x65, 0x65, 0x6e, 0x0a, 0x35, 0x35, 0x34, 0x36, 0x34,
  0x09, 0x73, 0x74, 0x65, 0x65, 0x70, 0x0a, 0x35, 0x35, 0x34, 0x36, 0x35,
  0x09, 0x73, 0x74, 0x65, 0x65, 0x72, 0x0a, 0x35, 0x35, 0x34, 0x36, 0x36,
  0x09, 0x73, 0x74, 0x65, 0x69, 0x6e, 0x0a, 0x35, 0x35, 0x35, 0x31, 0x31,
  0x09, 0x73, 0x74, 0x65, 0x6c, 0x6c, 0x61, 0x0a, 0x35, 0x35, 0x35, 0x31,
  0x32, 0x09, 0x73, 0x74, 0x65, 0x6d, 0x0a, 0x35, 0x35, 0x35, 0x31, 0x33,
  0x09, 0x73, 0x74, 0x65, 0x70, 0x0a, 0x35, 0x35, 0x35, 0x31, 0x34, 0x09,
  0x73, 0x74, 0x65, 0x72, 0x6e, 0x0a, 0x35, 0x35, 0x35, 0x31, 0x35, 0x09,
  0x73, 0x74, 0x65, 0x76, 0x65, 0x0a, 0x35, 0x35, 0x35, 0x31, 0x36, 0x09,
  0x73, 0x74, 0x65, 0x77, 0x0a, 0x35, 0x35, 0x35, 0x32, 0x31, 0x09, 0x73,
  0x74, 0x69, 0x63, 0x6b, 0x0a, 0x35, 0x35, 0x35, 0x32, 0x32, 0x09, 0x73,
  0x74, 0x69, 0x66, 0x66, 0x0a, 0x35, 0x35, 0x35, 0x32, 0x33, 0x09, 0x73,
  0x74, 0x69, 0x6c, 0x65, 0x0a, 0x35, 0x35, 0x35, 0x32, 0x34, 0x09, 0x73,
  0x74, 0x69, 0x6c, 0x6c, 0x0a, 0x35, 0x35, 0x35, 0x32, 0x35, 0x09, 0x73,
  0x74, 0x69, 0x6c, 0x74, 0x0a, 0x35, 0x35, 0x35, 0x32, 0x36, 0x09, 0x73,
  0x74, 0x69, 0x6e, 0x67, 0x0a, 0x35, 0x35, 0x35, 0x33, 0x31, 0x09, 0x73,
  0x74, 0x69, 0x6e, 0x67, 0x79, 0x0a, 0x35, 0x35, 0x35, 0x33, 0x32, 0x09,
  0x73, 0x74, 0x69, 0x6e, 0x6b, 0x0a, 0x35, 0x35, 0x35, 0x33, 0x33, 0x09,
  0x73, 0x74, 0x69, 0x6e, 0x74, 0x0a, 0x35, 0x35, 0x35, 0x33, 0x34, 0x09,
  0x73, 0x74, 0x69, 0x72, 0x0a, 0x35, 0x35, 0x35, 0x33, 0x35, 0x09, 0x73,
  0x74, 0x6f, 0x63, 0x6b, 0x0a, 0x35, 0x35, 0x35, 0x33, 0x36, 0x09, 0x73,
  0x74, 0x6f, 0x69, 0x63, 0x0a, 0x35, 0x35, 0x35, 0x34, 0x31, 0x09, 0x73,
  0x74, 0x6f, 0x6b, 0x65, 0x0a, 0x35, 0x35, 0x35, 0x34, 0x32, 0x09, 0x73,
  0x74, 0x6f, 0x6c, 0x65, 0x0a, 0x35, 0x35, 0x35, 0x34, 0x33, 0x09, 0x73,
  0x74, 0x6f, 0x6d, 0x70, 0x0a, 0x35, 0x35, 0x35, 0x34, 0x34, 0x09, 0x73,
  0x74, 0x6f, 0x6e, 0x65, 0x0a, 0x35, 0x35, 0x35, 0x34, 0x35, 0x09, 0x73,
  0x74, 0x6f, 0x6e, 0x79, 0x0a, 0x35, 0x35, 0x35, 0x34, 0x36, 0x09, 0x73,
  0x74, 0x6f, 0x6f, 0x64, 0x0a, 0x35, 0x35, 0x35, 0x35, 0x31, 0x09, 0x73,
  0x74, 0x6f, 0x6f, 0x6c, 0x0a, 0x35, 0x35, 0x35, 0x35, 0x32, 0x09, 0x73,
  0x74, 0x6f, 0x6f, 0x70, 0x0a, 0x35, 0x35, 0x35, 0x35, 0x33, 0x09, 0x73,
  0x74, 0x6f, 0x70, 0x0a, 0x35, 0x35, 0x35, 0x35, 0x34, 0x09, 0x73, 0x74,
  0x6f, 0x72, 0x65, 0x0a, 0x35, 0x35, 0x35, 0x35, 0x35, 0x09, 0x73, 0x74,
  0x6f, 0x72, 0x65, 0x79, 0x0a, 0x35, 0x35, 0x35, 0x35, 0x36, 0x09, 0x73,
  0x74, 0x6f, 0x72, 0x6b, 0x0a, 0x35, 0x35, 0x35, 0x36, 0x31, 0x09, 0x73,
  0x74, 0x6f, 0x72, 0x6d, 0x0a, 0x35, 0x35, 0x35, 0x36, 0x32, 0x09, 0x73,
  0x74, 0x6f, 0x72, 0x79, 0x0a, 0x35, 0x35, 0x35, 0x36, 0x33, 0x09, 0x73,
  0x74, 0x6f, 0x75, 0x74, 0x0a, 0x35, 0x35, 0x35, 0x36, 0x34, 0x09, 0x73,
  0x74, 0x6f, 0x76, 0x65, 0x0a, 0x35, 0x35, 0x35, 0x36, 0x35, 0x09, 0x73,
  0x74, 0x6f, 0x77, 0x0a, 0x35, 0x35, 0x35, 0x36, 0x36, 0x09, 0x73, 0x74,
  0x72, 0x61, 0x66, 0x65, 0x0a, 0x35, 0x35, 0x36, 0x31, 0x31, 0x09, 0x73,
  0x74, 0x72, 0x61, 0x70, 0x0a, 0x35, 0x35, 0x36, 0x31, 0x32, 0x09, 0x73,
  0x74, 0x72, 0x61, 0x77, 0x0a, 0x35, 0x35, 0x36, 0x31, 0x33, 0x09, 0x73,
  0x74, 0x72, 0x61, 0x79, 0x0a, 0x35, 0x35, 0x36, 0x31, 0x34, 0x09, 0x73,
  0x74, 0x72, 0x65, 0x77, 0x6e, 0x0a, 0x35, 0x35, 0x36, 0x31, 0x35, 0x09,
  0x73, 0x74, 0x72, 0x69, 0x70, 0x0a, 0x35, 0x35, 0x36, 0x31, 0x36, 0x09,
  0x73, 0x74, 0x72, 0x6f, 0x6c, 0x6c, 0x0a, 0x35, 0x35, 0x36, 0x32, 0x31,
  0x09, 0x73, 0x74, 0x72, 0x6f, 0x6d, 0x0a, 0x35, 0x35, 0x36, 0x32, 0x32,
  0x09, 0x73, 0x74, 0x72, 0x6f, 0x70, 0x0a, 0x35, 0x35, 0x36, 0x32, 0x33,
  0x09, 0x73, 0x74, 0x72, 0x75, 0x6d, 0x0a, 0x35, 0x35, 0x36, 0x32, 0x34,
  0x09, 0x73, 0x74, 0x72, 0x75, 0x74, 0x0a, 0x35, 0x35, 0x36, 0x32, 0x35,
  0x09, 0x73, 0x74, 0x75, 0x0a, 0x35, 0x35, 0x36, 0x32, 0x36, 0x09, 0x73,
  0x74, 0x75, 0x61, 0x72, 0x74, 0x0a, 0x35, 0x35, 0x36, 0x33, 0x31, 0x09,
  0x73, 0x74, 0x75, 0x62, 0x0a, 0x35, 0x35, 0x36, 0x33, 0x32, 0x09, 0x73,
  0x74, 0x75, 0x63, 0x6b, 0x0a, 0x35, 0x35, 0x36, 0x33, 0x33, 0x09, 0x73,
  0x74, 0x75, 0x64, 0x0a, 0x35, 0x35, 0x36, 0x33, 0x34, 0x09, 0x73, 0x74,
  0x75, 0x64, 0x79, 0x0a, 0x35, 0x35, 0x36, 0x33, 0x35, 0x09, 0x73, 0x74,
  0x75, 0x66, 0x66, 0x0a, 0x35, 0x35, 0x36, 0x33, 0x36, 0x09, 0x73, 0x74,
  0x75, 0x66, 0x66, 0x79, 0x0a, 0x35, 0x35, 0x36, 0x34, 0x31, 0x09, 0x73,
  0x74, 0x75, 0x6d, 0x70, 0x0a, 0x35, 0x35, 0x36, 0x34, 0x32, 0x09, 0x73,
  0x74, 0x75, 0x6e, 0x0a, 0x35, 0x35, 0x36, 0x34, 0x33, 0x09, 0x73, 0x74,
  0x75, 0x6e, 0x67, 0x0a, 0x35, 0x35, 0x36, 0x34, 0x34, 0x09, 0x73, 0x74,
  0x75, 0x6e, 0x6b, 0x0a, 0x35, 0x35, 0x36, 0x34, 0x35, 0x09, 0x73, 0x74,
  0x75, 0x6e, 0x74, 0x0a, 0x35, 0x35, 0x36, 0x34, 0x36, 0x09, 0x73, 0x74,
  0x75, 0x72, 0x6d, 0x0a, 0x35, 0x35, 0x36, 0x35, 0x31, 0x09, 0x73, 0x74,
  0x79, 0x6c, 0x65, 0x0a, 0x35, 0x35, 0x36, 0x35, 0x32, 0x09, 0x73, 0x74,
  0x79, 0x6c, 0x69, 0x0a, 0x35, 0x35, 0x36, 0x35, 0x33, 0x09, 0x73, 0x74,
  0x79, 0x78, 0x0a, 0x35, 0x35, 0x36, 0x35, 0x34, 0x09, 0x73, 0x75, 0x0a,
  0x35, 0x35, 0x36, 0x35, 0x35, 0x09, 0x73, 0x75, 0x61, 0x76, 0x65, 0x0a,
  0x35, 0x35, 0x36, 0x35, 0x36, 0x09, 0x73, 0x75, 0x62, 0x0a, 0x35, 0x35,
  0x36, 0x36, 0x31, 0x09, 0x73, 0x75, 0x62, 0x74, 0x6c, 0x79, 0x0a, 0x35,
  0x35, 0x36, 0x36, 0x32, 0x09, 0x73, 0x75, 0x63, 0x68, 0x0a, 0x35, 0x35,
  0x36, 0x36, 0x33, 0x09, 0x73, 0x75, 0x63, 0x6b, 0x0a, 0x35, 0x35, 0x36,
  0x36, 0x34, 0x09, 0x73, 0x75, 0x64, 0x0a, 0x35, 0x35, 0x36, 0x36, 0x35,
  0x09, 0x73, 0x75, 0x64, 0x61, 0x6e, 0x0a, 0x35, 0x35, 0x36, 0x36, 0x36,
  0x09, 0x73, 0x75, 0x64, 0x73, 0x0a, 0x35, 0x36, 0x31, 0x31, 0x31, 0x09,
  0x73, 0x75, 0x65, 0x0a, 0x35, 0x36, 0x31, 0x31, 0x32, 0x09, 0x73, 0x75,
  0x65, 0x79, 0x0a, 0x35, 0x36, 0x31, 0x31, 0x33, 0x09, 0x73, 0x75, 0x65,
  0x7a, 0x0a, 0x35, 0x36, 0x31, 0x31, 0x34, 0x09, 0x73, 0x75, 0x67, 0x61,
  0x72, 0x0a, 0x35, 0x36, 0x31, 0x31, 0x35, 0x09, 0x73, 0x75, 0x69, 0x74,
  0x0a, 0x35, 0x36, 0x31, 0x31, 0x36, 0x09, 0x73, 0x75, 0x69, 0x74, 0x65,
  0x0a, 0x35, 0x36, 0x31, 0x32, 0x31, 0x09, 0x73, 0x75, 0x6c, 0x66, 0x61,
  0x0a, 0x35, 0x36, 0x31, 0x32, 0x32, 0x09, 0x73, 0x75, 0x6c, 0x6b, 0x0a,
  0x35, 0x36, 0x31, 0x32, 0x33, 0x09, 0x73, 0x75, 0x6c, 0x6b, 0x79, 0x0a,
  0x35, 0x36, 0x31, 0x32, 0x34, 0x09, 0x73, 0x75, 0x6c, 0x6c, 0x79, 0x0a,
  0x35, 0x36, 0x31, 0x32, 0x35, 0x09, 0x73, 0x75, 0x6c, 0x74, 0x72, 0x79,
  0x0a, 0x35, 0x36, 0x31, 0x32, 0x36, 0x09, 0x73, 0x75, 0x6d, 0x0a, 0x35,
  0x36, 0x31, 0x33, 0x31, 0x09, 0x73, 0x75, 0x6d, 0x61, 0x63, 0x0a, 0x35,
  0x36, 0x31, 0x33, 0x32, 0x09, 0x73, 0x75, 0x6d, 0x6d, 0x6f, 0x6e, 0x0a,
  0x35, 0x36, 0x31, 0x33, 0x33, 0x09, 0x73, 0x75, 0x6e, 0x0a, 0x35, 0x36,
  0x31, 0x33, 0x34, 0x09, 0x73, 0x75, 0x6e, 0x67, 0x0a, 0x35, 0x36, 0x31,
  0x33, 0x35, 0x09, 0x73, 0x75, 0x6e, 0x6b, 0x0a, 0x35, 0x36, 0x31, 0x33,
  0x36, 0x09, 0x73, 0x75, 0x6e, 0x6e, 0x79, 0x0a, 0x35, 0x36, 0x31, 0x34,
  0x31, 0x09, 0x73, 0x75, 0x6e, 0x73, 0x65, 0x74, 0x0a, 0x35, 0x36, 0x31,
  0x34, 0x32, 0x09, 0x73, 0x75, 0x6e, 0x79, 0x0a, 0x35, 0x36, 0x31, 0x34,
  0x33, 0x09, 0x73, 0x75, 0x70, 0x0a, 0x35, 0x36, 0x31, 0x34, 0x34, 0x09,
  0x73, 0x75, 0x70, 0x65, 0x72, 0x0a, 0x35, 0x36, 0x31, 0x34, 0x35, 0x09,
  0x73, 0x75, 0x70, 0x72, 0x61, 0x0a, 0x35, 0x36, 0x31, 0x34, 0x36, 0x09,
  0x73, 0x75, 0x72, 0x65, 0x0a, 0x35, 0x36, 0x31, 0x35, 0x31, 0x09, 0x73,
  0x75, 0x72, 0x66, 0x0a, 0x35, 0x36, 0x31, 0x35, 0x32, 0x09, 0x73, 0x75,
  0x72, 0x67, 0x65, 0x0a, 0x35, 0x36, 0x31, 0x35, 0x33, 0x09, 0x73, 0x75,
  0x73, 0x0a, 0x35, 0x36, 0x31, 0x35, 0x34, 0x09, 0x73, 0x75, 0x73, 0x61,
  0x6e, 0x0a, 0x35, 0x36, 0x31, 0x35, 0x35, 0x09, 0x73, 0x75, 0x73, 0x68,
  0x69, 0x0a, 0x35, 0x36, 0x31, 0x35, 0x36, 0x09, 0x73, 0x75, 0x73, 0x69,
  0x65, 0x0a, 0x35, 0x36, 0x31, 0x36, 0x31, 0x09, 0x73, 0x75, 0x74, 0x74,
  0x6f, 0x6e, 0x0a, 0x35, 0x36, 0x31, 0x36, 0x32, 0x09, 0x73, 0x76, 0x0a,
  0x35, 0x36, 0x31, 0x36, 0x33, 0x09, 0x73, 0x77, 0x0a, 0x35, 0x36, 0x31,
  0x36, 0x34, 0x09, 0x73, 0x77, 0x61, 0x62, 0x0a, 0x35, 0x36, 0x31, 0x36,
  0x35, 0x09, 0x73, 0x77, 0x61, 0x67, 0x0a, 0x35, 0x36, 0x31, 0x36, 0x36,
  0x09, 0x73, 0x77, 0x61, 0x69, 0x6e, 0x0a, 0x35, 0x36, 0x32, 0x31, 0x31,
  0x09, 0x73, 0x77, 0x61, 0x6d, 0x0a, 0x35, 0x36, 0x32, 0x31, 0x32, 0x09,
  0x73, 0x77, 0x61, 0x6d, 0x69, 0x0a, 0x35, 0x36, 0x32, 0x31, 0x33, 0x09,
  0x73, 0x77, 0x61, 0x6d, 0x70, 0x0a, 0x35, 0x36, 0x32, 0x31, 0x34, 0x09,
  0x73, 0x77, 0x61, 0x6d, 0x70, 0x79, 0x0a, 0x35, 0x36, 0x32, 0x31, 0x35,
  0x09, 0x73, 0x77, 0x61, 0x6e, 0x0a, 0x35, 0x36, 0x32, 0x31, 0x36, 0x09,
  0x73, 0x77, 0x61, 0x6e, 0x6b, 0x0a, 0x35, 0x36, 0x32, 0x32, 0x31, 0x09,
  0x73, 0x77, 0x61, 0x70, 0x0a, 0x35, 0x36, 0x32, 0x32, 0x32, 0x09, 0x73,
  0x77, 0x61, 0x72, 0x6d, 0x0a, 0x35, 0x36, 0x32, 0x32, 0x33, 0x09, 0x73,
  0x77, 0x61, 0x72, 0x74, 0x0a, 0x35, 0x36, 0x32, 0x32, 0x34, 0x09, 0x73,
  0x77, 0x61, 0x74, 0x0a, 0x35, 0x36, 0x32, 0x32, 0x35, 0x09, 0x73, 0x77,
  0x61, 0x74, 0x68, 0x0a, 0x35, 0x36, 0x32, 0x32, 0x36, 0x09, 0x73, 0x77,
  0x61, 0x79, 0x0a, 0x35, 0x36, 0x32, 0x33, 0x31, 0x09, 0x73, 0x77, 0x65,
  0x61, 0x72, 0x0a, 0x35, 0x36, 0x32, 0x33, 0x32, 0x09, 0x73, 0x77, 0x65,
  0x61, 0x74, 0x0a, 0x35, 0x36, 0x32, 0x33, 0x33, 0x09, 0x73, 0x77, 0x65,
  0x61, 0x74, 0x79, 0x0a, 0x35, 0x36, 0x32, 0x33, 0x34, 0x09, 0x73, 0x77,
  0x65, 0x64, 0x65, 0x0a, 0x35, 0x36, 0x32, 0x33, 0x35, 0x09, 0x73, 0x77,
  0x65, 0x65, 0x70, 0x0a, 0x35, 0x36, 0x32, 0x33, 0x36, 0x09, 0x73, 0x77,
  0x65, 0x65, 0x74, 0x0a, 0x35, 0x36, 0x32, 0x34, 0x31, 0x09, 0x73, 0x77,
  0x65, 0x6c, 0x6c, 0x0a, 0x35, 0x36, 0x32, 0x34, 0x32, 0x09, 0x73, 0x77,
  0x65, 0x6c, 0x74, 0x0a, 0x35, 0x36, 0x32, 0x34, 0x33, 0x09, 0x73, 0x77,
  0x65, 0x70, 0x74, 0x0a, 0x35, 0x36, 0x32, 0x34, 0x34, 0x09, 0x73, 0x77,
  0x69, 0x66, 0x74, 0x0a, 0x35, 0x36, 0x32, 0x34, 0x35, 0x09, 0x73, 0x77,
  0x69, 0x67, 0x0a, 0x35, 0x36, 0x32, 0x34, 0x36, 0x09, 0x73, 0x77, 0x69,
  0x6d, 0x0a, 0x35, 0x36, 0x32, 0x35, 0x31, 0x09, 0x73, 0x77, 0x69, 0x6e,
  0x65, 0x0a, 0x35, 0x36, 0x32, 0x35, 0x32, 0x09, 0x73, 0x77, 0x69, 0x6e,
  0x67, 0x0a, 0x35, 0x36, 0x32, 0x35, 0x33, 0x09, 0x73, 0x77, 0x69, 0x70,
  0x65, 0x0a, 0x35, 0x36, 0x32, 0x35, 0x34, 0x09, 0x73, 0x77, 0x69, 0x72,
  0x6c, 0x0a, 0x35, 0x36, 0x32, 0x35, 0x35, 0x09, 0x73, 0x77, 0x69, 0x73,
  0x68, 0x0a, 0x35, 0x36, 0x32, 0x35, 0x36, 0x09, 0x73, 0x77, 0x69, 0x73,
  0x73, 0x0a, 0x35, 0x36, 0x32, 0x36, 0x31, 0x09, 0x73, 0x77, 0x6f, 0x6f,
  0x70, 0x0a, 0x35, 0x36, 0x32, 0x36, 0x32, 0x09, 0x73, 0x77, 0x6f, 0x72,
  0x64, 0x0a, 0x35, 0x36, 0x32, 0x36, 0x33, 0x09, 0x73, 0x77, 0x6f, 0x72,
  0x65, 0x0a, 0x35, 0x36, 0x32, 0x36, 0x34, 0x09, 0x73, 0x77, 0x6f, 0x72,
  0x6e, 0x0a, 0x35, 0x36, 0x32, 0x36, 0x35, 0x09, 0x73, 0x77, 0x75, 0x6d,
  0x0a, 0x35, 0x36, 0x32, 0x36, 0x36, 0x09, 0x73, 0x77, 0x75, 0x6e, 0x67,
  0x0a, 0x35, 0x36, 0x33, 0x31, 0x31, 0x09, 0x73, 0x78, 0x0a, 0x35, 0x36,
  0x33, 0x31, 0x32, 0x09, 0x73, 0x79, 0x0a, 0x35, 0x36, 0x33, 0x31, 0x33,
  0x09, 0x73, 0x79, 0x62, 0x69, 0x6c, 0x0a, 0x35, 0x36, 0x33, 0x31, 0x34,
  0x09, 0x73, 0x79, 0x6b, 0x65, 0x73, 0x0a, 0x35, 0x36, 0x33, 0x31, 0x35,
  0x09, 0x73, 0x79, 0x6c, 0x6f, 0x77, 0x0a, 0x35, 0x36, 0x33, 0x31, 0x36,
  0x09, 0x73, 0x79, 0x6c, 0x76, 0x61, 0x6e, 0x0a, 0x35, 0x36, 0x33, 0x32,
  0x31, 0x09, 0x73, 0x79, 0x6e, 0x67, 0x65, 0x0a, 0x35, 0x36, 0x33, 0x32,
  0x32, 0x09, 0x73, 0x79, 0x6e, 0x6f, 0x64, 0x0a, 0x35, 0x36, 0x33, 0x32,
  0x33, 0x09, 0x73, 0x79, 0x72, 0x69, 0x61, 0x0a, 0x35, 0x36, 0x33, 0x32,
  0x34, 0x09, 0x73, 0x79, 0x72, 0x75, 0x70, 0x0a, 0x35, 0x36, 0x33, 0x32,
  0x35, 0x09, 0x73, 0x7a, 0x0a, 0x35, 0x36, 0x33, 0x32, 0x36, 0x09, 0x74,
  0x0a, 0x35, 0x36, 0x33, 0x33, 0x31, 0x09, 0x74, 0x27, 0x73, 0x0a, 0x35,
  0x36, 0x33, 0x33, 0x32, 0x09, 0x74, 0x61, 0x0a, 0x35, 0x36, 0x33, 0x33,
  0x33, 0x09, 0x74, 0x61, 0x62, 0x0a, 0x35, 0x36, 0x33, 0x33, 0x34, 0x09,
  0x74, 0x61, 0x62, 0x6c, 0x65, 0x0a, 0x35, 0x36, 0x33, 0x33, 0x35, 0x09,
  0x74, 0x61, 0x62, 0x6f, 0x6f, 0x0a, 0x35, 0x36, 0x33, 0x33, 0x36, 0x09,
  0x74, 0x61, 0x62, 0x75, 0x0a, 0x35, 0x36, 0x33, 0x34, 0x31, 0x09, 0x74,
  0x61, 0x62, 0x75, 0x6c, 0x61, 0x0a, 0x35, 0x36, 0x33, 0x34, 0x32, 0x09,
  0x74, 0x61, 0x63, 0x69, 0x74, 0x0a, 0x35, 0x36, 0x33, 0x34, 0x33, 0x09,
  0x74, 0x61, 0x63, 0x6b, 0x0a, 0x35, 0x36, 0x33, 0x34, 0x34, 0x09, 0x74,
  0x61, 0x63, 0x6b, 0x79, 0x0a, 0x35, 0x36, 0x33, 0x34, 0x35, 0x09, 0x74,
  0x61, 0x63, 0x6f, 0x6d, 0x61, 0x0a, 0x35, 0x36, 0x33, 0x34, 0x36, 0x09,
  0x74, 0x61, 0x63, 0x74, 0x0a, 0x35, 0x36, 0x33, 0x35, 0x31, 0x09, 0x74,
  0x61, 0x64, 0x0a, 0x35, 0x36, 0x33, 0x35, 0x32, 0x09, 0x74, 0x61, 0x66,
  0x66, 0x79, 0x0a, 0x35, 0x36, 0x33, 0x35, 0x33, 0x09, 0x74, 0x61, 0x66,
  0x74, 0x0a, 0x35, 0x36, 0x33, 0x35, 0x34, 0x09, 0x74, 0x61, 0x67, 0x0a,
  0x35, 0x36, 0x33, 0x35, 0x35, 0x09, 0x74, 0x61, 0x68, 0x6f, 0x65, 0x0a,
  0x35, 0x36, 0x33, 0x35, 0x36, 0x09, 0x74, 0x61, 0x69, 0x6c, 0x0a, 0x35,
  0x36, 0x33, 0x36, 0x31, 0x09, 0x74, 0x61, 0x69, 0x6e, 0x74, 0x0a, 0x35,
  0x36, 0x33, 0x36, 0x32, 0x09, 0x74, 0x61, 0x6b, 0x65, 0x0a, 0x35, 0x36,
  0x33, 0x36, 0x33, 0x09, 0x74, 0x61, 0x6b, 0x65, 0x6e, 0x0a, 0x35, 0x36,
  0x33, 0x36, 0x34, 0x09, 0x74, 0x61, 0x6c, 0x63, 0x0a, 0x35, 0x36, 0x33,
  0x36, 0x35, 0x09, 0x74, 0x61, 0x6c, 0x65, 0x0a, 0x35, 0x36, 0x33, 0x36,
  0x36, 0x09, 0x74, 0x61, 0x6c, 0x6b, 0x0a, 0x35, 0x36, 0x34, 0x31, 0x31,
  0x09, 0x74, 0x61, 0x6c, 0x6b, 0x79, 0x0a, 0x35, 0x36, 0x34, 0x31, 0x32,
  0x09, 0x74, 0x61, 0x6c, 0x6c, 0x0a, 0x35, 0x36, 0x34, 0x31, 0x33, 0x09,
  0x74, 0x61, 0x6c, 0x6c, 0x6f, 0x77, 0x0a, 0x35, 0x36, 0x34, 0x31, 0x34,
  0x09, 0x74, 0x61, 0x6c, 0x6c, 0x79, 0x0a, 0x35, 0x36, 0x34, 0x31, 0x35,
  0x09, 0x74, 0x61, 0x6c, 0x6f, 0x6e, 0x0a, 0x35, 0x36, 0x34, 0x31, 0x36,
  0x09, 0x74, 0x61, 0x6c, 0x75, 0x73, 0x0a, 0x35, 0x36, 0x34, 0x32, 0x31,
  0x09, 0x74, 0x61, 0x6d, 0x0a, 0x35, 0x36, 0x34, 0x32, 0x32, 0x09, 0x74,
  0x61, 0x6d, 0x65, 0x0a, 0x35, 0x36, 0x34, 0x32, 0x33, 0x09, 0x74, 0x61,
  0x6d, 0x70, 0x0a, 0x35, 0x36, 0x34, 0x32, 0x34, 0x09, 0x74, 0x61, 0x6d,
  0x70, 0x61, 0x0a, 0x35, 0x36, 0x34, 0x32, 0x35, 0x09, 0x74, 0x61, 0x6e,
  0x0a, 0x35, 0x36, 0x34, 0x32, 0x36, 0x09, 0x74, 0x61, 0x6e, 0x67, 0x0a,
  0x35, 0x36, 0x34, 0x33, 0x31, 0x09, 0x74, 0x61, 0x6e, 0x67, 0x6f, 0x0a,
  0x35, 0x36, 0x34, 0x33, 0x32, 0x09, 0x74, 0x61, 0x6e, 0x67, 0x79, 0x0a,
  0x35, 0x36, 0x34, 0x33, 0x33, 0x09, 0x74, 0x61, 0x6e, 0x68, 0x0a, 0x35,
  0x36, 0x34, 0x33, 0x34, 0x09, 0x74, 0x61, 0x6e, 0x6b, 0x0a, 0x35, 0x36,
  0x34, 0x33, 0x35, 0x09, 0x74, 0x61, 0x6e, 0x73, 0x79, 0x0a, 0x35, 0x36,
  0x34, 0x33, 0x36, 0x09, 0x74, 0x61, 0x6e, 0x79, 0x61, 0x0a, 0x35, 0x36,
  0x34, 0x34, 0x31, 0x09, 0x74, 0x61, 0x6f, 0x0a, 0x35, 0x36, 0x34, 0x34,
  0x32, 0x09, 0x74, 0x61, 0x6f, 0x73, 0x0a, 0x35, 0x36, 0x34, 0x34, 0x33,
  0x09, 0x74, 0x61, 0x70, 0x0a, 0x35, 0x36, 0x34, 0x34, 0x34, 0x09, 0x74,
  0x61, 0x70, 0x61, 0x0a, 0x35, 0x36, 0x34, 0x34, 0x35, 0x09, 0x74, 0x61,
  0x70, 0x65, 0x0a, 0x35, 0x36, 0x34, 0x34, 0x36, 0x09, 0x74, 0x61, 0x70,
  0x65, 0x72, 0x0a, 0x35, 0x36, 0x34, 0x35, 0x31, 0x09, 0x74, 0x61, 0x70,
  0x69, 0x72, 0x0a, 0x35, 0x36, 0x34, 0x35, 0x32, 0x09, 0x74, 0x61, 0x70,
  0x69, 0x73, 0x0a, 0x35, 0x36, 0x34, 0x35, 0x33, 0x09, 0x74, 0x61, 0x70,
  0x70, 0x61, 0x0a, 0x35, 0x36, 0x34, 0x35, 0x34, 0x09, 0x74, 0x61, 0x72,
  0x0a, 0x35, 0x36, 0x34, 0x35, 0x35, 0x09, 0x74, 0x61, 0x72, 0x61, 0x0a,
  0x35, 0x36, 0x34, 0x35, 0x36, 0x09, 0x74, 0x61, 0x72, 0x64, 0x79, 0x0a,
  0x35, 0x36, 0x34, 0x36, 0x31, 0x09, 0x74, 0x61, 0x72, 0x69, 0x66, 0x66,
  0x0a, 0x35, 0x36, 0x34, 0x36, 0x32, 0x09, 0x74, 0x61, 0x72, 0x72, 0x79,
  0x0a, 0x35, 0x36, 0x34, 0x36, 0x33, 0x09, 0x74, 0x61, 0x72, 0x74, 0x0a,
  0x35, 0x36, 0x34, 0x36, 0x34, 0x09, 0x74, 0x61, 0x73, 0x6b, 0x0a, 0x35,
  0x36, 0x34, 0x36, 0x35, 0x09, 0x74, 0x61, 0x73, 0x73, 0x0a, 0x35, 0x36,
  0x34, 0x36, 0x36, 0x09, 0x74, 0x61, 0x73, 0x74, 0x65, 0x0a, 0x35, 0x36,
  0x35, 0x31, 0x31, 0x09, 0x74, 0x61, 0x73, 0x74, 0x79, 0x0a, 0x35, 0x36,
  0x35, 0x31, 0x32, 0x09, 0x74, 0x61, 0x74, 0x0a, 0x35, 0x36, 0x35, 0x31,
  0x33, 0x09, 0x74, 0x61, 0x74, 0x65, 0x0a, 0x35, 0x36, 0x35, 0x31, 0x34,
  0x09, 0x74, 0x61, 0x74, 0x65, 0x72, 0x0a, 0x35, 0x36, 0x35, 0x31, 0x35,
  0x09, 0x74, 0x61, 0x74, 0x74, 0x6c, 0x65, 0x0a, 0x35, 0x36, 0x35, 0x31,
  0x36, 0x09, 0x74, 0x61, 0x74, 0x74, 0x79, 0x0a, 0x35, 0x36, 0x35, 0x32,
  0x31, 0x09, 0x74, 0x61, 0x75, 0x0a, 0x35, 0x36, 0x35, 0x32, 0x32, 0x09,
  0x74, 0x61, 0x75, 0x6e, 0x74, 0x0a, 0x35, 0x36, 0x35, 0x32, 0x33, 0x09,
  0x74, 0x61, 0x75, 0x74, 0x0a, 0x35, 0x36, 0x35, 0x32, 0x34, 0x09, 0x74,
  0x61, 0x76, 0x65, 0x72, 0x6e, 0x0a, 0x35, 0x36, 0x35, 0x32, 0x35, 0x09,
  0x74, 0x61, 0x77, 0x6e, 0x79, 0x0a, 0x35, 0x36, 0x35, 0x32, 0x36, 0x09,
  0x74, 0x61, 0x78, 0x0a, 0x35, 0x36, 0x35, 0x33, 0x31, 0x09, 0x74, 0x61,
  0x78, 0x69, 0x0a, 0x35, 0x36, 0x35, 0x33, 0x32, 0x09, 0x74, 0x62, 0x0a,
  0x35, 0x36, 0x35, 0x33, 0x33, 0x09, 0x74, 0x63, 0x0a, 0x35, 0x36, 0x35,
  0x33, 0x34, 0x09, 0x74, 0x64, 0x0a, 0x35, 0x36, 0x35, 0x33, 0x35, 0x09,
  0x74, 0x65, 0x0a, 0x35, 0x36, 0x35, 0x33, 0x36, 0x09, 0x74, 0x65, 0x61,
  0x0a, 0x35, 0x36, 0x35, 0x34, 0x31, 0x09, 0x74, 0x65, 0x61, 0x63, 0x68,
  0x0a, 0x35, 0x36, 0x35, 0x34, 0x32, 0x09, 0x74, 0x65, 0x61, 0x6c, 0x0a,
  0x35, 0x36, 0x35, 0x34, 0x33, 0x09, 0x74, 0x65, 0x61, 0x6d, 0x0a, 0x35,
  0x36, 0x35, 0x34, 0x34, 0x09, 0x74, 0x65, 0x61, 0x72, 0x0a, 0x35, 0x36,
  0x35, 0x34, 0x35, 0x09, 0x74, 0x65, 0x61, 0x73, 0x65, 0x0a, 0x35, 0x36,
  0x35, 0x34, 0x36, 0x09, 0x74, 0x65, 0x61, 0x74, 0x0a, 0x35, 0x36, 0x35,
  0x35, 0x31, 0x09, 0x74, 0x65, 0x63, 0x68, 0x0a, 0x35, 0x36, 0x35, 0x35,
  0x32, 0x09, 0x74, 0x65, 0x63, 0x75, 0x6d, 0x0a, 0x35, 0x36, 0x35, 0x35,
  0x33, 0x09, 0x74, 0x65, 0x64, 0x0a, 0x35, 0x36, 0x35, 0x35, 0x34, 0x09,
  0x74, 0x65, 0x64, 0x64, 0x79, 0x0a, 0x35, 0x36, 0x35, 0x35, 0x35, 0x09,
  0x74, 0x65, 0x65, 0x0a, 0x35, 0x36, 0x35, 0x35, 0x36, 0x09, 0x74, 0x65,
  0x65, 0x6d, 0x0a, 0x35, 0x36, 0x35, 0x36, 0x31, 0x09, 0x74, 0x65, 0x65,
  0x6e, 0x0a, 0x35, 0x36, 0x35, 0x36, 0x32, 0x09, 0x74, 0x65, 0x65, 0x6e,
  0x73, 0x79, 0x0a, 0x35, 0x36, 0x35, 0x36, 0x33, 0x09, 0x74, 0x65, 0x65,
  0x74, 0x0a, 0x35, 0x36, 0x35, 0x36, 0x34, 0x09, 0x74, 0x65, 0x65, 0x74,
  0x68, 0x0a, 0x35, 0x36, 0x35, 0x36, 0x35, 0x09, 0x74, 0x65, 0x6c, 0x65,
  0x78, 0x0a, 0x35, 0x36, 0x35, 0x36, 0x36, 0x09, 0x74, 0x65, 0x6c, 0x6c,
  0x0a, 0x35, 0x36, 0x36, 0x31, 0x31, 0x09, 0x74, 0x65, 0x6d, 0x70, 0x6f,
  0x0a, 0x35, 0x36, 0x36, 0x31, 0x32, 0x09, 0x74, 0x65, 0x6d, 0x70, 0x74,
  0x0a, 0x35, 0x36, 0x36, 0x31, 0x33, 0x09, 0x74, 0x65, 0x6e, 0x0a, 0x35,
  0x36, 0x36, 0x31, 0x34, 0x09, 0x74, 0x65, 0x6e, 0x64, 0x0a, 0x35, 0x36,
  0x36, 0x31, 0x35, 0x09, 0x74, 0x65, 0x6e, 0x65, 0x74, 0x0a, 0x35, 0x36,
  0x36, 0x31, 0x36, 0x09, 0x74, 0x65, 0x6e, 0x6e, 0x65, 0x79, 0x0a, 0x35,
  0x36, 0x36, 0x32, 0x31, 0x09, 0x74, 0x65, 0x6e, 0x6f, 0x6e, 0x0a, 0x35,
  0x36, 0x36, 0x32, 0x32, 0x09, 0x74, 0x65, 0x6e, 0x6f, 0x72, 0x0a, 0x35,
  0x36, 0x36, 0x32, 0x33, 0x09, 0x74, 0x65, 0x6e, 0x73, 0x65, 0x0a, 0x35,
  0x36, 0x36, 0x32, 0x34, 0x09, 0x74, 0x65, 0x6e, 0x73, 0x6f, 0x72, 0x0a,
  0x35, 0x36, 0x36, 0x32, 0x35, 0x09, 0x74, 0x65, 0x6e, 0x74, 0x0a, 0x35,
  0x36, 0x36, 0x32, 0x36, 0x09, 0x74, 0x65, 0x6e, 0x74, 0x68, 0x0a, 0x35,
  0x36, 0x36, 0x33, 0x31, 0x09, 0x74, 0x65, 0x70, 0x65, 0x65, 0x0a, 0x35,
  0x36, 0x36, 0x33, 0x32, 0x09, 0x74, 0x65, 0x70, 0x69, 0x64, 0x0a, 0x35,
  0x36, 0x36, 0x33, 0x33, 0x09, 0x74, 0x65, 0x72, 0x6d, 0x0a, 0x35, 0x36,
  0x36, 0x33, 0x34, 0x09, 0x74, 0x65, 0x72, 0x6e, 0x0a, 0x35, 0x36, 0x36,
  0x33, 0x35, 0x09, 0x74, 0x65, 0x72, 0x72, 0x61, 0x0a, 0x35, 0x36, 0x36,
  0x33, 0x36, 0x09, 0x74, 0x65, 0x72, 0x72, 0x65, 0x0a, 0x35, 0x36, 0x36,
  0x34, 0x31, 0x09, 0x74, 0x65, 0x72, 0x72, 0x79, 0x0a, 0x35, 0x36, 0x36,
  0x34, 0x32, 0x09, 0x74, 0x65, 0x72, 0x73, 0x65, 0x0a, 0x35, 0x36, 0x36,
  0x34, 0x33, 0x09, 0x74, 0x65, 0x73, 0x73, 0x0a, 0x35, 0x36, 0x36, 0x34,
  0x34, 0x09, 0x74, 0x65, 0x73, 0x74, 0x0a, 0x35, 0x36, 0x36, 0x34, 0x35,
  0x09, 0x74, 0x65, 0x73, 0x74, 0x79, 0x0a, 0x35, 0x36, 0x36, 0x34, 0x36,
  0x09, 0x74, 0x65, 0x74, 0x65, 0x0a, 0x35, 0x36, 0x36, 0x35, 0x31, 0x09,
  0x74, 0x65, 0x78, 0x61, 0x6e, 0x0a, 0x35, 0x36, 0x36, 0x35, 0x32, 0x09,
  0x74, 0x65, 0x78, 0x61, 0x73, 0x0a, 0x35, 0x36, 0x36, 0x35, 0x33, 0x09,
  0x74, 0x65, 0x78, 0x74, 0x0a, 0x35, 0x36, 0x36, 0x35, 0x34, 0x09, 0x74,
  0x66, 0x0a, 0x35, 0x36, 0x36, 0x35, 0x35, 0x09, 0x74, 0x67, 0x0a, 0x35,
  0x36, 0x36, 0x35, 0x36, 0x09, 0x74, 0x68, 0x0a, 0x35, 0x36, 0x36, 0x36,
  0x31, 0x09, 0x74, 0x68, 0x61, 0x69, 0x0a, 0x35, 0x36, 0x36, 0x36, 0x32,
  0x09, 0x74, 0x68, 0x61, 0x6e, 0x0a, 0x35, 0x36, 0x36, 0x36, 0x33, 0x09,
  0x74, 0x68, 0x61, 0x6e, 0x6b, 0x0a, 0x35, 0x36, 0x36, 0x36, 0x34, 0x09,
  0x74, 0x68, 0x61, 0x74, 0x0a, 0x35, 0x36, 0x36, 0x36, 0x35, 0x09, 0x74,
  0x68, 0x61, 0x77, 0x0a, 0x35, 0x36, 0x36, 0x36, 0x36, 0x09, 0x74, 0x68,
  0x65, 0x0a, 0x36, 0x31, 0x31, 0x31, 0x31, 0x09, 0x74, 0x68, 0x65, 0x61,
  0x0a, 0x36, 0x31, 0x31, 0x31, 0x32, 0x09, 0x74, 0x68, 0x65, 0x65, 0x0a,
  0x36, 0x31, 0x31, 0x31, 0x33, 0x09, 0x74, 0x68, 0x65, 0x66, 0x74, 0x0a,
  0x36, 0x31, 0x31, 0x31, 0x34, 0x09, 0x74, 0x68, 0x65, 0x69, 0x72, 0x0a,
  0x36, 0x31, 0x31, 0x31, 0x35, 0x09, 0x74, 0x68, 0x65, 0x6d, 0x0a, 0x36,
  0x31, 0x31, 0x31, 0x36, 0x09, 0x74, 0x68, 0x65, 0x6d, 0x65, 0x0a, 0x36,
  0x31, 0x31, 0x32, 0x31, 0x09, 0x74, 0x68, 0x65, 0x6e, 0x0a, 0x36, 0x31,
  0x31, 0x32, 0x32, 0x09, 0x74, 0x68, 0x65, 0x72, 0x65, 0x0a, 0x36, 0x31,
  0x31, 0x32, 0x33, 0x09, 0x74, 0x68, 0x65, 0x73, 0x65, 0x0a, 0x36, 0x31,
  0x31, 0x32, 0x34, 0x09, 0x74, 0x68, 0x65, 0x74, 0x61, 0x0a, 0x36, 0x31,
  0x31, 0x32, 0x35, 0x09, 0x74, 0x68, 0x65, 0x79, 0x0a, 0x36, 0x31, 0x31,
  0x32, 0x36, 0x09, 0x74, 0x68, 0x69, 0x63, 0x6b, 0x0a, 0x36, 0x31, 0x31,
  0x33, 0x31, 0x09, 0x74, 0x68, 0x69, 0x65, 0x66, 0x0a, 0x36, 0x31, 0x31,
  0x33, 0x32, 0x09, 0x74, 0x68, 0x69, 0x67, 0x68, 0x0a, 0x36, 0x31, 0x31,
  0x33, 0x33, 0x09, 0x74, 0x68, 0x69, 0x6e, 0x0a, 0x36, 0x31, 0x31, 0x33,
  0x34, 0x09, 0x74, 0x68, 0x69, 0x6e, 0x65, 0x0a, 0x36, 0x31, 0x31, 0x33,
  0x35, 0x09, 0x74, 0x68, 0x69, 0x6e, 0x67, 0x0a, 0x36, 0x31, 0x31, 0x33,
  0x36, 0x09, 0x74, 0x68, 0x69, 0x6e, 0x6b, 0x0a, 0x36, 0x31, 0x31, 0x34,
  0x31, 0x09, 0x74, 0x68, 0x69, 0x72, 0x64, 0x0a, 0x36, 0x31, 0x31, 0x34,
  0x32, 0x09, 0x74, 0x68, 0x69, 0x73, 0x0a, 0x36, 0x31, 0x31, 0x34, 0x33,
  0x09, 0x74, 0x68, 0x6f, 0x6e, 0x67, 0x0a, 0x36, 0x31, 0x31, 0x34, 0x34,
  0x09, 0x74, 0x68, 0x6f, 0x72, 0x0a, 0x36, 0x31, 0x31, 0x34, 0x35, 0x09,
  0x74, 0x68, 0x6f, 0x72, 0x6e, 0x0a, 0x36, 0x31, 0x31, 0x34, 0x36, 0x09,
  0x74, 0x68, 0x6f, 0x72, 0x6e, 0x79, 0x0a, 0x36, 0x31, 0x31, 0x35, 0x31,
  0x09, 0x74, 0x68, 0x6f, 0x73, 0x65, 0x0a, 0x36, 0x31, 0x31, 0x35, 0x32,
  0x09, 0x74, 0x68, 0x6f, 0x75, 0x0a, 0x36, 0x31, 0x31, 0x35, 0x33, 0x09,
  0x74, 0x68, 0x72, 0x65, 0x61, 0x64, 0x0a, 0x36, 0x31, 0x31, 0x35, 0x34,
  0x09, 0x74, 0x68, 0x72, 0x65, 0x65, 0x0a, 0x36, 0x31, 0x31, 0x35, 0x35,
  0x09, 0x74, 0x68, 0x72, 0x65, 0x77, 0x0a, 0x36, 0x31, 0x31, 0x35, 0x36,
  0x09, 0x74, 0x68, 0x72, 0x6f, 0x62, 0x0a, 0x36, 0x31, 0x31, 0x36, 0x31,
  0x09, 0x74, 0x68, 0x72, 0x6f, 0x65, 0x73, 0x0a, 0x36, 0x31, 0x31, 0x36,
  0x32, 0x09, 0x74, 0x68, 0x72, 0x6f, 0x77, 0x0a, 0x36, 0x31, 0x31, 0x36,
  0x33, 0x09, 0x74, 0x68, 0x72, 0x75, 0x6d, 0x0a, 0x36, 0x31, 0x31, 0x36,
  0x34, 0x09, 0x74, 0x68, 0x75, 0x64, 0x0a, 0x36, 0x31, 0x31, 0x36, 0x35,
  0x09, 0x74, 0x68, 0x75, 0x67, 0x0a, 0x36, 0x31, 0x31, 0x36, 0x36, 0x09,
  0x74, 0x68, 0x75, 0x6c, 0x65, 0x0a, 0x36, 0x31, 0x32, 0x31, 0x31, 0x09,
  0x74, 0x68, 0x75, 0x6d, 0x62, 0x0a, 0x36, 0x31, 0x32, 0x31, 0x32, 0x09,
  0x74, 0x68, 0x75, 0x6d, 0x70, 0x0a, 0x36, 0x31, 0x32, 0x31, 0x33, 0x09,
  0x74, 0x68, 0x75, 0x73, 0x0a, 0x36, 0x31, 0x32, 0x31, 0x34, 0x09, 0x74,
  0x68, 0x79, 0x0a, 0x36, 0x31, 0x32, 0x31, 0x35, 0x09, 0x74, 0x68, 0x79,
  0x6d, 0x65, 0x0a, 0x36, 0x31, 0x32, 0x31, 0x36, 0x09, 0x74, 0x69, 0x0a,
  0x36, 0x31, 0x32, 0x32, 0x31, 0x09, 0x74, 0x69, 0x62, 0x65, 0x72, 0x0a,
  0x36, 0x31, 0x32, 0x32, 0x32, 0x09, 0x74, 0x69, 0x62, 0x65, 0x74, 0x0a,
  0x36, 0x31, 0x32, 0x32, 0x33, 0x09, 0x74, 0x69, 0x62, 0x69, 0x61, 0x0a,
  0x36, 0x31, 0x32, 0x32, 0x34, 0x09, 0x74, 0x69, 0x63, 0x0a, 0x36, 0x31,
  0x32, 0x32, 0x35, 0x09, 0x74, 0x69, 0x63, 0x6b, 0x0a, 0x36, 0x31, 0x32,
  0x32, 0x36, 0x09, 0x74, 0x69, 0x63, 0x6b, 0x65, 0x74, 0x0a, 0x36, 0x31,
  0x32, 0x33, 0x31, 0x09, 0x74, 0x69, 0x64, 0x0a, 0x36, 0x31, 0x32, 0x33,
  0x32, 0x09, 0x74, 0x69, 0x64, 0x61, 0x6c, 0x0a, 0x36, 0x31, 0x32, 0x33,
  0x33, 0x09, 0x74, 0x69, 0x64, 0x62, 0x69, 0x74, 0x0a, 0x36, 0x31, 0x32,
  0x33, 0x34, 0x09, 0x74, 0x69, 0x64, 0x65, 0x0a, 0x36, 0x31, 0x32, 0x33,
  0x35, 0x09, 0x74, 0x69, 0x64, 0x79, 0x0a, 0x36, 0x31, 0x32, 0x33, 0x36,
  0x09, 0x74, 0x69, 0x65, 0x0a, 0x36, 0x31, 0x32, 0x34, 0x31, 0x09, 0x74,
  0x69, 0x65, 0x64, 0x0a, 0x36, 0x31, 0x32, 0x34, 0x32, 0x09, 0x74, 0x69,
  0x65, 0x72, 0x0a, 0x36, 0x31, 0x32, 0x34, 0x33, 0x09, 0x74, 0x69, 0x66,
  0x74, 0x0a, 0x36, 0x31, 0x32, 0x34, 0x34, 0x09, 0x74, 0x69, 0x67, 0x65,
  0x72, 0x0a, 0x36, 0x31, 0x32, 0x34, 0x35, 0x09, 0x74, 0x69, 0x67, 0x68,
  0x74, 0x0a, 0x36, 0x31, 0x32, 0x34, 0x36, 0x09, 0x74, 0x69, 0x6c, 0x0a,
  0x36, 0x31, 0x32, 0x35, 0x31, 0x09, 0x74, 0x69, 0x6c, 0x64, 0x65, 0x0a,
  0x36, 0x31, 0x32, 0x35, 0x32, 0x09, 0x74, 0x69, 0x6c, 0x65, 0x0a, 0x36,
  0x31, 0x32, 0x35, 0x33, 0x09, 0x74, 0x69, 0x6c, 0x6c, 0x0a, 0x36, 0x31,
  0x32, 0x35, 0x34, 0x09, 0x74, 0x69, 0x6c, 0x74, 0x0a, 0x36, 0x31, 0x32,
  0x35, 0x35, 0x09, 0x74, 0x69, 0x6c, 0x74, 0x68, 0x0a, 0x36, 0x31, 0x32,
  0x35, 0x36, 0x09, 0x74, 0x69, 0x6d, 0x0a, 0x36, 0x31, 0x32, 0x36, 0x31,
  0x09, 0x74, 0x69, 0x6d, 0x65, 0x0a, 0x36, 0x31, 0x32, 0x36, 0x32, 0x09,
  0x74, 0x69, 0x6d, 0x65, 0x78, 0x0a, 0x36, 0x31, 0x32, 0x36, 0x33, 0x09,
  0x74, 0x69, 0x6d, 0x69, 0x64, 0x0a, 0x36, 0x31, 0x32, 0x36, 0x34, 0x09,
  0x74, 0x69, 0x6d, 0x6f, 0x6e, 0x0a, 0x36, 0x31, 0x32, 0x36, 0x35, 0x09,
  0x74, 0x69, 0x6e, 0x0a, 0x36, 0x31, 0x32, 0x36, 0x36, 0x09, 0x74, 0x69,
  0x6e, 0x61, 0x0a, 0x36, 0x31, 0x33, 0x31, 0x31, 0x09, 0x74, 0x69, 0x6e,
  0x65, 0x0a, 0x36, 0x31, 0x33, 0x31, 0x32, 0x09, 0x74, 0x69, 0x6e, 0x67,
  0x65, 0x0a, 0x36, 0x31, 0x33, 0x31, 0x33, 0x09, 0x74, 0x69, 0x6e, 0x74,
  0x0a, 0x36, 0x31, 0x33, 0x31, 0x34, 0x09, 0x74, 0x69, 0x6e, 0x79, 0x0a,
  0x36, 0x31, 0x33, 0x31, 0x35, 0x09, 0x74, 0x69, 0x6f, 0x67, 0x61, 0x0a,
  0x36, 0x31, 0x33, 0x31, 0x36, 0x09, 0x74, 0x69, 0x70, 0x0a, 0x36, 0x31,
  0x33, 0x32, 0x31, 0x09, 0x74, 0x69, 0x70, 0x6f, 0x66, 0x66, 0x0a, 0x36,
  0x31, 0x33, 0x32, 0x32, 0x09, 0x74, 0x69, 0x70, 0x70, 0x79, 0x0a, 0x36,
  0x31, 0x33, 0x32, 0x33, 0x09, 0x74, 0x69, 0x70, 0x73, 0x79, 0x0a, 0x36,
  0x31, 0x33, 0x32, 0x34, 0x09, 0x74, 0x69, 0x72, 0x65, 0x0a, 0x36, 0x31,
  0x33, 0x32, 0x35, 0x09, 0x74, 0x69, 0x74, 0x0a, 0x36, 0x31, 0x33, 0x32,
  0x36, 0x09, 0x74, 0x69, 0x74, 0x61, 0x6e, 0x0a, 0x36, 0x31, 0x33, 0x33,
  0x31, 0x09, 0x74, 0x69, 0x74, 0x68, 0x65, 0x0a, 0x36, 0x31, 0x33, 0x33,
  0x32, 0x09, 0x74, 0x69, 0x74, 0x6c, 0x65, 0x0a, 0x36, 0x31, 0x33, 0x33,
  0x33, 0x09, 0x74, 0x69, 0x74, 0x75, 0x73, 0x0a, 0x36, 0x31, 0x33, 0x33,
  0x34, 0x09, 0x74, 0x6a, 0x0a, 0x36, 0x31, 0x33, 0x33, 0x35, 0x09, 0x74,
  0x6b, 0x0a, 0x36, 0x31, 0x33, 0x33, 0x36, 0x09, 0x74, 0x6c, 0x0a, 0x36,
  0x31, 0x33, 0x34, 0x31, 0x09, 0x74, 0x6d, 0x0a, 0x36, 0x31, 0x33, 0x34,
  0x32, 0x09, 0x74, 0x6e, 0x0a, 0x36, 0x31, 0x33, 0x34, 0x33, 0x09, 0x74,
  0x6e, 0x74, 0x0a, 0x36, 0x31, 0x33, 0x34, 0x34, 0x09, 0x74, 0x6f, 0x0a,
  0x36, 0x31, 0x33, 0x34, 0x35, 0x09, 0x74, 0x6f, 0x61, 0x64, 0x0a, 0x36,
  0x31, 0x33, 0x34, 0x36, 0x09, 0x74, 0x6f, 0x61, 0x64, 0x79, 0x0a, 0x36,
  0x31, 0x33, 0x35, 0x31, 0x09, 0x74, 0x6f, 0x61, 0x73, 0x74, 0x0a, 0x36,
  0x31, 0x33, 0x35, 0x32, 0x09, 0x74, 0x6f, 0x62, 0x79, 0x0a, 0x36, 0x31,
  0x33, 0x35, 0x33, 0x09, 0x74, 0x6f, 0x64, 0x61, 0x79, 0x0a, 0x36, 0x31,
  0x33, 0x35, 0x34, 0x09, 0x74, 0x6f, 0x64, 0x64, 0x0a, 0x36, 0x31, 0x33,
  0x35, 0x35, 0x09, 0x74, 0x6f, 0x65, 0x0a, 0x36, 0x31, 0x33, 0x35, 0x36,
  0x09, 0x74, 0x6f, 0x66, 0x75, 0x0a, 0x36, 0x31, 0x33, 0x36, 0x31, 0x09,
  0x74, 0x6f, 0x67, 0x0a, 0x36, 0x31, 0x33, 0x36, 0x32, 0x09, 0x74, 0x6f,
  0x67, 0x6f, 0x0a, 0x36, 0x31, 0x33, 0x36, 0x33, 0x09, 0x74, 0x6f, 0x67,
  0x73, 0x0a, 0x36, 0x31, 0x33, 0x36, 0x34, 0x09, 0x74, 0x6f, 0x69, 0x6c,
  0x0a, 0x36, 0x31, 0x33, 0x36, 0x35, 0x09, 0x74, 0x6f, 0x69, 0x6c, 0x65,
  0x74, 0x0a, 0x36, 0x31, 0x33, 0x36, 0x36, 0x09, 0x74, 0x6f, 0x6b, 0x65,
  0x6e, 0x0a, 0x36, 0x31, 0x34, 0x31, 0x31, 0x09, 0x74, 0x6f, 0x6b, 0x79,
  0x6f, 0x0a, 0x36, 0x31, 0x34, 0x31, 0x32, 0x09, 0x74, 0x6f, 0x6c, 0x64,
  0x0a, 0x36, 0x31, 0x34, 0x31, 0x33, 0x09, 0x74, 0x6f, 0x6c, 0x6c, 0x0a,
  0x36, 0x31, 0x34, 0x31, 0x34, 0x09, 0x74, 0x6f, 0x6d, 0x0a, 0x36, 0x31,
  0x34, 0x31, 0x35, 0x09, 0x74, 0x6f, 0x6d, 0x62, 0x0a, 0x36, 0x31, 0x34,
  0x31, 0x36, 0x09, 0x74, 0x6f, 0x6d, 0x65, 0x0a, 0x36, 0x31, 0x34, 0x32,
  0x31, 0x09, 0x74, 0x6f, 0x6d, 0x6d, 0x79, 0x0a, 0x36, 0x31, 0x34, 0x32,
  0x32, 0x09, 0x74, 0x6f, 0x6e, 0x0a, 0x36, 0x31, 0x34, 0x32, 0x33, 0x09,
  0x74, 0x6f, 0x6e, 0x61, 0x6c, 0x0a, 0x36, 0x31, 0x34, 0x32, 0x34, 0x09,
  0x74, 0x6f, 0x6e, 0x65, 0x0a, 0x36, 0x31, 0x34, 0x32, 0x35, 0x09, 0x74,
  0x6f, 0x6e, 0x67, 0x0a, 0x36, 0x31, 0x34, 0x32, 0x36, 0x09, 0x74, 0x6f,
  0x6e, 0x69, 0x0a, 0x36, 0x31, 0x34, 0x33, 0x31, 0x09, 0x74, 0x6f, 0x6e,
  0x69, 0x63, 0x0a, 0x36, 0x31, 0x34, 0x33, 0x32, 0x09, 0x74, 0x6f, 0x6e,
  0x6b, 0x0a, 0x36, 0x31, 0x34, 0x33, 0x33, 0x09, 0x74, 0x6f, 0x6e, 0x73,
  0x69, 0x6c, 0x0a, 0x36, 0x31, 0x34, 0x33, 0x34, 0x09, 0x74, 0x6f, 0x6e,
  0x79, 0x0a, 0x36, 0x31, 0x34, 0x33, 0x35, 0x09, 0x74, 0x6f, 0x6f, 0x0a,
  0x36, 0x31, 0x34, 0x33, 0x36, 0x09, 0x74, 0x6f, 0x6f, 0x6b, 0x0a, 0x36,
  0x31, 0x34, 0x34, 0x31, 0x09, 0x74, 0x6f, 0x6f, 0x6c, 0x0a, 0x36, 0x31,
  0x34, 0x34, 0x32, 0x09, 0x74, 0x6f, 0x6f, 0x74, 0x0a, 0x36, 0x31, 0x34,
  0x34, 0x33, 0x09, 0x74, 0x6f, 0x6f, 0x74, 0x68, 0x0a, 0x36, 0x31, 0x34,
  0x34, 0x34, 0x09, 0x74, 0x6f, 0x70, 0x0a, 0x36, 0x31, 0x34, 0x34, 0x35,
  0x09, 0x74, 0x6f, 0x70, 0x61, 0x7a, 0x0a, 0x36, 0x31, 0x34, 0x34, 0x36,
  0x09, 0x74, 0x6f, 0x70, 0x69, 0x63, 0x0a, 0x36, 0x31, 0x34, 0x35, 0x31,
  0x09, 0x74, 0x6f, 0x70, 0x70, 0x6c, 0x65, 0x0a, 0x36, 0x31, 0x34, 0x35,
  0x32, 0x09, 0x74, 0x6f, 0x70, 0x73, 0x79, 0x0a, 0x36, 0x31, 0x34, 0x35,
  0x33, 0x09, 0x74, 0x6f, 0x72, 0x0a, 0x36, 0x31, 0x34, 0x35, 0x34, 0x09,
  0x74, 0x6f, 0x72, 0x61, 0x68, 0x0a, 0x36, 0x31, 0x34, 0x35, 0x35, 0x09,
  0x74, 0x6f, 0x72, 0x63, 0x68, 0x0a, 0x36, 0x31, 0x34, 0x35, 0x36, 0x09,
  0x74, 0x6f, 0x72, 0x65, 0x0a, 0x36, 0x31, 0x34, 0x36, 0x31, 0x09, 0x74,
  0x6f, 0x72, 0x69, 0x0a, 0x36, 0x31, 0x34, 0x36, 0x32, 0x09, 0x74, 0x6f,
  0x72, 0x6e, 0x0a, 0x36, 0x31, 0x34, 0x36, 0x33, 0x09, 0x74, 0x6f, 0x72,
  0x72, 0x0a, 0x36, 0x31, 0x34, 0x36, 0x34, 0x09, 0x74, 0x6f, 0x72, 0x73,
  0x6f, 0x0a, 0x36, 0x31, 0x34, 0x36, 0x35, 0x09, 0x74, 0x6f, 0x72, 0x74,
  0x0a, 0x36, 0x31, 0x34, 0x36, 0x36, 0x09, 0x74, 0x6f, 0x72, 0x75, 0x73,
  0x0a, 0x36, 0x31, 0x35, 0x31, 0x31, 0x09, 0x74, 0x6f, 0x72, 0x79, 0x0a,
  0x36, 0x31, 0x35, 0x31, 0x32, 0x09, 0x74, 0x6f, 0x73, 0x73, 0x0a, 0x36,
  0x31, 0x35, 0x31, 0x33, 0x09, 0x74, 0x6f, 0x74, 0x0a, 0x36, 0x31, 0x35,
  0x31, 0x34, 0x09, 0x74, 0x6f, 0x74, 0x61, 0x6c, 0x0a, 0x36, 0x31, 0x35,
  0x31, 0x35, 0x09, 0x74, 0x6f, 0x74, 0x65, 0x0a, 0x36, 0x31, 0x35, 0x31,
  0x36, 0x09, 0x74, 0x6f, 0x74, 0x65, 0x6d, 0x0a, 0x36, 0x31, 0x35, 0x32,
  0x31, 0x09, 0x74, 0x6f, 0x75, 0x63, 0x68, 0x0a, 0x36, 0x31, 0x35, 0x32,
  0x32, 0x09, 0x74, 0x6f, 0x75, 0x67, 0x68, 0x0a, 0x36, 0x31, 0x35, 0x32,
  0x33, 0x09, 0x74, 0x6f, 0x75, 0x72, 0x0a, 0x36, 0x31, 0x35, 0x32, 0x34,
  0x09, 0x74, 0x6f, 0x75, 0x74, 0x0a, 0x36, 0x31, 0x35, 0x32, 0x35, 0x09,
  0x74, 0x6f, 0x77, 0x0a, 0x36, 0x31, 0x35, 0x32, 0x36, 0x09, 0x74, 0x6f,
  0x77, 0x65, 0x6c, 0x0a, 0x36, 0x31, 0x35, 0x33, 0x31, 0x09, 0x74, 0x6f,
  0x77, 0x65, 0x72, 0x0a, 0x36, 0x31, 0x35, 0x33, 0x32, 0x09, 0x74, 0x6f,
  0x77, 0x6e, 0x0a, 0x36, 0x31, 0x35, 0x33, 0x33, 0x09, 0x74, 0x6f, 0x78,
  0x69, 0x63, 0x0a, 0x36, 0x31, 0x35, 0x33, 0x34, 0x09, 0x74, 0x6f, 0x78,
  0x69, 0x6e, 0x0a, 0x36, 0x31, 0x35, 0x33, 0x35, 0x09, 0x74, 0x6f, 0x79,
  0x0a, 0x36, 0x31, 0x35, 0x33, 0x36, 0x09, 0x74, 0x70, 0x0a, 0x36, 0x31,
  0x35, 0x34, 0x31, 0x09, 0x74, 0x71, 0x0a, 0x36, 0x31, 0x35, 0x34, 0x32,
  0x09, 0x74, 0x72, 0x0a, 0x36, 0x31, 0x35, 0x34, 0x33, 0x09, 0x74, 0x72,
  0x61, 0x63, 0x65, 0x0a, 0x36, 0x31, 0x35, 0x34, 0x34, 0x09, 0x74, 0x72,
  0x61, 0x63, 0x6b, 0x0a, 0x36, 0x31, 0x35, 0x34, 0x35, 0x09, 0x74, 0x72,
  0x61, 0x63, 0x74, 0x0a, 0x36, 0x31, 0x35, 0x34, 0x36, 0x09, 0x74, 0x72,
  0x61, 0x63, 0x79, 0x0a, 0x36, 0x31, 0x35, 0x35, 0x31, 0x09, 0x74, 0x72,
  0x61, 0x64, 0x65, 0x0a, 0x36, 0x31, 0x35, 0x35, 0x32, 0x09, 0x74, 0x72,
  0x61, 0x67, 0x0a, 0x36, 0x31, 0x35, 0x35, 0x33, 0x09, 0x74, 0x72, 0x61,
  0x69, 0x6c, 0x0a, 0x36, 0x31, 0x35, 0x35, 0x34, 0x09, 0x74, 0x72, 0x61,
  0x69, 0x6e, 0x0a, 0x36, 0x31, 0x35, 0x35, 0x35, 0x09, 0x74, 0x72, 0x61,
  0x69, 0x74, 0x0a, 0x36, 0x31, 0x35, 0x35, 0x36, 0x09, 0x74, 0x72, 0x61,
  0x6d, 0x0a, 0x36, 0x31, 0x35, 0x36, 0x31, 0x09, 0x74, 0x72, 0x61, 0x6d,
  0x70, 0x0a, 0x36, 0x31, 0x35, 0x36, 0x32, 0x09, 0x74, 0x72, 0x61, 0x70,
  0x0a, 0x36, 0x31, 0x35, 0x36, 0x33, 0x09, 0x74, 0x72, 0x61, 0x73, 0x68,
  0x0a, 0x36, 0x31, 0x35, 0x36, 0x34, 0x09, 0x74, 0x72, 0x61, 0x77, 0x6c,
  0x0a, 0x36, 0x31, 0x35, 0x36, 0x35, 0x09, 0x74, 0x72, 0x61, 0x79, 0x0a,
  0x36, 0x31, 0x35, 0x36, 0x36, 0x09, 0x74, 0x72, 0x65, 0x61, 0x64, 0x0a,
  0x36, 0x31, 0x36, 0x31, 0x31, 0x09, 0x74, 0x72, 0x65, 0x61, 0x74, 0x0a,
  0x36, 0x31, 0x36, 0x31, 0x32, 0x09, 0x74, 0x72, 0x65, 0x62, 0x6c, 0x65,
  0x0a, 0x36, 0x31, 0x36, 0x31, 0x33, 0x09, 0x74, 0x72, 0x65, 0x65, 0x0a,
  0x36, 0x31, 0x36, 0x31, 0x34, 0x09, 0x74, 0x72, 0x65, 0x6b, 0x0a, 0x36,
  0x31, 0x36, 0x31, 0x35, 0x09, 0x74, 0x72, 0x65, 0x6e, 0x63, 0x68, 0x0a,
  0x36, 0x31, 0x36, 0x31, 0x36, 0x09, 0x74, 0x72, 0x65, 0x6e, 0x64, 0x0a,
  0x36, 0x31, 0x36, 0x32, 0x31, 0x09, 0x74, 0x72, 0x65, 0x73, 0x73, 0x0a,
  0x36, 0x31, 0x36, 0x32, 0x32, 0x09, 0x74, 0x72, 0x69, 0x61, 0x64, 0x0a,
  0x36, 0x31, 0x36, 0x32, 0x33, 0x09, 0x74, 0x72, 0x69, 0x61, 0x6c, 0x0a,
  0x36, 0x31, 0x36, 0x32, 0x34, 0x09, 0x74, 0x72, 0x69, 0x62, 0x65, 0x0a,
  0x36, 0x31, 0x36, 0x32, 0x35, 0x09, 0x74, 0x72, 0x69, 0x63, 0x6b, 0x0a,
  0x36, 0x31, 0x36, 0x32, 0x36, 0x09, 0x74, 0x72, 0x69, 0x65, 0x64, 0x0a,
  0x36, 0x31, 0x36, 0x33, 0x31, 0x09, 0x74, 0x72, 0x69, 0x67, 0x0a, 0x36,
  0x31, 0x36, 0x33, 0x32, 0x09, 0x74, 0x72, 0x69, 0x6c, 0x6c, 0x0a, 0x36,
  0x31, 0x36, 0x33, 0x33, 0x09, 0x74, 0x72, 0x69, 0x6d, 0x0a, 0x36, 0x31,
  0x36, 0x33, 0x34, 0x09, 0x74, 0x72, 0x69, 0x6f, 0x0a, 0x36, 0x31, 0x36,
  0x33, 0x35, 0x09, 0x74, 0x72, 0x69, 0x70, 0x0a, 0x36, 0x31, 0x36, 0x33,
  0x36, 0x09, 0x74, 0x72, 0x69, 0x70, 0x65, 0x0a, 0x36, 0x31, 0x36, 0x34,
  0x31, 0x09, 0x74, 0x72, 0x69, 0x74, 0x65, 0x0a, 0x36, 0x31, 0x36, 0x34,
  0x32, 0x09, 0x74, 0x72, 0x69, 0x74, 0x6f, 0x6e, 0x0a, 0x36, 0x31, 0x36,
  0x34, 0x33, 0x09, 0x74, 0x72, 0x6f, 0x64, 0x0a, 0x36, 0x31, 0x36, 0x34,
  0x34, 0x09, 0x74, 0x72, 0x6f, 0x6c, 0x6c, 0x0a, 0x36, 0x31, 0x36, 0x34,
  0x35, 0x09, 0x74, 0x72, 0x6f, 0x6f, 0x70, 0x0a, 0x36, 0x31, 0x36, 0x34,
  0x36, 0x09, 0x74, 0x72, 0x6f, 0x74, 0x0a, 0x36, 0x31, 0x36, 0x35, 0x31,
  0x09, 0x74, 0x72, 0x6f, 0x75, 0x74, 0x0a, 0x36, 0x31, 0x36, 0x35, 0x32,
  0x09, 0x74, 0x72, 0x6f, 0x79, 0x0a, 0x36, 0x31, 0x36, 0x35, 0x33, 0x09,
  0x74, 0x72, 0x75, 0x63, 0x65, 0x0a, 0x36, 0x31, 0x36, 0x35, 0x34, 0x09,
  0x74, 0x72, 0x75, 0x63, 0x6b, 0x0a, 0x36, 0x31, 0x36, 0x35, 0x35, 0x09,
  0x74, 0x72, 0x75, 0x64, 0x67, 0x65, 0x0a, 0x36, 0x31, 0x36, 0x35, 0x36,
  0x09, 0x74, 0x72, 0x75, 0x64, 0x79, 0x0a, 0x36, 0x31, 0x36, 0x36, 0x31,
  0x09, 0x74, 0x72, 0x75, 0x65, 0x0a, 0x36, 0x31, 0x36, 0x36, 0x32, 0x09,
  0x74, 0x72, 0x75, 0x6c, 0x79, 0x0a, 0x36, 0x31, 0x36, 0x36, 0x33, 0x09,
  0x74, 0x72, 0x75, 0x6d, 0x70, 0x0a, 0x36, 0x31, 0x36, 0x36, 0x34, 0x09,
  0x74, 0x72, 0x75, 0x6e, 0x6b, 0x0a, 0x36, 0x31, 0x36, 0x36, 0x35, 0x09,
  0x74, 0x72, 0x75, 0x73, 0x73, 0x0a, 0x36, 0x31, 0x36, 0x36, 0x36, 0x09,
  0x74, 0x72, 0x75, 0x73, 0x74, 0x0a, 0x36, 0x32, 0x31, 0x31, 0x31, 0x09,
  0x74, 0x72, 0x75, 0x74, 0x68, 0x0a, 0x36, 0x32, 0x31, 0x31, 0x32, 0x09,
  0x74, 0x72, 0x77, 0x0a, 0x36, 0x32, 0x31, 0x31, 0x33, 0x09, 0x74, 0x72,
  0x79, 0x0a, 0x36, 0x32, 0x31, 0x31, 0x34, 0x09, 0x74, 0x73, 0x0a, 0x36,
  0x32, 0x31, 0x31, 0x35, 0x09, 0x74, 0x73, 0x61, 0x72, 0x0a, 0x36, 0x32,
  0x31, 0x31, 0x36, 0x09, 0x74, 0x74, 0x0a, 0x36, 0x32, 0x31, 0x32, 0x31,
  0x09, 0x74, 0x74, 0x6c, 0x0a, 0x36, 0x32, 0x31, 0x32, 0x32, 0x09, 0x74,
  0x74, 0x74, 0x0a, 0x36, 0x32, 0x31, 0x32, 0x33, 0x09, 0x74, 0x74, 0x74,
  0x74, 0x0a, 0x36, 0x32, 0x31, 0x32, 0x34, 0x09, 0x74, 0x74, 0x79, 0x0a,
  0x36, 0x32, 0x31, 0x32, 0x35, 0x09, 0x74, 0x75, 0x0a, 0x36, 0x32, 0x31,
  0x32, 0x36, 0x09, 0x74, 0x75, 0x62, 0x0a, 0x36, 0x32, 0x31, 0x33, 0x31,
  0x09, 0x74, 0x75, 0x62, 0x61, 0x0a, 0x36, 0x32, 0x31, 0x33, 0x32, 0x09,
  0x74, 0x75, 0x62, 0x65, 0x0a, 0x36, 0x32, 0x31, 0x33, 0x33, 0x09, 0x74,
  0x75, 0x63, 0x6b, 0x0a, 0x36, 0x32, 0x31, 0x33, 0x34, 0x09, 0x74, 0x75,
  0x64, 0x6f, 0x72, 0x0a, 0x36, 0x32, 0x31, 0x33, 0x35, 0x09, 0x74, 0x75,
  0x66, 0x66, 0x0a, 0x36, 0x32, 0x31, 0x33, 0x36, 0x09, 0x74, 0x75, 0x66,
  0x74, 0x0a, 0x36, 0x32, 0x31, 0x34, 0x31, 0x09, 0x74, 0x75, 0x67, 0x0a,
  0x36, 0x32, 0x31, 0x34, 0x32, 0x09, 0x74, 0x75, 0x6c, 0x61, 0x6e, 0x65,
  0x0a, 0x36, 0x32, 0x31, 0x34, 0x33, 0x09, 0x74, 0x75, 0x6c, 0x69, 0x70,
  0x0a, 0x36, 0x32, 0x31, 0x34, 0x34, 0x09, 0x74, 0x75, 0x6c, 0x6c, 0x65,
  0x0a, 0x36, 0x32, 0x31, 0x34, 0x35, 0x09, 0x74, 0x75, 0x6c, 0x73, 0x61,
  0x0a, 0x36, 0x32, 0x31, 0x34, 0x36, 0x09, 0x74, 0x75, 0x6d, 0x0a, 0x36,
  0x32, 0x31, 0x35, 0x31, 0x09, 0x74, 0x75, 0x6e, 0x0a, 0x36, 0x32, 0x31,
  0x35, 0x32, 0x09, 0x74, 0x75, 0x6e, 0x61, 0x0a, 0x36, 0x32, 0x31, 0x35,
  0x33, 0x09, 0x74, 0x75, 0x6e, 0x65, 0x0a, 0x36, 0x32, 0x31, 0x35, 0x34,
  0x09, 0x74, 0x75, 0x6e, 0x67, 0x0a, 0x36, 0x32, 0x31, 0x35, 0x35, 0x09,
  0x74, 0x75, 0x6e, 0x69, 0x63, 0x0a, 0x36, 0x32, 0x31, 0x35, 0x36, 0x09,
  0x74, 0x75, 0x6e, 0x69, 0x73, 0x0a, 0x36, 0x32, 0x31, 0x36, 0x31, 0x09,
  0x74, 0x75, 0x6e, 0x6e, 0x65, 0x6c, 0x0a, 0x36, 0x32, 0x31, 0x36, 0x32,
  0x09, 0x74, 0x75, 0x70, 0x6c, 0x65, 0x0a, 0x36, 0x32, 0x31, 0x36, 0x33,
  0x09, 0x74, 0x75, 0x72, 0x66, 0x0a, 0x36, 0x32, 0x31, 0x36, 0x34, 0x09,
  0x74, 0x75, 0x72, 0x69, 0x6e, 0x0a, 0x36, 0x32, 0x31, 0x36, 0x35, 0x09,
  0x74, 0x75, 0x72, 0x6b, 0x0a, 0x36, 0x32, 0x31, 0x36, 0x36, 0x09, 0x74,
  0x75, 0x72, 0x6e, 0x0a, 0x36, 0x32, 0x32, 0x31, 0x31, 0x09, 0x74, 0x75,
  0x72, 0x76, 0x79, 0x0a, 0x36, 0x32, 0x32, 0x31, 0x32, 0x09, 0x74, 0x75,
  0x73, 0x6b, 0x0a, 0x36, 0x32, 0x32, 0x31, 0x33, 0x09, 0x74, 0x75, 0x73,
  0x73, 0x6c, 0x65, 0x0a, 0x36, 0x32, 0x32, 0x31, 0x34, 0x09, 0x74, 0x75,
  0x74, 0x6f, 0x72, 0x0a, 0x36, 0x32, 0x32, 0x31, 0x35, 0x09, 0x74, 0x75,
  0x74, 0x75, 0x0a, 0x36, 0x32, 0x32, 0x31, 0x36, 0x09, 0x74, 0x75, 0x76,
  0x0a, 0x36, 0x32, 0x32, 0x32, 0x31, 0x09, 0x74, 0x76, 0x0a, 0x36, 0x32,
  0x32, 0x32, 0x32, 0x09, 0x74, 0x76, 0x61, 0x0a, 0x36, 0x32, 0x32, 0x32,
  0x33, 0x09, 0x74, 0x77, 0x0a, 0x36, 0x32, 0x32, 0x32, 0x34, 0x09, 0x74,
  0x77, 0x61, 0x0a, 0x36, 0x32, 0x32, 0x32, 0x35, 0x09, 0x74, 0x77, 0x61,
  0x69, 0x6e, 0x0a, 0x36, 0x32, 0x32, 0x32, 0x36, 0x09, 0x74, 0x77, 0x65,
  0x61, 0x6b, 0x0a, 0x36, 0x32, 0x32, 0x33, 0x31, 0x09, 0x74, 0x77, 0x65,
  0x65, 0x64, 0x0a, 0x36, 0x32, 0x32, 0x33, 0x32, 0x09, 0x74, 0x77, 0x69,
  0x63, 0x65, 0x0a, 0x36, 0x32, 0x32, 0x33, 0x33, 0x09, 0x74, 0x77, 0x69,
  0x67, 0x0a, 0x36, 0x32, 0x32, 0x33, 0x34, 0x09, 0x74, 0x77, 0x69, 0x6c,
  0x6c, 0x0a, 0x36, 0x32, 0x32, 0x33, 0x35, 0x09, 0x74, 0x77, 0x69, 0x6e,
  0x0a, 0x36, 0x32, 0x32, 0x33, 0x36, 0x09, 0x74, 0x77, 0x69, 0x6e, 0x65,
  0x0a, 0x36, 0x32, 0x32, 0x34, 0x31, 0x09, 0x74, 0x77, 0x69, 0x72, 0x6c,
  0x0a, 0x36, 0x32, 0x32, 0x34, 0x32, 0x09, 0x74, 0x77, 0x69, 0x73, 0x74,
  0x0a, 0x36, 0x32, 0x32, 0x34, 0x33, 0x09, 0x74, 0x77, 0x69, 0x73, 0x74,
  0x79, 0x0a, 0x36, 0x32, 0x32, 0x34, 0x34, 0x09, 0x74, 0x77, 0x69, 0x74,
  0x0a, 0x36, 0x32, 0x32, 0x34, 0x35, 0x09, 0x74, 0x77, 0x6f, 0x0a, 0x36,
  0x32, 0x32, 0x34, 0x36, 0x09, 0x74, 0x77, 0x78, 0x0a, 0x36, 0x32, 0x32,
  0x35, 0x31, 0x09, 0x74, 0x78, 0x0a, 0x36, 0x32, 0x32, 0x35, 0x32, 0x09,
  0x74, 0x79, 0x0a, 0x36, 0x32, 0x32, 0x35, 0x33, 0x09, 0x74, 0x79, 0x62,
  0x75, 0x72, 0x6e, 0x0a, 0x36, 0x32, 0x32, 0x35, 0x34, 0x09, 0x74, 0x79,
  0x69, 0x6e, 0x67, 0x0a, 0x36, 0x32, 0x32, 0x35, 0x35, 0x09, 0x74, 0x79,
  0x6c, 0x65, 0x72, 0x0a, 0x36, 0x32, 0x32, 0x35, 0x36, 0x09, 0x74, 0x79,
  0x70, 0x65, 0x0a, 0x36, 0x32, 0x32, 0x36, 0x31, 0x09, 0x74, 0x79, 0x70,
  0x69, 0x63, 0x0a, 0x36, 0x32, 0x32, 0x36, 0x32, 0x09, 0x74, 0x79, 0x70,
  0x6f, 0x0a, 0x36, 0x32, 0x32, 0x36, 0x33, 0x09, 0x74, 0x79, 0x73, 0x6f,
  0x6e, 0x0a, 0x36, 0x32, 0x32, 0x36, 0x34, 0x09, 0x74, 0x7a, 0x0a, 0x36,
  0x32, 0x32, 0x36, 0x35, 0x09, 0x75, 0x0a, 0x36, 0x32, 0x32, 0x36, 0x36,
  0x09, 0x75, 0x27, 0x73, 0x0a, 0x36, 0x32, 0x33, 0x31, 0x31, 0x09, 0x75,
  0x61, 0x0a, 0x36, 0x32, 0x33, 0x31, 0x32, 0x09, 0x75, 0x62, 0x0a, 0x36,
  0x32, 0x33, 0x31, 0x33, 0x09, 0x75, 0x63, 0x0a, 0x36, 0x32, 0x33, 0x31,
  0x34, 0x09, 0x75, 0x63, 0x6c, 0x61, 0x0a, 0x36, 0x32, 0x33, 0x31, 0x35,
  0x09, 0x75, 0x64, 0x0a, 0x36, 0x32, 0x33, 0x31, 0x36, 0x09, 0x75, 0x65,
  0x0a, 0x36, 0x32, 0x33, 0x32, 0x31, 0x09, 0x75, 0x66, 0x0a, 0x36, 0x32,
  0x33, 0x32, 0x32, 0x09, 0x75, 0x67, 0x0a, 0x36, 0x32, 0x33, 0x32, 0x33,
  0x09, 0x75, 0x67, 0x68, 0x0a, 0x36, 0x32, 0x33, 0x32, 0x34, 0x09, 0x75,
  0x67, 0x6c, 0x79, 0x0a, 0x36, 0x32, 0x33, 0x32, 0x35, 0x09, 0x75, 0x68,
  0x0a, 0x36, 0x32, 0x33, 0x32, 0x36, 0x09, 0x75, 0x69, 0x0a, 0x36, 0x32,
  0x33, 0x33, 0x31, 0x09, 0x75, 0x6a, 0x0a, 0x36, 0x32, 0x33, 0x33, 0x32,
  0x09, 0x75, 0x6b, 0x0a, 0x36, 0x32, 0x33, 0x33, 0x33, 0x09, 0x75, 0x6c,
  0x0a, 0x36, 0x32, 0x33, 0x33, 0x34, 0x09, 0x75, 0x6c, 0x61, 0x6e, 0x0a,
  0x36, 0x32, 0x33, 0x33, 0x35, 0x09, 0x75, 0x6c, 0x63, 0x65, 0x72, 0x0a,
  0x36, 0x32, 0x33, 0x33, 0x36, 0x09, 0x75, 0x6c, 0x74, 0x72, 0x61, 0x0a,
  0x36, 0x32, 0x33, 0x34, 0x31, 0x09, 0x75, 0x6d, 0x0a, 0x36, 0x32, 0x33,
  0x34, 0x32, 0x09, 0x75, 0x6d, 0x62, 0x65, 0x72, 0x0a, 0x36, 0x32, 0x33,
  0x34, 0x33, 0x09, 0x75, 0x6d, 0x62, 0x72, 0x61, 0x0a, 0x36, 0x32, 0x33,
  0x34, 0x34, 0x09, 0x75, 0x6d, 0x70, 0x69, 0x72, 0x65, 0x0a, 0x36, 0x32,
  0x33, 0x34, 0x35, 0x09, 0x75, 0x6e, 0x0a, 0x36, 0x32, 0x33, 0x34, 0x36,
  0x09, 0x75, 0x6e, 0x61, 0x72, 0x79, 0x0a, 0x36, 0x32, 0x33, 0x35, 0x31,
  0x09, 0x75, 0x6e, 0x63, 0x6c, 0x65, 0x0a, 0x36, 0x32, 0x33, 0x35, 0x32,
  0x09, 0x75, 0x6e, 0x64, 0x65, 0x72, 0x0a, 0x36, 0x32, 0x33, 0x35, 0x33,
  0x09, 0x75, 0x6e, 0x69, 0x66, 0x79, 0x0a, 0x36, 0x32, 0x33, 0x35, 0x34,
  0x09, 0x75, 0x6e, 0x69, 0x6f, 0x6e, 0x0a, 0x36, 0x32, 0x33, 0x35, 0x35,
  0x09, 0x75, 0x6e, 0x69, 0x74, 0x0a, 0x36, 0x32, 0x33, 0x35, 0x36, 0x09,
  0x75, 0x6e, 0x69, 0x74, 0x65, 0x0a, 0x36, 0x32, 0x33, 0x36, 0x31, 0x09,
  0x75, 0x6e, 0x69, 0x74, 0x79, 0x0a, 0x36, 0x32, 0x33, 0x36, 0x32, 0x09,
  0x75, 0x6e, 0x69, 0x78, 0x0a, 0x36, 0x32, 0x33, 0x36, 0x33, 0x09, 0x75,
  0x6e, 0x74, 0x69, 0x6c, 0x0a, 0x36, 0x32, 0x33, 0x36, 0x34, 0x09, 0x75,
  0x6f, 0x0a, 0x36, 0x32, 0x33, 0x36, 0x35, 0x09, 0x75, 0x70, 0x0a, 0x36,
  0x32, 0x33, 0x36, 0x36, 0x09, 0x75, 0x70, 0x65, 0x6e, 0x64, 0x0a, 0x36,
  0x32, 0x34, 0x31, 0x31, 0x09, 0x75, 0x70, 0x68, 0x6f, 0x6c, 0x64, 0x0a,
  0x36, 0x32, 0x34, 0x31, 0x32, 0x09, 0x75, 0x70, 0x6f, 0x6e, 0x0a, 0x36,
  0x32, 0x34, 0x31, 0x33, 0x09, 0x75, 0x70, 0x70, 0x65, 0x72, 0x0a, 0x36,
  0x32, 0x34, 0x31, 0x34, 0x09, 0x75, 0x70, 0x72, 0x6f, 0x61, 0x72, 0x0a,
  0x36, 0x32, 0x34, 0x31, 0x35, 0x09, 0x75, 0x70, 0x73, 0x65, 0x74, 0x0a,
  0x36, 0x32, 0x34, 0x31, 0x36, 0x09, 0x75, 0x70, 0x74, 0x61, 0x6b, 0x65,
  0x0a, 0x36, 0x32, 0x34, 0x32, 0x31, 0x09, 0x75, 0x70, 0x74, 0x6f, 0x6e,
  0x0a, 0x36, 0x32, 0x34, 0x32, 0x32, 0x09, 0x75, 0x71, 0x0a, 0x36, 0x32,
  0x34, 0x32, 0x33, 0x09, 0x75, 0x72, 0x0a, 0x36, 0x32, 0x34, 0x32, 0x34,
  0x09, 0x75, 0x72, 0x62, 0x61, 0x6e, 0x0a, 0x36, 0x32, 0x34, 0x32, 0x35,
  0x09, 0x75, 0x72, 0x62, 0x61, 0x6e, 0x65, 0x0a, 0x36, 0x32, 0x34, 0x32,
  0x36, 0x09, 0x75, 0x72, 0x65, 0x61, 0x0a, 0x36, 0x32, 0x34, 0x33, 0x31,
  0x09, 0x75, 0x72, 0x67, 0x65, 0x0a, 0x36, 0x32, 0x34, 0x33, 0x32, 0x09,
  0x75, 0x72, 0x69, 0x0a, 0x36, 0x32, 0x34, 0x33, 0x33, 0x09, 0x75, 0x72,
  0x69, 0x6e, 0x65, 0x0a, 0x36, 0x32, 0x34, 0x33, 0x34, 0x09, 0x75, 0x72,
  0x69, 0x73, 0x0a, 0x36, 0x32, 0x34, 0x33, 0x35, 0x09, 0x75, 0x72, 0x6e,
  0x0a, 0x36, 0x32, 0x34, 0x33, 0x36, 0x09, 0x75, 0x72, 0x73, 0x61, 0x0a,
  0x36, 0x32, 0x34, 0x34, 0x31, 0x09, 0x75, 0x73, 0x0a, 0x36, 0x32, 0x34,
  0x34, 0x32, 0x09, 0x75, 0x73, 0x61, 0x0a, 0x36, 0x32, 0x34, 0x34, 0x33,
  0x09, 0x75, 0x73, 0x61, 0x66, 0x0a, 0x36, 0x32, 0x34, 0x34, 0x34, 0x09,
  0x75, 0x73, 0x61, 0x67, 0x65, 0x0a, 0x36, 0x32, 0x34, 0x34, 0x35, 0x09,
  0x75, 0x73, 0x63, 0x0a, 0x36, 0x32, 0x34, 0x34, 0x36, 0x09, 0x75, 0x73,
  0x64, 0x61, 0x0a, 0x36, 0x32, 0x34, 0x35, 0x31, 0x09, 0x75, 0x73, 0x65,
  0x0a, 0x36, 0x32, 0x34, 0x35, 0x32, 0x09, 0x75, 0x73, 0x65, 0x66, 0x75,
  0x6c, 0x0a, 0x36, 0x32, 0x34, 0x35, 0x33, 0x09, 0x75, 0x73, 0x67, 0x73,
  0x0a, 0x36, 0x32, 0x34, 0x35, 0x34, 0x09, 0x75, 0x73, 0x68, 0x65, 0x72,
  0x0a, 0x36, 0x32, 0x34, 0x35, 0x35, 0x09, 0x75, 0x73, 0x69, 0x61, 0x0a,
  0x36, 0x32, 0x34, 0x35, 0x36, 0x09, 0x75, 0x73, 0x6e, 0x0a, 0x36, 0x32,
  0x34, 0x36, 0x31, 0x09, 0x75, 0x73, 0x70, 0x73, 0x0a, 0x36, 0x32, 0x34,
  0x36, 0x32, 0x09, 0x75, 0x73, 0x73, 0x72, 0x0a, 0x36, 0x32, 0x34, 0x36,
  0x33, 0x09, 0x75, 0x73, 0x75, 0x61, 0x6c, 0x0a, 0x36, 0x32, 0x34, 0x36,
  0x34, 0x09, 0x75, 0x73, 0x75, 0x72, 0x70, 0x0a, 0x36, 0x32, 0x34, 0x36,
  0x35, 0x09, 0x75, 0x73, 0x75, 0x72, 0x79, 0x0a, 0x36, 0x32, 0x34, 0x36,
  0x36, 0x09, 0x75, 0x74, 0x0a, 0x36, 0x32, 0x35, 0x31, 0x31, 0x09, 0x75,
  0x74, 0x61, 0x68, 0x0a, 0x36, 0x32, 0x35, 0x31, 0x32, 0x09, 0x75, 0x74,
  0x69, 0x63, 0x61, 0x0a, 0x36, 0x32, 0x35, 0x31, 0x33, 0x09, 0x75, 0x74,
  0x69, 0x6c, 0x65, 0x0a, 0x36, 0x32, 0x35, 0x31, 0x34, 0x09, 0x75, 0x74,
  0x6d, 0x6f, 0x73, 0x74, 0x0a, 0x36, 0x32, 0x35, 0x31, 0x35, 0x09, 0x75,
  0x74, 0x74, 0x65, 0x72, 0x0a, 0x36, 0x32, 0x35, 0x31, 0x36, 0x09, 0x75,
  0x75, 0x0a, 0x36, 0x32, 0x35, 0x32, 0x31, 0x09, 0x75, 0x75, 0x75, 0x0a,
  0x36, 0x32, 0x35, 0x32, 0x32, 0x09, 0x75, 0x75, 0x75, 0x75, 0x0a, 0x36,
  0x32, 0x35, 0x32, 0x33, 0x09, 0x75, 0x76, 0x0a, 0x36, 0x32, 0x35, 0x32,
  0x34, 0x09, 0x75, 0x76, 0x77, 0x0a, 0x36, 0x32, 0x35, 0x32, 0x35, 0x09,
  0x75, 0x77, 0x0a, 0x36, 0x32, 0x35, 0x32, 0x36, 0x09, 0x75, 0x78, 0x0a,
  0x36, 0x32, 0x35, 0x33, 0x31, 0x09, 0x75, 0x79, 0x0a, 0x36, 0x32, 0x35,
  0x33, 0x32, 0x09, 0x75, 0x7a, 0x0a, 0x36, 0x32, 0x35, 0x33, 0x33, 0x09,
  0x76, 0x0a, 0x36, 0x32, 0x35, 0x33, 0x34, 0x09, 0x76, 0x27, 0x73, 0x0a,
  0x36, 0x32, 0x35, 0x33, 0x35, 0x09, 0x76, 0x61, 0x0a, 0x36, 0x32, 0x35,
  0x33, 0x36, 0x09, 0x76, 0x61, 0x63, 0x75, 0x61, 0x0a, 0x36, 0x32, 0x35,
  0x34, 0x31, 0x09, 0x76, 0x61, 0x63, 0x75, 0x6f, 0x0a, 0x36, 0x32, 0x35,
  0x34, 0x32, 0x09, 0x76, 0x61, 0x64, 0x65, 0x0a, 0x36, 0x32, 0x35, 0x34,
  0x33, 0x09, 0x76, 0x61, 0x64, 0x75, 0x7a, 0x0a, 0x36, 0x32, 0x35, 0x34,
  0x34, 0x09, 0x76, 0x61, 0x67, 0x75, 0x65, 0x0a, 0x36, 0x32, 0x35, 0x34,
  0x35, 0x09, 0x76, 0x61, 0x69, 0x6c, 0x0a, 0x36, 0x32, 0x35, 0x34, 0x36,
  0x09, 0x76, 0x61, 0x69, 0x6e, 0x0a, 0x36, 0x32, 0x35, 0x35, 0x31, 0x09,
  0x76, 0x61, 0x6c, 0x65, 0x0a, 0x36, 0x32, 0x35, 0x35, 0x32, 0x09, 0x76,
  0x61, 0x6c, 0x65, 0x74, 0x0a, 0x36, 0x32, 0x35, 0x35, 0x33, 0x09, 0x76,
  0x61, 0x6c, 0x65, 0x75, 0x72, 0x0a, 0x36, 0x32, 0x35, 0x35, 0x34, 0x09,
  0x76, 0x61, 0x6c, 0x69, 0x64, 0x0a, 0x36, 0x32, 0x35, 0x35, 0x35, 0x09,
  0x76, 0x61, 0x6c, 0x75, 0x65, 0x0a, 0x36, 0x32, 0x35, 0x35, 0x36, 0x09,
  0x76, 0x61, 0x6c, 0x76, 0x65, 0x0a, 0x36, 0x32, 0x35, 0x36, 0x31, 0x09,
  0x76, 0x61, 0x6d, 0x70, 0x0a, 0x36, 0x32, 0x35, 0x36, 0x32, 0x09, 0x76,
  0x61, 0x6e, 0x0a, 0x36, 0x32, 0x35, 0x36, 0x33, 0x09, 0x76, 0x61, 0x6e,
  0x63, 0x65, 0x0a, 0x36, 0x32, 0x35, 0x36, 0x34, 0x09, 0x76, 0x61, 0x6e,
  0x65, 0x0a, 0x36, 0x32, 0x35, 0x36, 0x35, 0x09, 0x76, 0x61, 0x72, 0x79,
  0x0a, 0x36, 0x32, 0x35, 0x36, 0x36, 0x09, 0x76, 0x61, 0x73, 0x65, 0x0a,
  0x36, 0x32, 0x36, 0x31, 0x31, 0x09, 0x76, 0x61, 0x73, 0x74, 0x0a, 0x36,
  0x32, 0x36, 0x31, 0x32, 0x09, 0x76, 0x61, 0x74, 0x0a, 0x36, 0x32, 0x36,
  0x31, 0x33, 0x09, 0x76, 0x61, 0x75, 0x6c, 0x74, 0x0a, 0x36, 0x32, 0x36,
  0x31, 0x34, 0x09, 0x76, 0x62, 0x0a, 0x36, 0x32, 0x36, 0x31, 0x35, 0x09,
  0x76, 0x63, 0x0a, 0x36, 0x32, 0x36, 0x31, 0x36, 0x09, 0x76, 0x64, 0x0a,
  0x36, 0x32, 0x36, 0x32, 0x31, 0x09, 0x76, 0x65, 0x0a, 0x36, 0x32, 0x36,
  0x32, 0x32, 0x09, 0x76, 0x65, 0x61, 0x6c, 0x0a, 0x36, 0x32, 0x36, 0x32,
  0x33, 0x09, 0x76, 0x65, 0x64, 0x61, 0x0a, 0x36, 0x32, 0x36, 0x32, 0x34,
  0x09, 0x76, 0x65, 0x65, 0x0a, 0x36, 0x32, 0x36, 0x32, 0x35, 0x09, 0x76,
  0x65, 0x65, 0x72, 0x0a, 0x36, 0x32, 0x36, 0x32, 0x36, 0x09, 0x76, 0x65,
  0x65, 0x72, 0x79, 0x0a, 0x36, 0x32, 0x36, 0x33, 0x31, 0x09, 0x76, 0x65,
  0x67, 0x61, 0x0a, 0x36, 0x32, 0x36, 0x33, 0x32, 0x09, 0x76, 0x65, 0x69,
  0x6c, 0x0a, 0x36, 0x32, 0x36, 0x33, 0x33, 0x09, 0x76, 0x65, 0x69, 0x6e,
  0x0a, 0x36, 0x32, 0x36, 0x33, 0x34, 0x09, 0x76, 0x65, 0x6c, 0x61, 0x72,
  0x0a, 0x36, 0x32, 0x36, 0x33, 0x35, 0x09, 0x76, 0x65, 0x6c, 0x64, 0x74,
  0x0a, 0x36, 0x32, 0x36, 0x33, 0x36, 0x09, 0x76, 0x65, 0x6c, 0x6c, 0x61,
  0x0a, 0x36, 0x32, 0x36, 0x34, 0x31, 0x09, 0x76, 0x65, 0x6c, 0x6c, 0x75,
  0x6d, 0x0a, 0x36, 0x32, 0x36, 0x34, 0x32, 0x09, 0x76, 0x65, 0x6e, 0x61,
  0x6c, 0x0a, 0x36, 0x32, 0x36, 0x34, 0x33, 0x09, 0x76, 0x65, 0x6e, 0x64,
  0x0a, 0x36, 0x32, 0x36, 0x34, 0x34, 0x09, 0x76, 0x65, 0x6e, 0x69, 0x61,
  0x6c, 0x0a, 0x36, 0x32, 0x36, 0x34, 0x35, 0x09, 0x76, 0x65, 0x6e, 0x6f,
  0x6d, 0x0a, 0x36, 0x32, 0x36, 0x34, 0x36, 0x09, 0x76, 0x65, 0x6e, 0x74,
  0x0a, 0x36, 0x32, 0x36, 0x35, 0x31, 0x09, 0x76, 0x65, 0x6e, 0x75, 0x73,
  0x0a, 0x36, 0x32, 0x36, 0x35, 0x32, 0x09, 0x76, 0x65, 0x72, 0x61, 0x0a,
  0x36, 0x32, 0x36, 0x35, 0x33, 0x09, 0x76, 0x65, 0x72, 0x62, 0x0a, 0x36,
  0x32, 0x36, 0x35, 0x34, 0x09, 0x76, 0x65, 0x72, 0x64, 0x65, 0x0a, 0x36,
  0x32, 0x36, 0x35, 0x35, 0x09, 0x76, 0x65, 0x72, 0x64, 0x69, 0x0a, 0x36,
  0x32, 0x36, 0x35, 0x36, 0x09, 0x76, 0x65, 0x72, 0x67, 0x65, 0x0a, 0x36,
  0x32, 0x36, 0x36, 0x31, 0x09, 0x76, 0x65, 0x72, 0x69, 0x74, 0x79, 0x0a,
  0x36, 0x32, 0x36, 0x36, 0x32, 0x09, 0x76, 0x65, 0x72, 0x6e, 0x61, 0x0a,
  0x36, 0x32, 0x36, 0x36, 0x33, 0x09, 0x76, 0x65, 0x72, 0x6e, 0x65, 0x0a,
  0x36, 0x32, 0x36, 0x36, 0x34, 0x09, 0x76, 0x65, 0x72, 0x73, 0x61, 0x0a,
  0x36, 0x32, 0x36, 0x36, 0x35, 0x09, 0x76, 0x65, 0x72, 0x73, 0x65, 0x0a,
  0x36, 0x32, 0x36, 0x36, 0x36, 0x09, 0x76, 0x65, 0x72, 0x76, 0x65, 0x0a,
  0x36, 0x33, 0x31, 0x31, 0x31, 0x09, 0x76, 0x65, 0x72, 0x79, 0x0a, 0x36,
  0x33, 0x31, 0x31, 0x32, 0x09, 0x76, 0x65, 0x73, 0x73, 0x65, 0x6c, 0x0a,
  0x36, 0x33, 0x31, 0x31, 0x33, 0x09, 0x76, 0x65, 0x73, 0x74, 0x0a, 0x36,
  0x33, 0x31, 0x31, 0x34, 0x09, 0x76, 0x65, 0x74, 0x0a, 0x36, 0x33, 0x31,
  0x31, 0x35, 0x09, 0x76, 0x65, 0x74, 0x63, 0x68, 0x0a, 0x36, 0x33, 0x31,
  0x31, 0x36, 0x09, 0x76, 0x65, 0x74, 0x6f, 0x0a, 0x36, 0x33, 0x31, 0x32,
  0x31, 0x09, 0x76, 0x65, 0x78, 0x0a, 0x36, 0x33, 0x31, 0x32, 0x32, 0x09,
  0x76, 0x66, 0x0a, 0x36, 0x33, 0x31, 0x32, 0x33, 0x09, 0x76, 0x67, 0x0a,
  0x36, 0x33, 0x31, 0x32, 0x34, 0x09, 0x76, 0x68, 0x0a, 0x36, 0x33, 0x31,
  0x32, 0x35, 0x09, 0x76, 0x69, 0x0a, 0x36, 0x33, 0x31, 0x32, 0x36, 0x09,
  0x76, 0x69, 0x61, 0x0a, 0x36, 0x33, 0x31, 0x33, 0x31, 0x09, 0x76, 0x69,
  0x61, 0x6c, 0x0a, 0x36, 0x33, 0x31, 0x33, 0x32, 0x09, 0x76, 0x69, 0x63,
  0x61, 0x72, 0x0a, 0x36, 0x33, 0x31, 0x33, 0x33, 0x09, 0x76, 0x69, 0x63,
  0x65, 0x0a, 0x36, 0x33, 0x31, 0x33, 0x34, 0x09, 0x76, 0x69, 0x63, 0x68,
  0x79, 0x0a, 0x36, 0x33, 0x31, 0x33, 0x35, 0x09, 0x76, 0x69, 0x63, 0x6b,
  0x79, 0x0a, 0x36, 0x33, 0x31, 0x33, 0x36, 0x09, 0x76, 0x69, 0x64, 0x61,
  0x0a, 0x36, 0x33, 0x31, 0x34, 0x31, 0x09, 0x76, 0x69, 0x64, 0x65, 0x6f,
  0x0a, 0x36, 0x33, 0x31, 0x34, 0x32, 0x09, 0x76, 0x69, 0x65, 0x0a, 0x36,
  0x33, 0x31, 0x34, 0x33, 0x09, 0x76, 0x69, 0x65, 0x74, 0x0a, 0x36, 0x33,
  0x31, 0x34, 0x34, 0x09, 0x76, 0x69, 0x65, 0x77, 0x0a, 0x36, 0x33, 0x31,
  0x34, 0x35, 0x09, 0x76, 0x69, 0x67, 0x69, 0x6c, 0x0a, 0x36, 0x33, 0x31,
  0x34, 0x36, 0x09, 0x76, 0x69, 0x69, 0x0a, 0x36, 0x33, 0x31, 0x35, 0x31,
  0x09, 0x76, 0x69, 0x69, 0x69, 0x0a, 0x36, 0x33, 0x31, 0x35, 0x32, 0x09,
  0x76, 0x69, 0x6c, 0x65, 0x0a, 0x36, 0x33, 0x31, 0x35, 0x33, 0x09, 0x76,
  0x69, 0x6c, 0x6c, 0x61, 0x0a, 0x36, 0x33, 0x31, 0x35, 0x34, 0x09, 0x76,
  0x69, 0x6e, 0x65, 0x0a, 0x36, 0x33, 0x31, 0x35, 0x35, 0x09, 0x76, 0x69,
  0x6e, 0x79, 0x6c, 0x0a, 0x36, 0x33, 0x31, 0x35, 0x36, 0x09, 0x76, 0x69,
  0x6f, 0x6c, 0x61, 0x0a, 0x36, 0x33, 0x31, 0x36, 0x31, 0x09, 0x76, 0x69,
  0x6f, 0x6c, 0x65, 0x74, 0x0a, 0x36, 0x33, 0x31, 0x36, 0x32, 0x09, 0x76,
  0x69, 0x72, 0x67, 0x69, 0x6c, 0x0a, 0x36, 0x33, 0x31, 0x36, 0x33, 0x09,
  0x76, 0x69, 0x72, 0x67, 0x6f, 0x0a, 0x36, 0x33, 0x31, 0x36, 0x34, 0x09,
  0x76, 0x69, 0x72, 0x75, 0x73, 0x0a, 0x36, 0x33, 0x31, 0x36, 0x35, 0x09,
  0x76, 0x69, 0x73, 0x0a, 0x36, 0x33, 0x31, 0x36, 0x36, 0x09, 0x76, 0x69,
  0x73, 0x61, 0x0a, 0x36, 0x33, 0x32, 0x31, 0x31, 0x09, 0x76, 0x69, 0x73,
  0x65, 0x0a, 0x36, 0x33, 0x32, 0x31, 0x32, 0x09, 0x76, 0x69, 0x73, 0x69,
  0x74, 0x0a, 0x36, 0x33, 0x32, 0x31, 0x33, 0x09, 0x76, 0x69, 0x73, 0x6f,
  0x72, 0x0a, 0x36, 0x33, 0x32, 0x31, 0x34, 0x09, 0x76, 0x69, 0x73, 0x74,
  0x61, 0x0a, 0x36, 0x33, 0x32, 0x31, 0x35, 0x09, 0x76, 0x69, 0x74, 0x61,
  0x0a, 0x36, 0x33, 0x32, 0x31, 0x36, 0x09, 0x76, 0x69, 0x74, 0x61, 0x65,
  0x0a, 0x36, 0x33, 0x32, 0x32, 0x31, 0x09, 0x76, 0x69, 0x74, 0x61, 0x6c,
  0x0a, 0x36, 0x33, 0x32, 0x32, 0x32, 0x09, 0x76, 0x69, 0x74, 0x6f, 0x0a,
  0x36, 0x33, 0x32, 0x32, 0x33, 0x09, 0x76, 0x69, 0x74, 0x72, 0x6f, 0x0a,
  0x36, 0x33, 0x32, 0x32, 0x34, 0x09, 0x76, 0x69, 0x76, 0x61, 0x0a, 0x36,
  0x33, 0x32, 0x32, 0x35, 0x09, 0x76, 0x69, 0x76, 0x69, 0x61, 0x6e, 0x0a,
  0x36, 0x33, 0x32, 0x32, 0x36, 0x09, 0x76, 0x69, 0x76, 0x69, 0x64, 0x0a,
  0x36, 0x33, 0x32, 0x33, 0x31, 0x09, 0x76, 0x69, 0x76, 0x6f, 0x0a, 0x36,
  0x33, 0x32, 0x33, 0x32, 0x09, 0x76, 0x69, 0x78, 0x65, 0x6e, 0x0a, 0x36,
  0x33, 0x32, 0x33, 0x33, 0x09, 0x76, 0x69, 0x7a, 0x0a, 0x36, 0x33, 0x32,
  0x33, 0x34, 0x09, 0x76, 0x6a, 0x0a, 0x36, 0x33, 0x32, 0x33, 0x35, 0x09,
  0x76, 0x6b, 0x0a, 0x36, 0x33, 0x32, 0x33, 0x36, 0x09, 0x76, 0x6c, 0x0a,
  0x36, 0x33, 0x32, 0x34, 0x31, 0x09, 0x76, 0x6d, 0x0a, 0x36, 0x33, 0x32,
  0x34, 0x32, 0x09, 0x76, 0x6e, 0x0a, 0x36, 0x33, 0x32, 0x34, 0x33, 0x09,
  0x76, 0x6f, 0x0a, 0x36, 0x33, 0x32, 0x34, 0x34, 0x09, 0x76, 0x6f, 0x63,
  0x61, 0x6c, 0x0a, 0x36, 0x33, 0x32, 0x34, 0x35, 0x09, 0x76, 0x6f, 0x67,
  0x65, 0x6c, 0x0a, 0x36, 0x33, 0x32, 0x34, 0x36, 0x09, 0x76, 0x6f, 0x67,
  0x75, 0x65, 0x0a, 0x36, 0x33, 0x32, 0x35, 0x31, 0x09, 0x76, 0x6f, 0x69,
  0x63, 0x65, 0x0a, 0x36, 0x33, 0x32, 0x35, 0x32, 0x09, 0x76, 0x6f, 0x69,
  0x64, 0x0a, 0x36, 0x33, 0x32, 0x35, 0x33, 0x09, 0x76, 0x6f, 0x6c, 0x74,
  0x0a, 0x36, 0x33, 0x32, 0x35, 0x34, 0x09, 0x76, 0x6f, 0x6c, 0x74, 0x61,
  0x0a, 0x36, 0x33, 0x32, 0x35, 0x35, 0x09, 0x76, 0x6f, 0x6c, 0x76, 0x6f,
  0x0a, 0x36, 0x33, 0x32, 0x35, 0x36, 0x09, 0x76, 0x6f, 0x6d, 0x69, 0x74,
  0x0a, 0x36, 0x33, 0x32, 0x36, 0x31, 0x09, 0x76, 0x6f, 0x6e, 0x0a, 0x36,
  0x33, 0x32, 0x36, 0x32, 0x09, 0x76, 0x6f, 0x73, 0x73, 0x0a, 0x36, 0x33,
  0x32, 0x36, 0x33, 0x09, 0x76, 0x6f, 0x74, 0x65, 0x0a, 0x36, 0x33, 0x32,
  0x36, 0x34, 0x09, 0x76, 0x6f, 0x75, 0x63, 0x68, 0x0a, 0x36, 0x33, 0x32,
  0x36, 0x35, 0x09, 0x76, 0x6f, 0x77, 0x0a, 0x36, 0x33, 0x32, 0x36, 0x36,
  0x09, 0x76, 0x6f, 0x77, 0x65, 0x6c, 0x0a, 0x36, 0x33, 0x33, 0x31, 0x31,
  0x09, 0x76, 0x70, 0x0a, 0x36, 0x33, 0x33, 0x31, 0x32, 0x09, 0x76, 0x71,
  0x0a, 0x36, 0x33, 0x33, 0x31, 0x33, 0x09, 0x76, 0x72, 0x0a, 0x36, 0x33,
  0x33, 0x31, 0x34, 0x09, 0x76, 0x73, 0x0a, 0x36, 0x33, 0x33, 0x31, 0x35,
  0x09, 0x76, 0x74, 0x0a, 0x36, 0x33, 0x33, 0x31, 0x36, 0x09, 0x76, 0x75,
  0x0a, 0x36, 0x33, 0x33, 0x32, 0x31, 0x09, 0x76, 0x75, 0x6c, 0x63, 0x61,
  0x6e, 0x0a, 0x36, 0x33, 0x33, 0x32, 0x32, 0x09, 0x76, 0x76, 0x0a, 0x36,
  0x33, 0x33, 0x32, 0x33, 0x09, 0x76, 0x76, 0x76, 0x0a, 0x36, 0x33, 0x33,
  0x32, 0x34, 0x09, 0x76, 0x76, 0x76, 0x76, 0x0a, 0x36, 0x33, 0x33, 0x32,
  0x35, 0x09, 0x76, 0x77, 0x0a, 0x36, 0x33, 0x33, 0x32, 0x36, 0x09, 0x76,
  0x78, 0x0a, 0x36, 0x33, 0x33, 0x33, 0x31, 0x09, 0x76, 0x79, 0x0a, 0x36,
  0x33, 0x33, 0x33, 0x32, 0x09, 0x76, 0x79, 0x69, 0x6e, 0x67, 0x0a, 0x36,
  0x33, 0x33, 0x33, 0x33, 0x09, 0x76, 0x7a, 0x0a, 0x36, 0x33, 0x33, 0x33,
  0x34, 0x09, 0x77, 0x0a, 0x36, 0x33, 0x33, 0x33, 0x35, 0x09, 0x77, 0x27,
  0x73, 0x0a, 0x36, 0x33, 0x33, 0x33, 0x36, 0x09, 0x77, 0x61, 0x0a, 0x36,
  0x33, 0x33, 0x34, 0x31, 0x09, 0x77, 0x61, 0x61, 0x6c, 0x73, 0x0a, 0x36,
  0x33, 0x33, 0x34, 0x32, 0x09, 0x77, 0x61, 0x63, 0x0a, 0x36, 0x33, 0x33,
  0x34, 0x33, 0x09, 0x77, 0x61, 0x63, 0x6b, 0x0a, 0x36, 0x33, 0x33, 0x34,
  0x34, 0x09, 0x77, 0x61, 0x63, 0x6b, 0x65, 0x0a, 0x36, 0x33, 0x33, 0x34,
  0x35, 0x09, 0x77, 0x61, 0x63, 0x6b, 0x79, 0x0a, 0x36, 0x33, 0x33, 0x34,
  0x36, 0x09, 0x77, 0x61, 0x63, 0x6f, 0x0a, 0x36, 0x33, 0x33, 0x35, 0x31,
  0x09, 0x77, 0x61, 0x64, 0x0a, 0x36, 0x33, 0x33, 0x35, 0x32, 0x09, 0x77,
  0x61, 0x64, 0x65, 0x0a, 0x36, 0x33, 0x33, 0x35, 0x33, 0x09, 0x77, 0x61,
  0x64, 0x69, 0x0a, 0x36, 0x33, 0x33, 0x35, 0x34, 0x09, 0x77, 0x61, 0x66,
  0x65, 0x72, 0x0a, 0x36, 0x33, 0x33, 0x35, 0x35, 0x09, 0x77, 0x61, 0x67,
  0x0a, 0x36, 0x33, 0x33, 0x35, 0x36, 0x09, 0x77, 0x61, 0x67, 0x65, 0x0a,
  0x36, 0x33, 0x33, 0x36, 0x31, 0x09, 0x77, 0x61, 0x67, 0x67, 0x6c, 0x65,
  0x0a, 0x36, 0x33, 0x33, 0x36, 0x32, 0x09, 0x77, 0x61, 0x68, 0x0a, 0x36,
  0x33, 0x33, 0x36, 0x33, 0x09, 0x77, 0x61, 0x68, 0x6c, 0x0a, 0x36, 0x33,
  0x33, 0x36, 0x34, 0x09, 0x77, 0x61, 0x69, 0x6c, 0x0a, 0x36, 0x33, 0x33,
  0x36, 0x35, 0x09, 0x77, 0x61, 0x69, 0x73, 0x74, 0x0a, 0x36, 0x33, 0x33,
  0x36, 0x36, 0x09, 0x77, 0x61, 0x69, 0x74, 0x0a, 0x36, 0x33, 0x34, 0x31,
  0x31, 0x09, 0x77, 0x61, 0x69, 0x74, 0x65, 0x0a, 0x36, 0x33, 0x34, 0x31,
  0x32, 0x09, 0x77, 0x61, 0x69, 0x76, 0x65, 0x0a, 0x36, 0x33, 0x34, 0x31,
  0x33, 0x09, 0x77, 0x61, 0x6b, 0x65, 0x0a, 0x36, 0x33, 0x34, 0x31, 0x34,
  0x09, 0x77, 0x61, 0x6b, 0x65, 0x6e, 0x0a, 0x36, 0x33, 0x34, 0x31, 0x35,
  0x09, 0x77, 0x61, 0x6c, 0x64, 0x6f, 0x0a, 0x36, 0x33, 0x34, 0x31, 0x36,
  0x09, 0x77, 0x61, 0x6c, 0x65, 0x0a, 0x36, 0x33, 0x34, 0x32, 0x31, 0x09,
  0x77, 0x61, 0x6c, 0x6b, 0x0a, 0x36, 0x33, 0x34, 0x32, 0x32, 0x09, 0x77,
  0x61, 0x6c, 0x6b, 0x69, 0x65, 0x0a, 0x36, 0x33, 0x34, 0x32, 0x33, 0x09,
  0x77, 0x61, 0x6c, 0x6c, 0x0a, 0x36, 0x33, 0x34, 0x32, 0x34, 0x09, 0x77,
  0x61, 0x6c, 0x6c, 0x73, 0x0a, 0x36, 0x33, 0x34, 0x32, 0x35, 0x09, 0x77,
  0x61, 0x6c, 0x6c, 0x79, 0x0a, 0x36, 0x33, 0x34, 0x32, 0x36, 0x09, 0x77,
  0x61, 0x6c, 0x73, 0x68, 0x0a, 0x36, 0x33, 0x34, 0x33, 0x31, 0x09, 0x77,
  0x61, 0x6c, 0x74, 0x0a, 0x36, 0x33, 0x34, 0x33, 0x32, 0x09, 0x77, 0x61,
  0x6c, 0x74, 0x6f, 0x6e, 0x0a, 0x36, 0x33, 0x34, 0x33, 0x33, 0x09, 0x77,
  0x61, 0x6c, 0x74, 0x7a, 0x0a, 0x36, 0x33, 0x34, 0x33, 0x34, 0x09, 0x77,
  0x61, 0x6e, 0x0a, 0x36, 0x33, 0x34, 0x33, 0x35, 0x09, 0x77, 0x61, 0x6e,
  0x64, 0x0a, 0x36, 0x33, 0x34, 0x33, 0x36, 0x09, 0x77, 0x61, 0x6e, 0x65,
  0x0a, 0x36, 0x33, 0x34, 0x34, 0x31, 0x09, 0x77, 0x61, 0x6e, 0x67, 0x0a,
  0x36, 0x33, 0x34, 0x34, 0x32, 0x09, 0x77, 0x61, 0x6e, 0x74, 0x0a, 0x36,
  0x33, 0x34, 0x34, 0x33, 0x09, 0x77, 0x61, 0x72, 0x0a, 0x36, 0x33, 0x34,
  0x34, 0x34, 0x09, 0x77, 0x61, 0x72, 0x64, 0x0a, 0x36, 0x33, 0x34, 0x34,
  0x35, 0x09, 0x77, 0x61, 0x72, 0x65, 0x0a, 0x36, 0x33, 0x34, 0x34, 0x36,
  0x09, 0x77, 0x61, 0x72, 0x6d, 0x0a, 0x36, 0x33, 0x34, 0x35, 0x31, 0x09,
  0x77, 0x61, 0x72, 0x6d, 0x74, 0x68, 0x0a, 0x36, 0x33, 0x34, 0x35, 0x32,
  0x09, 0x77, 0x61, 0x72, 0x6e, 0x0a, 0x36, 0x33, 0x34, 0x35, 0x33, 0x09,
  0x77, 0x61, 0x72, 0x70, 0x0a, 0x36, 0x33, 0x34, 0x35, 0x34, 0x09, 0x77,
  0x61, 0x72, 0x72, 0x65, 0x6e, 0x0a, 0x36, 0x33, 0x34, 0x35, 0x35, 0x09,
  0x77, 0x61, 0x72, 0x74, 0x0a, 0x36, 0x33, 0x34, 0x35, 0x36, 0x09, 0x77,
  0x61, 0x72, 0x74, 0x79, 0x0a, 0x36, 0x33, 0x34, 0x36, 0x31, 0x09, 0x77,
  0x61, 0x72, 0x79, 0x0a, 0x36, 0x33, 0x34, 0x36, 0x32, 0x09, 0x77, 0x61,
  0x73, 0x0a, 0x36, 0x33, 0x34, 0x36, 0x33, 0x09, 0x77, 0x61, 0x73, 0x68,
  0x0a, 0x36, 0x33, 0x34, 0x36, 0x34, 0x09, 0x77, 0x61, 0x73, 0x68, 0x79,
  0x0a, 0x36, 0x33, 0x34, 0x36, 0x35, 0x09, 0x77, 0x61, 0x73, 0x70, 0x0a,
  0x36, 0x33, 0x34, 0x36, 0x36, 0x09, 0x77, 0x61, 0x73, 0x74, 0x0a, 0x36,
  0x33, 0x35, 0x31, 0x31, 0x09, 0x77, 0x61, 0x73, 0x74, 0x65, 0x0a, 0x36,
  0x33, 0x35, 0x31, 0x32, 0x09, 0x77, 0x61, 0x74, 0x63, 0x68, 0x0a, 0x36,
  0x33, 0x35, 0x31, 0x33, 0x09, 0x77, 0x61, 0x74, 0x65, 0x72, 0x0a, 0x36,
  0x33, 0x35, 0x31, 0x34, 0x09, 0x77, 0x61, 0x74, 0x74, 0x0a, 0x36, 0x33,
  0x35, 0x31, 0x35, 0x09, 0x77, 0x61, 0x74, 0x74, 0x73, 0x0a, 0x36, 0x33,
  0x35, 0x31, 0x36, 0x09, 0x77, 0x61, 0x76, 0x65, 0x0a, 0x36, 0x33, 0x35,
  0x32, 0x31, 0x09, 0x77, 0x61, 0x76, 0x79, 0x0a, 0x36, 0x33, 0x35, 0x32,
  0x32, 0x09, 0x77, 0x61, 0x78, 0x0a, 0x36, 0x33, 0x35, 0x32, 0x33, 0x09,
  0x77, 0x61, 0x78, 0x65, 0x6e, 0x0a, 0x36, 0x33, 0x35, 0x32, 0x34, 0x09,
  0x77, 0x61, 0x78, 0x79, 0x0a, 0x36, 0x33, 0x35, 0x32, 0x35, 0x09, 0x77,
  0x61, 0x79, 0x0a, 0x36, 0x33, 0x35, 0x32, 0x36, 0x09, 0x77, 0x61, 0x79,
  0x6e, 0x65, 0x0a, 0x36, 0x33, 0x35, 0x33, 0x31, 0x09, 0x77, 0x62, 0x0a,
  0x36, 0x33, 0x35, 0x33, 0x32, 0x09, 0x77, 0x63, 0x0a, 0x36, 0x33, 0x35,
  0x33, 0x33, 0x09, 0x77, 0x64, 0x0a, 0x36, 0x33, 0x35, 0x33, 0x34, 0x09,
  0x77, 0x65, 0x0a, 0x36, 0x33, 0x35, 0x33, 0x35, 0x09, 0x77, 0x65, 0x27,
  0x64, 0x0a, 0x36, 0x33, 0x35, 0x33, 0x36, 0x09, 0x77, 0x65, 0x27, 0x6c,
  0x6c, 0x0a, 0x36, 0x33, 0x35, 0x34, 0x31, 0x09, 0x77, 0x65, 0x27, 0x72,
  0x65, 0x0a, 0x36, 0x33, 0x35, 0x34, 0x32, 0x09, 0x77, 0x65, 0x27, 0x76,
  0x65, 0x0a, 0x36, 0x33, 0x35, 0x34, 0x33, 0x09, 0x77, 0x65, 0x61, 0x6b,
  0x0a, 0x36, 0x33, 0x35, 0x34, 0x34, 0x09, 0x77, 0x65, 0x61, 0x6c, 0x0a,
  0x36, 0x33, 0x35, 0x34, 0x35, 0x09, 0x77, 0x65, 0x61, 0x6c, 0x74, 0x68,
  0x0a, 0x36, 0x33, 0x35, 0x34, 0x36, 0x09, 0x77, 0x65, 0x61, 0x6e, 0x0a,
  0x36, 0x33, 0x35, 0x35, 0x31, 0x09, 0x77, 0x65, 0x61, 0x72, 0x0a, 0x36,
  0x33, 0x35, 0x35, 0x32, 0x09, 0x77, 0x65, 0x61, 0x72, 0x79, 0x0a, 0x36,
  0x33, 0x35, 0x35, 0x33, 0x09, 0x77, 0x65, 0x61, 0x76, 0x65, 0x0a, 0x36,
  0x33, 0x35, 0x35, 0x34, 0x09, 0x77, 0x65, 0x62, 0x0a, 0x36, 0x33, 0x35,
  0x35, 0x35, 0x09, 0x77, 0x65, 0x62, 0x62, 0x0a, 0x36, 0x33, 0x35, 0x35,
  0x36, 0x09, 0x77, 0x65, 0x62, 0x65, 0x72, 0x0a, 0x36, 0x33, 0x35, 0x36,
  0x31, 0x09, 0x77, 0x65, 0x63, 0x6f, 0x0a, 0x36, 0x33, 0x35, 0x36, 0x32,
  0x09, 0x77, 0x65, 0x64, 0x0a, 0x36, 0x33, 0x35, 0x36, 0x33, 0x09, 0x77,
  0x65, 0x64, 0x67, 0x65, 0x0a, 0x36, 0x33, 0x35, 0x36, 0x34, 0x09, 0x77,
  0x65, 0x65, 0x0a, 0x36, 0x33, 0x35, 0x36, 0x35, 0x09, 0x77, 0x65, 0x65,
  0x64, 0x0a, 0x36, 0x33, 0x35, 0x36, 0x36, 0x09, 0x77, 0x65, 0x65, 0x64,
  0x79, 0x0a, 0x36, 0x33, 0x36, 0x31, 0x31, 0x09, 0x77, 0x65, 0x65, 0x6b,
  0x0a, 0x36, 0x33, 0x36, 0x31, 0x32, 0x09, 0x77, 0x65, 0x65, 0x6b, 0x73,
  0x0a, 0x36, 0x33, 0x36, 0x31, 0x33, 0x09, 0x77, 0x65, 0x65, 0x70, 0x0a,
  0x36, 0x33, 0x36, 0x31, 0x34, 0x09, 0x77, 0x65, 0x68, 0x72, 0x0a, 0x36,
  0x33, 0x36, 0x31, 0x35, 0x09, 0x77, 0x65, 0x69, 0x0a, 0x36, 0x33, 0x36,
  0x31, 0x36, 0x09, 0x77, 0x65, 0x69, 0x67, 0x68, 0x0a, 0x36, 0x33, 0x36,
  0x32, 0x31, 0x09, 0x77, 0x65, 0x69, 0x72, 0x0a, 0x36, 0x33, 0x36, 0x32,
  0x32, 0x09, 0x77, 0x65, 0x69, 0x72, 0x64, 0x0a, 0x36, 0x33, 0x36, 0x32,
  0x33, 0x09, 0x77, 0x65, 0x69, 0x73, 0x73, 0x0a, 0x36, 0x33, 0x36, 0x32,
  0x34, 0x09, 0x77, 0x65, 0x6c, 0x63, 0x68, 0x0a, 0x36, 0x33, 0x36, 0x32,
  0x35, 0x09, 0x77, 0x65, 0x6c, 0x64, 0x0a, 0x36, 0x33, 0x36, 0x32, 0x36,
  0x09, 0x77, 0x65, 0x6c, 0x6c, 0x0a, 0x36, 0x33, 0x36, 0x33, 0x31, 0x09,
  0x77, 0x65, 0x6c, 0x6c, 0x73, 0x0a, 0x36, 0x33, 0x36, 0x33, 0x32, 0x09,
  0x77, 0x65, 0x6c, 0x73, 0x68, 0x0a, 0x36, 0x33, 0x36, 0x33, 0x33, 0x09,
  0x77, 0x65, 0x6c, 0x74, 0x0a, 0x36, 0x33, 0x36, 0x33, 0x34, 0x09, 0x77,
  0x65, 0x6e, 0x64, 0x79, 0x0a, 0x36, 0x33, 0x36, 0x33, 0x35, 0x09, 0x77,
  0x65, 0x6e, 0x74, 0x0a, 0x36, 0x33, 0x36, 0x33, 0x36, 0x09, 0x77, 0x65,
  0x70, 0x74, 0x0a, 0x36, 0x33, 0x36, 0x34, 0x31, 0x09, 0x77, 0x65, 0x72,
  0x65, 0x0a, 0x36, 0x33, 0x36, 0x34, 0x32, 0x09, 0x77, 0x65, 0x72, 0x74,
  0x0a, 0x36, 0x33, 0x36, 0x34, 0x33, 0x09, 0x77, 0x65, 0x73, 0x74, 0x0a,
  0x36, 0x33, 0x36, 0x34, 0x34, 0x09, 0x77, 0x65, 0x74, 0x0a, 0x36, 0x33,
  0x36, 0x34, 0x35, 0x09, 0x77, 0x66, 0x0a, 0x36, 0x33, 0x36, 0x34, 0x36,
  0x09, 0x77, 0x67, 0x0a, 0x36, 0x33, 0x36, 0x35, 0x31, 0x09, 0x77, 0x68,
  0x0a, 0x36, 0x33, 0x36, 0x35, 0x32, 0x09, 0x77, 0x68, 0x61, 0x63, 0x6b,
  0x0a, 0x36, 0x33, 0x36, 0x35, 0x33, 0x09, 0x77, 0x68, 0x61, 0x6c, 0x65,
  0x0a, 0x36, 0x33, 0x36, 0x35, 0x34, 0x09, 0x77, 0x68, 0x61, 0x6d, 0x0a,
  0x36, 0x33, 0x36, 0x35, 0x35, 0x09, 0x77, 0x68, 0x61, 0x72, 0x66, 0x0a,
  0x36, 0x33, 0x36, 0x35, 0x36, 0x09, 0x77, 0x68, 0x61, 0x74, 0x0a, 0x36,
  0x33, 0x36, 0x36, 0x31, 0x09, 0x77, 0x68, 0x65, 0x61, 0x74, 0x0a, 0x36,
  0x33, 0x36, 0x36, 0x32, 0x09, 0x77, 0x68, 0x65, 0x65, 0x0a, 0x36, 0x33,
  0x36, 0x36, 0x33, 0x09, 0x77, 0x68, 0x65, 0x65, 0x6c, 0x0a, 0x36, 0x33,
  0x36, 0x36, 0x34, 0x09, 0x77, 0x68, 0x65, 0x6c, 0x6b, 0x0a, 0x36, 0x33,
  0x36, 0x36, 0x35, 0x09, 0x77, 0x68, 0x65, 0x6c, 0x6d, 0x0a, 0x36, 0x33,
  0x36, 0x36, 0x36, 0x09, 0x77, 0x68, 0x65, 0x6c, 0x70, 0x0a, 0x36, 0x34,
  0x31, 0x31, 0x31, 0x09, 0x77, 0x68, 0x65, 0x6e, 0x0a, 0x36, 0x34, 0x31,
  0x31, 0x32, 0x09, 0x77, 0x68, 0x65, 0x72, 0x65, 0x0a, 0x36, 0x34, 0x31,
  0x31, 0x33, 0x09, 0x77, 0x68, 0x65, 0x74, 0x0a, 0x36, 0x34, 0x31, 0x31,
  0x34, 0x09, 0x77, 0x68, 0x69, 0x63, 0x68, 0x0a, 0x36, 0x34, 0x31, 0x31,
  0x35, 0x09, 0x77, 0x68, 0x69, 0x66, 0x66, 0x0a, 0x36, 0x34, 0x31, 0x31,
  0x36, 0x09, 0x77, 0x68, 0x69, 0x67, 0x0a, 0x36, 0x34, 0x31, 0x32, 0x31,
  0x09, 0x77, 0x68, 0x69, 0x6c, 0x65, 0x0a, 0x36, 0x34, 0x31, 0x32, 0x32,
  0x09, 0x77, 0x68, 0x69, 0x6d, 0x0a, 0x36, 0x34, 0x31, 0x32, 0x33, 0x09,
  0x77, 0x68, 0x69, 0x6e, 0x65, 0x0a, 0x36, 0x34, 0x31, 0x32, 0x34, 0x09,
  0x77, 0x68, 0x69, 0x6e, 0x6e, 0x79, 0x0a, 0x36, 0x34, 0x31, 0x32, 0x35,
  0x09, 0x77, 0x68, 0x69, 0x70, 0x0a, 0x36, 0x34, 0x31, 0x32, 0x36, 0x09,
  0x77, 0x68, 0x69, 0x72, 0x0a, 0x36, 0x34, 0x31, 0x33, 0x31, 0x09, 0x77,
  0x68, 0x69, 0x72, 0x6c, 0x0a, 0x36, 0x34, 0x31, 0x33, 0x32, 0x09, 0x77,
  0x68, 0x69, 0x73, 0x6b, 0x0a, 0x36, 0x34, 0x31, 0x33, 0x33, 0x09, 0x77,
  0x68, 0x69, 0x74, 0x0a, 0x36, 0x34, 0x31, 0x33, 0x34, 0x09, 0x77, 0x68,
  0x69, 0x74, 0x65, 0x0a, 0x36, 0x34, 0x31, 0x33, 0x35, 0x09, 0x77, 0x68,
  0x69, 0x7a, 0x0a, 0x36, 0x34, 0x31, 0x33, 0x36, 0x09, 0x77, 0x68, 0x6f,
  0x0a, 0x36, 0x34, 0x31, 0x34, 0x31, 0x09, 0x77, 0x68, 0x6f, 0x27, 0x64,
  0x0a, 0x36, 0x34, 0x31, 0x34, 0x32, 0x09, 0x77, 0x68, 0x6f, 0x61, 0x0a,
  0x36, 0x34, 0x31, 0x34, 0x33, 0x09, 0x77, 0x68, 0x6f, 0x6c, 0x65, 0x0a,
  0x36, 0x34, 0x31, 0x34, 0x34, 0x09, 0x77, 0x68, 0x6f, 0x6d, 0x0a, 0x36,
  0x34, 0x31, 0x34, 0x35, 0x09, 0x77, 0x68, 0x6f, 0x6f, 0x70, 0x0a, 0x36,
  0x34, 0x31, 0x34, 0x36, 0x09, 0x77, 0x68, 0x6f, 0x6f, 0x73, 0x68, 0x0a,
  0x36, 0x34, 0x31, 0x35, 0x31, 0x09, 0x77, 0x68, 0x6f, 0x70, 0x0a, 0x36,
  0x34, 0x31, 0x35, 0x32, 0x09, 0x77, 0x68, 0x6f, 0x73, 0x65, 0x0a, 0x36,
  0x34, 0x31, 0x35, 0x33, 0x09, 0x77, 0x68, 0x75, 0x70, 0x0a, 0x36, 0x34,
  0x31, 0x35, 0x34, 0x09, 0x77, 0x68, 0x79, 0x0a, 0x36, 0x34, 0x31, 0x35,
  0x35, 0x09, 0x77, 0x69, 0x0a, 0x36, 0x34, 0x31, 0x35, 0x36, 0x09, 0x77,
  0x69, 0x63, 0x6b, 0x0a, 0x36, 0x34, 0x31, 0x36, 0x31, 0x09, 0x77, 0x69,
  0x64, 0x65, 0x0a, 0x36, 0x34, 0x31, 0x36, 0x32, 0x09, 0x77, 0x69, 0x64,
  0x65, 0x6e, 0x0a, 0x36, 0x34, 0x31, 0x36, 0x33, 0x09, 0x77, 0x69, 0x64,
  0x6f, 0x77, 0x0a, 0x36, 0x34, 0x31, 0x36, 0x34, 0x09, 0x77, 0x69, 0x64,
  0x74, 0x68, 0x0a, 0x36, 0x34, 0x31, 0x36, 0x35, 0x09, 0x77, 0x69, 0x65,
  0x6c, 0x64, 0x0a, 0x36, 0x34, 0x31, 0x36, 0x36, 0x09, 0x77, 0x69, 0x65,
  0x72, 0x0a, 0x36, 0x34, 0x32, 0x31, 0x31, 0x09, 0x77, 0x69, 0x66, 0x65,
  0x0a, 0x36, 0x34, 0x32, 0x31, 0x32, 0x09, 0x77, 0x69, 0x67, 0x0a, 0x36,
  0x34, 0x32, 0x31, 0x33, 0x09, 0x77, 0x69, 0x6c, 0x64, 0x0a, 0x36, 0x34,
  0x32, 0x31, 0x34, 0x09, 0x77, 0x69, 0x6c, 0x65, 0x0a, 0x36, 0x34, 0x32,
  0x31, 0x35, 0x09, 0x77, 0x69, 0x6c, 0x65, 0x79, 0x0a, 0x36, 0x34, 0x32,
  0x31, 0x36, 0x09, 0x77, 0x69, 0x6c, 0x6b, 0x65, 0x73, 0x0a, 0x36, 0x34,
  0x32, 0x32, 0x31, 0x09, 0x77, 0x69, 0x6c, 0x6c, 0x0a, 0x36, 0x34, 0x32,
  0x32, 0x32, 0x09, 0x77, 0x69, 0x6c, 0x6c, 0x61, 0x0a, 0x36, 0x34, 0x32,
  0x32, 0x33, 0x09, 0x77, 0x69, 0x6c, 0x6c, 0x73, 0x0a, 0x36, 0x34, 0x32,
  0x32, 0x34, 0x09, 0x77, 0x69, 0x6c, 0x6d, 0x61, 0x0a, 0x36, 0x34, 0x32,
  0x32, 0x35, 0x09, 0x77, 0x69, 0x6c, 0x74, 0x0a, 0x36, 0x34, 0x32, 0x32,
  0x36, 0x09, 0x77, 0x69, 0x6c, 0x79, 0x0a, 0x36, 0x34, 0x32, 0x33, 0x31,
  0x09, 0x77, 0x69, 0x6e, 0x0a, 0x36, 0x34, 0x32, 0x33, 0x32, 0x09, 0x77,
  0x69, 0x6e, 0x63, 0x65, 0x0a, 0x36, 0x34, 0x32, 0x33, 0x33, 0x09, 0x77,
  0x69, 0x6e, 0x63, 0x68, 0x0a, 0x36, 0x34, 0x32, 0x33, 0x34, 0x09, 0x77,
  0x69, 0x6e, 0x64, 0x0a, 0x36, 0x34, 0x32, 0x33, 0x35, 0x09, 0x77, 0x69,
  0x6e, 0x64, 0x79, 0x0a, 0x36, 0x34, 0x32, 0x33, 0x36, 0x09, 0x77, 0x69,
  0x6e, 0x65, 0x0a, 0x36, 0x34, 0x32, 0x34, 0x31, 0x09, 0x77, 0x69, 0x6e,
  0x67, 0x0a, 0x36, 0x34, 0x32, 0x34, 0x32, 0x09, 0x77, 0x69, 0x6e, 0x6b,
  0x0a, 0x36, 0x34, 0x32, 0x34, 0x33, 0x09, 0x77, 0x69, 0x6e, 0x6e, 0x69,
  0x65, 0x0a, 0x36, 0x34, 0x32, 0x34, 0x34, 0x09, 0x77, 0x69, 0x6e, 0x6f,
  0x0a, 0x36, 0x34, 0x32, 0x34, 0x35, 0x09, 0x77, 0x69, 0x6e, 0x74, 0x65,
  0x72, 0x0a, 0x36, 0x34, 0x32, 0x34, 0x36, 0x09, 0x77, 0x69, 0x6e, 0x79,
  0x0a, 0x36, 0x34, 0x32, 0x35, 0x31, 0x09, 0x77, 0x69, 0x70, 0x65, 0x0a,
  0x36, 0x34, 0x32, 0x35, 0x32, 0x09, 0x77, 0x69, 0x72, 0x65, 0x0a, 0x36,
  0x34, 0x32, 0x35, 0x33, 0x09, 0x77, 0x69, 0x72, 0x79, 0x0a, 0x36, 0x34,
  0x32, 0x35, 0x34, 0x09, 0x77, 0x69, 0x73, 0x65, 0x0a, 0x36, 0x34, 0x32,
  0x35, 0x35, 0x09, 0x77, 0x69, 0x73, 0x68, 0x0a, 0x36, 0x34, 0x32, 0x35,
  0x36, 0x09, 0x77, 0x69, 0x73, 0x68, 0x79, 0x0a, 0x36, 0x34, 0x32, 0x36,
  0x31, 0x09, 0x77, 0x69, 0x73, 0x70, 0x0a, 0x36, 0x34, 0x32, 0x36, 0x32,
  0x09, 0x77, 0x69, 0x73, 0x70, 0x79, 0x0a, 0x36, 0x34, 0x32, 0x36, 0x33,
  0x09, 0x77, 0x69, 0x74, 0x0a, 0x36, 0x34, 0x32, 0x36, 0x34, 0x09, 0x77,
  0x69, 0x74, 0x63, 0x68, 0x0a, 0x36, 0x34, 0x32, 0x36, 0x35, 0x09, 0x77,
  0x69, 0x74, 0x68, 0x0a, 0x36, 0x34, 0x32, 0x36, 0x36, 0x09, 0x77, 0x69,
  0x74, 0x68, 0x65, 0x0a, 0x36, 0x34, 0x33, 0x31, 0x31, 0x09, 0x77, 0x69,
  0x74, 0x68, 0x79, 0x0a, 0x36, 0x34, 0x33, 0x31, 0x32, 0x09, 0x77, 0x69,
  0x74, 0x74, 0x0a, 0x36, 0x34, 0x33, 0x31, 0x33, 0x09, 0x77, 0x69, 0x74,
  0x74, 0x79, 0x0a, 0x36, 0x34, 0x33, 0x31, 0x34, 0x09, 0x77, 0x69, 0x76,
  0x65, 0x0a, 0x36, 0x34, 0x33, 0x31, 0x35, 0x09, 0x77, 0x6a, 0x0a, 0x36,
  0x34, 0x33, 0x31, 0x36, 0x09, 0x77, 0x6b, 0x0a, 0x36, 0x34, 0x33, 0x32,
  0x31, 0x09, 0x77, 0x6c, 0x0a, 0x36, 0x34, 0x33, 0x32, 0x32, 0x09, 0x77,
  0x6d, 0x0a, 0x36, 0x34, 0x33, 0x32, 0x33, 0x09, 0x77, 0x6e, 0x0a, 0x36,
  0x34, 0x33, 0x32, 0x34, 0x09, 0x77, 0x6f, 0x0a, 0x36, 0x34, 0x33, 0x32,
  0x35, 0x09, 0x77, 0x6f, 0x65, 0x0a, 0x36, 0x34, 0x33, 0x32, 0x36, 0x09,
  0x77, 0x6f, 0x6b, 0x0a, 0x36, 0x34, 0x33, 0x33, 0x31, 0x09, 0x77, 0x6f,
  0x6b, 0x65, 0x0a, 0x36, 0x34, 0x33, 0x33, 0x32, 0x09, 0x77, 0x6f, 0x6c,
  0x64, 0x0a, 0x36, 0x34, 0x33, 0x33, 0x33, 0x09, 0x77, 0x6f, 0x6c, 0x66,
  0x0a, 0x36, 0x34, 0x33, 0x33, 0x34, 0x09, 0x77, 0x6f, 0x6c, 0x66, 0x65,
  0x0a, 0x36, 0x34, 0x33, 0x33, 0x35, 0x09, 0x77, 0x6f, 0x6c, 0x66, 0x66,
  0x0a, 0x36, 0x34, 0x33, 0x33, 0x36, 0x09, 0x77, 0x6f, 0x6c, 0x76, 0x65,
  0x0a, 0x36, 0x34, 0x33, 0x34, 0x31, 0x09, 0x77, 0x6f, 0x6d, 0x61, 0x6e,
  0x0a, 0x36, 0x34, 0x33, 0x34, 0x32, 0x09, 0x77, 0x6f, 0x6d, 0x62, 0x0a,
  0x36, 0x34, 0x33, 0x34, 0x33, 0x09, 0x77, 0x6f, 0x6d, 0x65, 0x6e, 0x0a,
  0x36, 0x34, 0x33, 0x34, 0x34, 0x09, 0x77, 0x6f, 0x6e, 0x0a, 0x36, 0x34,
  0x33, 0x34, 0x35, 0x09, 0x77, 0x6f, 0x6e, 0x27, 0x74, 0x0a, 0x36, 0x34,
  0x33, 0x34, 0x36, 0x09, 0x77, 0x6f, 0x6e, 0x64, 0x65, 0x72, 0x0a, 0x36,
  0x34, 0x33, 0x35, 0x31, 0x09, 0x77, 0x6f, 0x6e, 0x67, 0x0a, 0x36, 0x34,
  0x33, 0x35, 0x32, 0x09, 0x77, 0x6f, 0x6e, 0x74, 0x0a, 0x36, 0x34, 0x33,
  0x35, 0x33, 0x09, 0x77, 0x6f, 0x6f, 0x0a, 0x36, 0x34, 0x33, 0x35, 0x34,
  0x09, 0x77, 0x6f, 0x6f, 0x64, 0x0a, 0x36, 0x34, 0x33, 0x35, 0x35, 0x09,
  0x77, 0x6f, 0x6f, 0x64, 0x73, 0x0a, 0x36, 0x34, 0x33, 0x35, 0x36, 0x09,
  0x77, 0x6f, 0x6f, 0x64, 0x79, 0x0a, 0x36, 0x34, 0x33, 0x36, 0x31, 0x09,
  0x77, 0x6f, 0x6f, 0x6c, 0x0a, 0x36, 0x34, 0x33, 0x36, 0x32, 0x09, 0x77,
  0x6f, 0x6f, 0x7a, 0x79, 0x0a, 0x36, 0x34, 0x33, 0x36, 0x33, 0x09, 0x77,
  0x6f, 0x72, 0x64, 0x0a, 0x36, 0x34, 0x33, 0x36, 0x34, 0x09, 0x77, 0x6f,
  0x72, 0x64, 0x79, 0x0a, 0x36, 0x34, 0x33, 0x36, 0x35, 0x09, 0x77, 0x6f,
  0x72, 0x65, 0x0a, 0x36, 0x34, 0x33, 0x36, 0x36, 0x09, 0x77, 0x6f, 0x72,
  0x6b, 0x0a, 0x36, 0x34, 0x34, 0x31, 0x31, 0x09, 0x77, 0x6f, 0x72, 0x6c,
  0x64, 0x0a, 0x36, 0x34, 0x34, 0x31, 0x32, 0x09, 0x77, 0x6f, 0x72, 0x6d,
  0x0a, 0x36, 0x34, 0x34, 0x31, 0x33, 0x09, 0x77, 0x6f, 0x72, 0x6d, 0x79,
  0x0a, 0x36, 0x34, 0x34, 0x31, 0x34, 0x09, 0x77, 0x6f, 0x72, 0x6e, 0x0a,
  0x36, 0x34, 0x34, 0x31, 0x35, 0x09, 0x77, 0x6f, 0x72, 0x72, 0x79, 0x0a,
  0x36, 0x34, 0x34, 0x31, 0x36, 0x09, 0x77, 0x6f, 0x72, 0x73, 0x65, 0x0a,
  0x36, 0x34, 0x34, 0x32, 0x31, 0x09, 0x77, 0x6f, 0x72, 0x73, 0x74, 0x0a,
  0x36, 0x34, 0x34, 0x32, 0x32, 0x09, 0x77, 0x6f, 0x72, 0x74, 0x68, 0x0a,
  0x36, 0x34, 0x34, 0x32, 0x33, 0x09, 0x77, 0x6f, 0x74, 0x61, 0x6e, 0x0a,
  0x36, 0x34, 0x34, 0x32, 0x34, 0x09, 0x77, 0x6f, 0x75, 0x6c, 0x64, 0x0a,
  0x36, 0x34, 0x34, 0x32, 0x35, 0x09, 0x77, 0x6f, 0x75, 0x6e, 0x64, 0x0a,
  0x36, 0x34, 0x34, 0x32, 0x36, 0x09, 0x77, 0x6f, 0x76, 0x65, 0x0a, 0x36,
  0x34, 0x34, 0x33, 0x31, 0x09, 0x77, 0x6f, 0x76, 0x65, 0x6e, 0x0a, 0x36,
  0x34, 0x34, 0x33, 0x32, 0x09, 0x77, 0x6f, 0x77, 0x0a, 0x36, 0x34, 0x34,
  0x33, 0x33, 0x09, 0x77, 0x70, 0x0a, 0x36, 0x34, 0x34, 0x33, 0x34, 0x09,
  0x77, 0x71, 0x0a, 0x36, 0x34, 0x34, 0x33, 0x35, 0x09, 0x77, 0x72, 0x0a,
  0x36, 0x34, 0x34, 0x33, 0x36, 0x09, 0x77, 0x72, 0x61, 0x63, 0x6b, 0x0a,
  0x36, 0x34, 0x34, 0x34, 0x31, 0x09, 0x77, 0x72, 0x61, 0x70, 0x0a, 0x36,
  0x34, 0x34, 0x34, 0x32, 0x09, 0x77, 0x72, 0x61, 0x74, 0x68, 0x0a, 0x36,
  0x34, 0x34, 0x34, 0x33, 0x09, 0x77, 0x72, 0x65, 0x61, 0x6b, 0x0a, 0x36,
  0x34, 0x34, 0x34, 0x34, 0x09, 0x77, 0x72, 0x65, 0x63, 0x6b, 0x0a, 0x36,
  0x34, 0x34, 0x34, 0x35, 0x09, 0x77, 0x72, 0x65, 0x73, 0x74, 0x0a, 0x36,
  0x34, 0x34, 0x34, 0x36, 0x09, 0x77, 0x72, 0x69, 0x6e, 0x67, 0x0a, 0x36,
  0x34, 0x34, 0x35, 0x31, 0x09, 0x77, 0x72, 0x69, 0x73, 0x74, 0x0a, 0x36,
  0x34, 0x34, 0x35, 0x32, 0x09, 0x77, 0x72, 0x69, 0x74, 0x0a, 0x36, 0x34,
  0x34, 0x35, 0x33, 0x09, 0x77, 0x72, 0x69, 0x74, 0x65, 0x0a, 0x36, 0x34,
  0x34, 0x35, 0x34, 0x09, 0x77, 0x72, 0x69, 0x74, 0x68, 0x65, 0x0a, 0x36,
  0x34, 0x34, 0x35, 0x35, 0x09, 0x77, 0x72, 0x6f, 0x6e, 0x67, 0x0a, 0x36,
  0x34, 0x34, 0x35, 0x36, 0x09, 0x77, 0x72, 0x6f, 0x74, 0x65, 0x0a, 0x36,
  0x34, 0x34, 0x36, 0x31, 0x09, 0x77, 0x72, 0x79, 0x0a, 0x36, 0x34, 0x34,
  0x36, 0x32, 0x09, 0x77, 0x73, 0x0a, 0x36, 0x34, 0x34, 0x36, 0x33, 0x09,
  0x77, 0x74, 0x0a, 0x36, 0x34, 0x34, 0x36, 0x34, 0x09, 0x77, 0x75, 0x0a,
  0x36, 0x34, 0x34, 0x36, 0x35, 0x09, 0x77, 0x75, 0x68, 0x61, 0x6e, 0x0a,
  0x36, 0x34, 0x34, 0x36, 0x36, 0x09, 0x77, 0x76, 0x0a, 0x36, 0x34, 0x35,
  0x31, 0x31, 0x09, 0x77, 0x77, 0x0a, 0x36, 0x34, 0x35, 0x31, 0x32, 0x09,
  0x77, 0x77, 0x77, 0x0a, 0x36, 0x34, 0x35, 0x31, 0x33, 0x09, 0x77, 0x77,
  0x77, 0x77, 0x0a, 0x36, 0x34, 0x35, 0x31, 0x34, 0x09, 0x77, 0x78, 0x0a,
  0x36, 0x34, 0x35, 0x31, 0x35, 0x09, 0x77, 0x78, 0x79, 0x0a, 0x36, 0x34,
  0x35, 0x31, 0x36, 0x09, 0x77, 0x79, 0x0a, 0x36, 0x34, 0x35, 0x32, 0x31,
  0x09, 0x77, 0x79, 0x61, 0x74, 0x74, 0x0a, 0x36, 0x34, 0x35, 0x32, 0x32,
  0x09, 0x77, 0x79, 0x65, 0x74, 0x68, 0x0a, 0x36, 0x34, 0x35, 0x32, 0x33,
  0x09, 0x77, 0x79, 0x6c, 0x69, 0x65, 0x0a, 0x36, 0x34, 0x35, 0x32, 0x34,
  0x09, 0x77, 0x79, 0x6d, 0x61, 0x6e, 0x0a, 0x36, 0x34, 0x35, 0x32, 0x35,
  0x09, 0x77, 0x79, 0x6e, 0x65, 0x72, 0x0a, 0x36, 0x34, 0x35, 0x32, 0x36,
  0x09, 0x77, 0x79, 0x6e, 0x6e, 0x0a, 0x36, 0x34, 0x35, 0x33, 0x31, 0x09,
  0x77, 0x7a, 0x0a, 0x36, 0x34, 0x35, 0x33, 0x32, 0x09, 0x78, 0x0a, 0x36,
  0x34, 0x35, 0x33, 0x33, 0x09, 0x78, 0x27, 0x73, 0x0a, 0x36, 0x34, 0x35,
  0x33, 0x34, 0x09, 0x78, 0x61, 0x0a, 0x36, 0x34, 0x35, 0x33, 0x35, 0x09,
  0x78, 0x62, 0x0a, 0x36, 0x34, 0x35, 0x33, 0x36, 0x09, 0x78, 0x63, 0x0a,
  0x36, 0x34, 0x35, 0x34, 0x31, 0x09, 0x78, 0x64, 0x0a, 0x36, 0x34, 0x35,
  0x34, 0x32, 0x09, 0x78, 0x65, 0x0a, 0x36, 0x34, 0x35, 0x34, 0x33, 0x09,
  0x78, 0x65, 0x6e, 0x6f, 0x6e, 0x0a, 0x36, 0x34, 0x35, 0x34, 0x34, 0x09,
  0x78, 0x65, 0x72, 0x6f, 0x78, 0x0a, 0x36, 0x34, 0x35, 0x34, 0x35, 0x09,
  0x78, 0x66, 0x0a, 0x36, 0x34, 0x35, 0x34, 0x36, 0x09, 0x78, 0x67, 0x0a,
  0x36, 0x34, 0x35, 0x35, 0x31, 0x09, 0x78, 0x68, 0x0a, 0x36, 0x34, 0x35,
  0x35, 0x32, 0x09, 0x78, 0x69, 0x0a, 0x36, 0x34, 0x35, 0x35, 0x33, 0x09,
  0x78, 0x6a, 0x0a, 0x36, 0x34, 0x35, 0x35, 0x34, 0x09, 0x78, 0x6b, 0x0a,
  0x36, 0x34, 0x35, 0x35, 0x35, 0x09, 0x78, 0x6c, 0x0a, 0x36, 0x34, 0x35,
  0x35, 0x36, 0x09, 0x78, 0x6d, 0x0a, 0x36, 0x34, 0x35, 0x36, 0x31, 0x09,
  0x78, 0x6e, 0x0a, 0x36, 0x34, 0x35, 0x36, 0x32, 0x09, 0x78, 0x6f, 0x0a,
  0x36, 0x34, 0x35, 0x36, 0x33, 0x09, 0x78, 0x70, 0x0a, 0x36, 0x34, 0x35,
  0x36, 0x34, 0x09, 0x78, 0x71, 0x0a, 0x36, 0x34, 0x35, 0x36, 0x35, 0x09,
  0x78, 0x72, 0x0a, 0x36, 0x34, 0x35, 0x36, 0x36, 0x09, 0x78, 0x73, 0x0a,
  0x36, 0x34, 0x36, 0x31, 0x31, 0x09, 0x78, 0x74, 0x0a, 0x36, 0x34, 0x36,
  0x31, 0x32, 0x09, 0x78, 0x75, 0x0a, 0x36, 0x34, 0x36, 0x31, 0x33, 0x09,
  0x78, 0x76, 0x0a, 0x36, 0x34, 0x36, 0x31, 0x34, 0x09, 0x78, 0x77, 0x0a,
  0x36, 0x34, 0x36, 0x31, 0x35, 0x09, 0x78, 0x78, 0x0a, 0x36, 0x34, 0x36,
  0x31, 0x36, 0x09, 0x78, 0x78, 0x78, 0x0a, 0x36, 0x34, 0x36, 0x32, 0x31,
  0x09, 0x78, 0x78, 0x78, 0x78, 0x0a, 0x36, 0x34, 0x36, 0x32, 0x32, 0x09,
  0x78, 0x79, 0x0a, 0x36, 0x34, 0x36, 0x32, 0x33, 0x09, 0x78, 0x79, 0x6c,
  0x65, 0x6d, 0x0a, 0x36, 0x34, 0x36, 0x32, 0x34, 0x09, 0x78, 0x79, 0x7a,
  0x0a, 0x36, 0x34, 0x36, 0x32, 0x35, 0x09, 0x78, 0x7a, 0x0a, 0x36, 0x34,
  0x36, 0x32, 0x36, 0x09, 0x79, 0x0a, 0x36, 0x34, 0x36, 0x33, 0x31, 0x09,
  0x79, 0x27, 0x73, 0x0a, 0x36, 0x34, 0x36, 0x33, 0x32, 0x09, 0x79, 0x61,
  0x0a, 0x36, 0x34, 0x36, 0x33, 0x33, 0x09, 0x79, 0x61, 0x63, 0x68, 0x74,
  0x0a, 0x36, 0x34, 0x36, 0x33, 0x34, 0x09, 0x79, 0x61, 0x68, 0x0a, 0x36,
  0x34, 0x36, 0x33, 0x35, 0x09, 0x79, 0x61, 0x6b, 0x0a, 0x36, 0x34, 0x36,
  0x33, 0x36, 0x09, 0x79, 0x61, 0x6c, 0x65, 0x0a, 0x36, 0x34, 0x36, 0x34,
  0x31, 0x09, 0x79, 0x61, 0x6c, 0x74, 0x61, 0x0a, 0x36, 0x34, 0x36, 0x34,
  0x32, 0x09, 0x79, 0x61, 0x6d, 0x0a, 0x36, 0x34, 0x36, 0x34, 0x33, 0x09,
  0x79, 0x61, 0x6d, 0x61, 0x68, 0x61, 0x0a, 0x36, 0x34, 0x36, 0x34, 0x34,
  0x09, 0x79, 0x61, 0x6e, 0x67, 0x0a, 0x36, 0x34, 0x36, 0x34, 0x35, 0x09,
  0x79, 0x61, 0x6e, 0x6b, 0x0a, 0x36, 0x34, 0x36, 0x34, 0x36, 0x09, 0x79,
  0x61, 0x70, 0x0a, 0x36, 0x34, 0x36, 0x35, 0x31, 0x09, 0x79, 0x61, 0x71,
  0x75, 0x69, 0x0a, 0x36, 0x34, 0x36, 0x35, 0x32, 0x09, 0x79, 0x61, 0x72,
  0x64, 0x0a, 0x36, 0x34, 0x36, 0x35, 0x33, 0x09, 0x79, 0x61, 0x72, 0x6e,
  0x0a, 0x36, 0x34, 0x36, 0x35, 0x34, 0x09, 0x79, 0x61, 0x74, 0x65, 0x73,
  0x0a, 0x36, 0x34, 0x36, 0x35, 0x35, 0x09, 0x79, 0x61, 0x77, 0x0a, 0x36,
  0x34, 0x36, 0x35, 0x36, 0x09, 0x79, 0x61, 0x77, 0x6c, 0x0a, 0x36, 0x34,
  0x36, 0x36, 0x31, 0x09, 0x79, 0x61, 0x77, 0x6e, 0x0a, 0x36, 0x34, 0x36,
  0x36, 0x32, 0x09, 0x79, 0x62, 0x0a, 0x36, 0x34, 0x36, 0x36, 0x33, 0x09,
  0x79, 0x63, 0x0a, 0x36, 0x34, 0x36, 0x36, 0x34, 0x09, 0x79, 0x64, 0x0a,
  0x36, 0x34, 0x36, 0x36, 0x35, 0x09, 0x79, 0x65, 0x0a, 0x36, 0x34, 0x36,
  0x36, 0x36, 0x09, 0x79, 0x65, 0x61, 0x0a, 0x36, 0x35, 0x31, 0x31, 0x31,
  0x09, 0x79, 0x65, 0x61, 0x68, 0x0a, 0x36, 0x35, 0x31, 0x31, 0x32, 0x09,
  0x79, 0x65, 0x61, 0x72, 0x0a, 0x36, 0x35, 0x31, 0x31, 0x33, 0x09, 0x79,
  0x65, 0x61, 0x72, 0x6e, 0x0a, 0x36, 0x35, 0x31, 0x31, 0x34, 0x09, 0x79,
  0x65, 0x61, 0x73, 0x74, 0x0a, 0x36, 0x35, 0x31, 0x31, 0x35, 0x09, 0x79,
  0x65, 0x61, 0x73, 0x74, 0x79, 0x0a, 0x36, 0x35, 0x31, 0x31, 0x36, 0x09,
  0x79, 0x65, 0x61, 0x74, 0x73, 0x0a, 0x36, 0x35, 0x31, 0x32, 0x31, 0x09,
  0x79, 0x65, 0x6c, 0x6c, 0x0a, 0x36, 0x35, 0x31, 0x32, 0x32, 0x09, 0x79,
  0x65, 0x6c, 0x70, 0x0a, 0x36, 0x35, 0x31, 0x32, 0x33, 0x09, 0x79, 0x65,
  0x6d, 0x65, 0x6e, 0x0a, 0x36, 0x35, 0x31, 0x32, 0x34, 0x09, 0x79, 0x65,
  0x6e, 0x0a, 0x36, 0x35, 0x31, 0x32, 0x35, 0x09, 0x79, 0x65, 0x74, 0x0a,
  0x36, 0x35, 0x31, 0x32, 0x36, 0x09, 0x79, 0x66, 0x0a, 0x36, 0x35, 0x31,
  0x33, 0x31, 0x09, 0x79, 0x67, 0x0a, 0x36, 0x35, 0x31, 0x33, 0x32, 0x09,
  0x79, 0x68, 0x0a, 0x36, 0x35, 0x31, 0x33, 0x33, 0x09, 0x79, 0x69, 0x0a,
  0x36, 0x35, 0x31, 0x33, 0x34, 0x09, 0x79, 0x69, 0x65, 0x6c, 0x64, 0x0a,
  0x36, 0x35, 0x31, 0x33, 0x35, 0x09, 0x79, 0x69, 0x6e, 0x0a, 0x36, 0x35,
  0x31, 0x33, 0x36, 0x09, 0x79, 0x69, 0x70, 0x0a, 0x36, 0x35, 0x31, 0x34,
  0x31, 0x09, 0x79, 0x6a, 0x0a, 0x36, 0x35, 0x31, 0x34, 0x32, 0x09, 0x79,
  0x6b, 0x0a, 0x36, 0x35, 0x31, 0x34, 0x33, 0x09, 0x79, 0x6c, 0x0a, 0x36,
  0x35, 0x31, 0x34, 0x34, 0x09, 0x79, 0x6d, 0x0a, 0x36, 0x35, 0x31, 0x34,
  0x35, 0x09, 0x79, 0x6d, 0x63, 0x61, 0x0a, 0x36, 0x35, 0x31, 0x34, 0x36,
  0x09, 0x79, 0x6e, 0x0a, 0x36, 0x35, 0x31, 0x35, 0x31, 0x09, 0x79, 0x6f,
  0x0a, 0x36, 0x35, 0x31, 0x35, 0x32, 0x09, 0x79, 0x6f, 0x64, 0x65, 0x6c,
  0x0a, 0x36, 0x35, 0x31, 0x35, 0x33, 0x09, 0x79, 0x6f, 0x64, 0x65, 0x72,
  0x0a, 0x36, 0x35, 0x31, 0x35, 0x34, 0x09, 0x79, 0x6f, 0x67, 0x61, 0x0a,
  0x36, 0x35, 0x31, 0x35, 0x35, 0x09, 0x79, 0x6f, 0x67, 0x69, 0x0a, 0x36,
  0x35, 0x31, 0x35, 0x36, 0x09, 0x79, 0x6f, 0x6b, 0x65, 0x0a, 0x36, 0x35,
  0x31, 0x36, 0x31, 0x09, 0x79, 0x6f, 0x6b, 0x65, 0x6c, 0x0a, 0x36, 0x35,
  0x31, 0x36, 0x32, 0x09, 0x79, 0x6f, 0x6c, 0x6b, 0x0a, 0x36, 0x35, 0x31,
  0x36, 0x33, 0x09, 0x79, 0x6f, 0x6e, 0x0a, 0x36, 0x35, 0x31, 0x36, 0x34,
  0x09, 0x79, 0x6f, 0x6e, 0x64, 0x0a, 0x36, 0x35, 0x31, 0x36, 0x35, 0x09,
  0x79, 0x6f, 0x72, 0x65, 0x0a, 0x36, 0x35, 0x31, 0x36, 0x36, 0x09, 0x79,
  0x6f, 0x72, 0x6b, 0x0a, 0x36, 0x35, 0x32, 0x31, 0x31, 0x09, 0x79, 0x6f,
  0x73, 0x74, 0x0a, 0x36, 0x35, 0x32, 0x31, 0x32, 0x09, 0x79, 0x6f, 0x75,
  0x0a, 0x36, 0x35, 0x32, 0x31, 0x33, 0x09, 0x79, 0x6f, 0x75, 0x27, 0x64,
  0x0a, 0x36, 0x35, 0x32, 0x31, 0x34, 0x09, 0x79, 0x6f, 0x75, 0x6e, 0x67,
  0x0a, 0x36, 0x35, 0x32, 0x31, 0x35, 0x09, 0x79, 0x6f, 0x75, 0x72, 0x0a,
  0x36, 0x35, 0x32, 0x31, 0x36, 0x09, 0x79, 0x6f, 0x75, 0x74, 0x68, 0x0a,
  0x36, 0x35, 0x32, 0x32, 0x31, 0x09, 0x79, 0x6f, 0x77, 0x0a, 0x36, 0x35,
  0x32, 0x32, 0x32, 0x09, 0x79, 0x70, 0x0a, 0x36, 0x35, 0x32, 0x32, 0x33,
  0x09, 0x79, 0x71, 0x0a, 0x36, 0x35, 0x32, 0x32, 0x34, 0x09, 0x79, 0x72,
  0x0a, 0x36, 0x35, 0x32, 0x32, 0x35, 0x09, 0x79, 0x73, 0x0a, 0x36, 0x35,
  0x32, 0x32, 0x36, 0x09, 0x79, 0x74, 0x0a, 0x36, 0x35, 0x32, 0x33, 0x31,
  0x09, 0x79, 0x75, 0x0a, 0x36, 0x35, 0x32, 0x33, 0x32, 0x09, 0x79, 0x75,
  0x63, 0x63, 0x61, 0x0a, 0x36, 0x35, 0x32, 0x33, 0x33, 0x09, 0x79, 0x75,
  0x63, 0x6b, 0x0a, 0x36, 0x35, 0x32, 0x33, 0x34, 0x09, 0x79, 0x75, 0x68,
  0x0a, 0x36, 0x35, 0x32, 0x33, 0x35, 0x09, 0x79, 0x75, 0x6b, 0x69, 0x0a,
  0x36, 0x35, 0x32, 0x33, 0x36, 0x09, 0x79, 0x75, 0x6b, 0x6f, 0x6e, 0x0a,
  0x36, 0x35, 0x32, 0x34, 0x31, 0x09, 0x79, 0x75, 0x6c, 0x65, 0x0a, 0x36,
  0x35, 0x32, 0x34, 0x32, 0x09, 0x79, 0x76, 0x0a, 0x36, 0x35, 0x32, 0x34,
  0x33, 0x09, 0x79, 0x76, 0x65, 0x73, 0x0a, 0x36, 0x35, 0x32, 0x34, 0x34,
  0x09, 0x79, 0x77, 0x0a, 0x36, 0x35, 0x32, 0x34, 0x35, 0x09, 0x79, 0x77,
  0x63, 0x61, 0x0a, 0x36, 0x35, 0x32, 0x34, 0x36, 0x09, 0x79, 0x78, 0x0a,
  0x36, 0x35, 0x32, 0x35, 0x31, 0x09, 0x79, 0x79, 0x0a, 0x36, 0x35, 0x32,
  0x35, 0x32, 0x09, 0x79, 0x79, 0x79, 0x0a, 0x36, 0x35, 0x32, 0x35, 0x33,
  0x09, 0x79, 0x79, 0x79, 0x79, 0x0a, 0x36, 0x35, 0x32, 0x35, 0x34, 0x09,
  0x79, 0x7a, 0x0a, 0x36, 0x35, 0x32, 0x35, 0x35, 0x09, 0x7a, 0x0a, 0x36,
  0x35, 0x32, 0x35, 0x36, 0x09, 0x7a, 0x27, 0x73, 0x0a, 0x36, 0x35, 0x32,
  0x36, 0x31, 0x09, 0x7a, 0x61, 0x0a, 0x36, 0x35, 0x32, 0x36, 0x32, 0x09,
  0x7a, 0x61, 0x67, 0x0a, 0x36, 0x35, 0x32, 0x36, 0x33, 0x09, 0x7a, 0x61,
  0x69, 0x72, 0x65, 0x0a, 0x36, 0x35, 0x32, 0x36, 0x34, 0x09, 0x7a, 0x61,
  0x6e, 0x0a, 0x36, 0x35, 0x32, 0x36, 0x35, 0x09, 0x7a, 0x61, 0x70, 0x0a,
  0x36, 0x35, 0x32, 0x36, 0x36, 0x09, 0x7a, 0x61, 0x7a, 0x65, 0x6e, 0x0a,
  0x36, 0x35, 0x33, 0x31, 0x31, 0x09, 0x7a, 0x62, 0x0a, 0x36, 0x35, 0x33,
  0x31, 0x32, 0x09, 0x7a, 0x63, 0x0a, 0x36, 0x35, 0x33, 0x31, 0x33, 0x09,
  0x7a, 0x64, 0x0a, 0x36, 0x35, 0x33, 0x31, 0x34, 0x09, 0x7a, 0x65, 0x0a,
  0x36, 0x35, 0x33, 0x31, 0x35, 0x09, 0x7a, 0x65, 0x61, 0x6c, 0x0a, 0x36,
  0x35, 0x33, 0x31, 0x36, 0x09, 0x7a, 0x65, 0x61, 0x6c, 0x6f, 0x74, 0x0a,
  0x36, 0x35, 0x33, 0x32, 0x31, 0x09, 0x7a, 0x65, 0x62, 0x72, 0x61, 0x0a,
  0x36, 0x35, 0x33, 0x32, 0x32, 0x09, 0x7a, 0x65, 0x69, 0x73, 0x73, 0x0a,
  0x36, 0x35, 0x33, 0x32, 0x33, 0x09, 0x7a, 0x65, 0x6e, 0x0a, 0x36, 0x35,
  0x33, 0x32, 0x34, 0x09, 0x7a, 0x65, 0x72, 0x6f, 0x0a, 0x36, 0x35, 0x33,
  0x32, 0x35, 0x09, 0x7a, 0x65, 0x73, 0x74, 0x0a, 0x36, 0x35, 0x33, 0x32,
  0x36, 0x09, 0x7a, 0x65, 0x73, 0x74, 0x79, 0x0a, 0x36, 0x35, 0x33, 0x33,
  0x31, 0x09, 0x7a, 0x65, 0x74, 0x61, 0x0a, 0x36, 0x35, 0x33, 0x33, 0x32,
  0x09, 0x7a, 0x65, 0x75, 0x73, 0x0a, 0x36, 0x35, 0x33, 0x33, 0x33, 0x09,
  0x7a, 0x66, 0x0a, 0x36, 0x35, 0x33, 0x33, 0x34, 0x09, 0x7a, 0x67, 0x0a,
  0x36, 0x35, 0x33, 0x33, 0x35, 0x09, 0x7a, 0x68, 0x0a, 0x36, 0x35, 0x33,
  0x33, 0x36, 0x09, 0x7a, 0x69, 0x0a, 0x36, 0x35, 0x33, 0x34, 0x31, 0x09,
  0x7a, 0x69, 0x67, 0x0a, 0x36, 0x35, 0x33, 0x34, 0x32, 0x09, 0x7a, 0x69,
  0x6c, 0x63, 0x68, 0x0a, 0x36, 0x35, 0x33, 0x34, 0x33, 0x09, 0x7a, 0x69,
  0x6e, 0x63, 0x0a, 0x36, 0x35, 0x33, 0x34, 0x34, 0x09, 0x7a, 0x69, 0x6e,
  0x67, 0x0a, 0x36, 0x35, 0x33, 0x34, 0x35, 0x09, 0x7a, 0x69, 0x6f, 0x6e,
  0x0a, 0x36, 0x35, 0x33, 0x34, 0x36, 0x09, 0x7a, 0x69, 0x70, 0x0a, 0x36,
  0x35, 0x33, 0x35, 0x31, 0x09, 0x7a, 0x6a, 0x0a, 0x36, 0x35, 0x33, 0x35,
  0x32, 0x09, 0x7a, 0x6b, 0x0a, 0x36, 0x35, 0x33, 0x35, 0x33, 0x09, 0x7a,
  0x6c, 0x0a, 0x36, 0x35, 0x33, 0x35, 0x34, 0x09, 0x7a, 0x6c, 0x6f, 0x74,
  0x79, 0x0a, 0x36, 0x35, 0x33, 0x35, 0x35, 0x09, 0x7a, 0x6d, 0x0a, 0x36,
  0x35, 0x33, 0x35, 0x36, 0x09, 0x7a, 0x6e, 0x0a, 0x36, 0x35, 0x33, 0x36,
  0x31, 0x09, 0x7a, 0x6f, 0x0a, 0x36, 0x35, 0x33, 0x36, 0x32, 0x09, 0x7a,
  0x6f, 0x65, 0x0a, 0x36, 0x35, 0x33, 0x36, 0x33, 0x09, 0x7a, 0x6f, 0x6d,
  0x62, 0x61, 0x0a, 0x36, 0x35, 0x33, 0x36, 0x34, 0x09, 0x7a, 0x6f, 0x6e,
  0x65, 0x0a, 0x36, 0x35, 0x33, 0x36, 0x35, 0x09, 0x7a, 0x6f, 0x6f, 0x0a,
  0x36, 0x35, 0x33, 0x36, 0x36, 0x09, 0x7a, 0x6f, 0x6f, 0x6d, 0x0a, 0x36,
  0x35, 0x34, 0x31, 0x31, 0x09, 0x7a, 0x6f, 0x72, 0x6e, 0x0a, 0x36, 0x35,
  0x34, 0x31, 0x32, 0x09, 0x7a, 0x70, 0x0a, 0x36, 0x35, 0x34, 0x31, 0x33,
  0x09, 0x7a, 0x71, 0x0a, 0x36, 0x35, 0x34, 0x31, 0x34, 0x09, 0x7a, 0x72,
  0x0a, 0x36, 0x35, 0x34, 0x31, 0x35, 0x09, 0x7a, 0x73, 0x0a, 0x36, 0x35,
  0x34, 0x31, 0x36, 0x09, 0x7a, 0x74, 0x0a, 0x36, 0x35, 0x34, 0x32, 0x31,
  0x09, 0x7a, 0x75, 0x0a, 0x36, 0x35, 0x34, 0x32, 0x32, 0x09, 0x7a, 0x75,
  0x72, 0x69, 0x63, 0x68, 0x0a, 0x36, 0x35, 0x34, 0x32, 0x33, 0x09, 0x7a,
  0x76, 0x0a, 0x36, 0x35, 0x34, 0x32, 0x34, 0x09, 0x7a, 0x77, 0x0a, 0x36,
  0x35, 0x34, 0x32, 0x35, 0x09, 0x7a, 0x78, 0x0a, 0x36, 0x35, 0x34, 0x32,
  0x36, 0x09, 0x7a, 0x79, 0x0a, 0x36, 0x35, 0x34, 0x33, 0x31, 0x09, 0x7a,
  0x7a, 0x0a, 0x36, 0x35, 0x34, 0x33, 0x32, 0x09, 0x7a, 0x7a, 0x7a, 0x0a,
  0x36, 0x35, 0x34, 0x33, 0x33, 0x09, 0x7a, 0x7a, 0x7a, 0x7a, 0x0a, 0x36,
  0x35, 0x34, 0x33, 0x34, 0x09, 0x30, 0x0a, 0x36, 0x35, 0x34, 0x33, 0x35,
  0x09, 0x31, 0x0a, 0x36, 0x35, 0x34, 0x33, 0x36, 0x09, 0x32, 0x0a, 0x36,
  0x35, 0x34, 0x34, 0x31, 0x09, 0x33, 0x0a, 0x36, 0x35, 0x34, 0x34, 0x32,
  0x09, 0x34, 0x0a, 0x36, 0x35, 0x34, 0x34, 0x33, 0x09, 0x35, 0x0a, 0x36,
  0x35, 0x34, 0x34, 0x34, 0x09, 0x36, 0x0a, 0x36, 0x35, 0x34, 0x34, 0x35,
  0x09, 0x37, 0x0a, 0x36, 0x35, 0x34, 0x34, 0x36, 0x09, 0x38, 0x0a, 0x36,
  0x35, 0x34, 0x35, 0x31, 0x09, 0x39, 0x0a, 0x36, 0x35, 0x34, 0x35, 0x32,
  0x09, 0x31, 0x30, 0x0a, 0x36, 0x35, 0x34, 0x35, 0x33, 0x09, 0x31, 0x31,
  0x0a, 0x36, 0x35, 0x34, 0x35, 0x34, 0x09, 0x31, 0x32, 0x0a, 0x36, 0x35,
  0x34, 0x35, 0x35, 0x09, 0x31, 0x33, 0x0a, 0x36, 0x35, 0x34, 0x35, 0x36,
  0x09, 0x31, 0x34, 0x0a, 0x36, 0x35, 0x34, 0x36, 0x31, 0x09, 0x31, 0x35,
  0x0a, 0x36, 0x35, 0x34, 0x36, 0x32, 0x09, 0x31, 0x36, 0x0a, 0x36, 0x35,
  0x34, 0x36, 0x33, 0x09, 0x31, 0x37, 0x0a, 0x36, 0x35, 0x34, 0x36, 0x34,
  0x09, 0x31, 0x38, 0x0a, 0x36, 0x35, 0x34, 0x36, 0x35, 0x09, 0x31, 0x39,
  0x0a, 0x36, 0x35, 0x34, 0x36, 0x36, 0x09, 0x32, 0x30, 0x0a, 0x36, 0x35,
  0x35, 0x31, 0x31, 0x09, 0x32, 0x31, 0x0a, 0x36, 0x35, 0x35, 0x31, 0x32,
  0x09, 0x32, 0x32, 0x0a, 0x36, 0x35, 0x35, 0x31, 0x33, 0x09, 0x32, 0x33,
  0x0a, 0x36, 0x35, 0x35, 0x31, 0x34, 0x09, 0x32, 0x34, 0x0a, 0x36, 0x35,
  0x35, 0x31, 0x35, 0x09, 0x32, 0x35, 0x0a, 0x36, 0x35, 0x35, 0x31, 0x36,
  0x09, 0x32, 0x36, 0x0a, 0x36, 0x35, 0x35, 0x32, 0x31, 0x09, 0x32, 0x37,
  0x0a, 0x36, 0x35, 0x35, 0x32, 0x32, 0x09, 0x32, 0x38, 0x0a, 0x36, 0x35,
  0x35, 0x32, 0x33, 0x09, 0x32, 0x39, 0x0a, 0x36, 0x35, 0x35, 0x32, 0x34,
  0x09, 0x33, 0x30, 0x0a, 0x36, 0x35, 0x35, 0x32, 0x35, 0x09, 0x33, 0x31,
  0x0a, 0x36, 0x35, 0x35, 0x32, 0x36, 0x09, 0x33, 0x32, 0x0a, 0x36, 0x35,
  0x35, 0x33, 0x31, 0x09, 0x33, 0x33, 0x0a, 0x36, 0x35, 0x35, 0x33, 0x32,
  0x09, 0x33, 0x34, 0x0a, 0x36, 0x35, 0x35, 0x33, 0x33, 0x09, 0x33, 0x35,
  0x0a, 0x36, 0x35, 0x35, 0x33, 0x34, 0x09, 0x33, 0x36, 0x0a, 0x36, 0x35,
  0x35, 0x33, 0x35, 0x09, 0x33, 0x37, 0x0a, 0x36, 0x35, 0x35, 0x33, 0x36,
  0x09, 0x33, 0x38, 0x0a, 0x36, 0x35, 0x35, 0x34, 0x31, 0x09, 0x33, 0x39,
  0x0a, 0x36, 0x35, 0x35, 0x34, 0x32, 0x09, 0x34, 0x30, 0x0a, 0x36, 0x35,
  0x35, 0x34, 0x33, 0x09, 0x34, 0x31, 0x0a, 0x36, 0x35, 0x35, 0x34, 0x34,
  0x09, 0x34, 0x32, 0x0a, 0x36, 0x35, 0x35, 0x34, 0x35, 0x09, 0x34, 0x33,
  0x0a, 0x36, 0x35, 0x35, 0x34, 0x36, 0x09, 0x34, 0x34, 0x0a, 0x36, 0x35,
  0x35, 0x35, 0x31, 0x09, 0x34, 0x35, 0x0a, 0x36, 0x35, 0x35, 0x35, 0x32,
  0x09, 0x34, 0x36, 0x0a, 0x36, 0x35, 0x35, 0x35, 0x33, 0x09, 0x34, 0x37,
  0x0a, 0x36, 0x35, 0x35, 0x35, 0x34, 0x09, 0x34, 0x38, 0x0a, 0x36, 0x35,
  0x35, 0x35, 0x35, 0x09, 0x34, 0x39, 0x0a, 0x36, 0x35, 0x35, 0x35, 0x36,
  0x09, 0x35, 0x30, 0x0a, 0x36, 0x35, 0x35, 0x36, 0x31, 0x09, 0x35, 0x31,
  0x0a, 0x36, 0x35, 0x35, 0x36, 0x32, 0x09, 0x35, 0x32, 0x0a, 0x36, 0x35,
  0x35, 0x36, 0x33, 0x09, 0x35, 0x33, 0x0a, 0x36, 0x35, 0x35, 0x36, 0x34,
  0x09, 0x35, 0x34, 0x0a, 0x36, 0x35, 0x35, 0x36, 0x35, 0x09, 0x35, 0x35,
  0x0a, 0x36, 0x35, 0x35, 0x36, 0x36, 0x09, 0x35, 0x36, 0x0a, 0x36, 0x35,
  0x36, 0x31, 0x31, 0x09, 0x35, 0x37, 0x0a, 0x36, 0x35, 0x36, 0x31, 0x32,
  0x09, 0x35, 0x38, 0x0a, 0x36, 0x35, 0x36, 0x31, 0x33, 0x09, 0x35, 0x39,
  0x0a, 0x36, 0x35, 0x36, 0x31, 0x34, 0x09, 0x36, 0x30, 0x0a, 0x36, 0x35,
  0x36, 0x31, 0x35, 0x09, 0x36, 0x31, 0x0a, 0x36, 0x35, 0x36, 0x31, 0x36,
  0x09, 0x36, 0x32, 0x0a, 0x36, 0x35, 0x36, 0x32, 0x31, 0x09, 0x36, 0x33,
  0x0a, 0x36, 0x35, 0x36, 0x32, 0x32, 0x09, 0x36, 0x34, 0x0a, 0x36, 0x35,
  0x36, 0x32, 0x33, 0x09, 0x36, 0x35, 0x0a, 0x36, 0x35, 0x36, 0x32, 0x34,
  0x09, 0x36, 0x36, 0x0a, 0x36, 0x35, 0x36, 0x32, 0x35, 0x09, 0x36, 0x37,
  0x0a, 0x36, 0x35, 0x36, 0x32, 0x36, 0x09, 0x36, 0x38, 0x0a, 0x36, 0x35,
  0x36, 0x33, 0x31, 0x09, 0x36, 0x39, 0x0a, 0x36, 0x35, 0x36, 0x33, 0x32,
  0x09, 0x37, 0x30, 0x0a, 0x36, 0x35, 0x36, 0x33, 0x33, 0x09, 0x37, 0x31,
  0x0a, 0x36, 0x35, 0x36, 0x33, 0x34, 0x09, 0x37, 0x32, 0x0a, 0x36, 0x35,
  0x36, 0x33, 0x35, 0x09, 0x37, 0x33, 0x0a, 0x36, 0x35, 0x36, 0x33, 0x36,
  0x09, 0x37, 0x34, 0x0a, 0x36, 0x35, 0x36, 0x34, 0x31, 0x09, 0x37, 0x35,
  0x0a, 0x36, 0x35, 0x36, 0x34, 0x32, 0x09, 0x37, 0x36, 0x0a, 0x36, 0x35,
  0x36, 0x34, 0x33, 0x09, 0x37, 0x37, 0x0a, 0x36, 0x35, 0x36, 0x34, 0x34,
  0x09, 0x37, 0x38, 0x0a, 0x36, 0x35, 0x36, 0x34, 0x35, 0x09, 0x37, 0x39,
  0x0a, 0x36, 0x35, 0x36, 0x34, 0x36, 0x09, 0x38, 0x30, 0x0a, 0x36, 0x35,
  0x36, 0x35, 0x31, 0x09, 0x38, 0x31, 0x0a, 0x36, 0x35, 0x36, 0x35, 0x32,
  0x09, 0x38, 0x32, 0x0a, 0x36, 0x35, 0x36, 0x35, 0x33, 0x09, 0x38, 0x33,
  0x0a, 0x36, 0x35, 0x36, 0x35, 0x34, 0x09, 0x38, 0x34, 0x0a, 0x36, 0x35,
  0x36, 0x35, 0x35, 0x09, 0x38, 0x35, 0x0a, 0x36, 0x35, 0x36, 0x35, 0x36,
  0x09, 0x38, 0x36, 0x0a, 0x36, 0x35, 0x36, 0x36, 0x31, 0x09, 0x38, 0x37,
  0x0a, 0x36, 0x35, 0x36, 0x36, 0x32, 0x09, 0x38, 0x38, 0x0a, 0x36, 0x35,
  0x36, 0x36, 0x33, 0x09, 0x38, 0x39, 0x0a, 0x36, 0x35, 0x36, 0x36, 0x34,
  0x09, 0x39, 0x30, 0x0a, 0x36, 0x35, 0x36, 0x36, 0x35, 0x09, 0x39, 0x31,
  0x0a, 0x36, 0x35, 0x36, 0x36, 0x36, 0x09, 0x39, 0x32, 0x0a, 0x36, 0x36,
  0x31, 0x31, 0x31, 0x09, 0x39, 0x33, 0x0a, 0x36, 0x36, 0x31, 0x31, 0x32,
  0x09, 0x39, 0x34, 0x0a, 0x36, 0x36, 0x31, 0x31, 0x33, 0x09, 0x39, 0x35,
  0x0a, 0x36, 0x36, 0x31, 0x31, 0x34, 0x09, 0x39, 0x36, 0x0a, 0x36, 0x36,
  0x31, 0x31, 0x35, 0x09, 0x39, 0x37, 0x0a, 0x36, 0x36, 0x31, 0x31, 0x36,
  0x09, 0x39, 0x38, 0x0a, 0x36, 0x36, 0x31, 0x32, 0x31, 0x09, 0x39, 0x39,
  0x0a, 0x36, 0x36, 0x31, 0x32, 0x32, 0x09, 0x31, 0x30, 0x30, 0x0a, 0x36,
  0x36, 0x31, 0x32, 0x33, 0x09, 0x31, 0x30, 0x31, 0x0a, 0x36, 0x36, 0x31,
  0x32, 0x34, 0x09, 0x31, 0x31, 0x31, 0x0a, 0x36, 0x36, 0x31, 0x32, 0x35,
  0x09, 0x31, 0x32, 0x33, 0x0a, 0x36, 0x36, 0x31, 0x32, 0x36, 0x09, 0x32,
  0x30, 0x30, 0x0a, 0x36, 0x36, 0x31, 0x33, 0x31, 0x09, 0x32, 0x32, 0x32,
  0x0a, 0x36, 0x36, 0x31, 0x33, 0x32, 0x09, 0x32, 0x33, 0x34, 0x0a, 0x36,
  0x36, 0x31, 0x33, 0x33, 0x09, 0x33, 0x30, 0x30, 0x0a, 0x36, 0x36, 0x31,
  0x33, 0x34, 0x09, 0x33, 0x33, 0x33, 0x0a, 0x36, 0x36, 0x31, 0x33, 0x35,
  0x09, 0x33, 0x34, 0x35, 0x0a, 0x36, 0x36, 0x31, 0x33, 0x36, 0x09, 0x34,
  0x30, 0x30, 0x0a, 0x36, 0x36, 0x31, 0x34, 0x31, 0x09, 0x34, 0x34, 0x34,
  0x0a, 0x36, 0x36, 0x31, 0x34, 0x32, 0x09, 0x34, 0x35, 0x36, 0x0a, 0x36,
  0x36, 0x31, 0x34, 0x33, 0x09, 0x35, 0x30, 0x30, 0x0a, 0x36, 0x36, 0x31,
  0x34, 0x34, 0x09, 0x35, 0x35, 0x35, 0x0a, 0x36, 0x36, 0x31, 0x34, 0x35,
  0x09, 0x35, 0x36, 0x37, 0x0a, 0x36, 0x36, 0x31, 0x34, 0x36, 0x09, 0x36,
  0x30, 0x30, 0x0a, 0x36, 0x36, 0x31, 0x35, 0x31, 0x09, 0x36, 0x36, 0x36,
  0x0a, 0x36, 0x36, 0x31, 0x35, 0x32, 0x09, 0x36, 0x37, 0x38, 0x0a, 0x36,
  0x36, 0x31, 0x35, 0x33, 0x09, 0x37, 0x30, 0x30, 0x0a, 0x36, 0x36, 0x31,
  0x35, 0x34, 0x09, 0x37, 0x37, 0x37, 0x0a, 0x36, 0x36, 0x31, 0x35, 0x35,
  0x09, 0x37, 0x38, 0x39, 0x0a, 0x36, 0x36, 0x31, 0x35, 0x36, 0x09, 0x38,
  0x30, 0x30, 0x0a, 0x36, 0x36, 0x31, 0x36, 0x31, 0x09, 0x38, 0x38, 0x38,
  0x0a, 0x36, 0x36, 0x31, 0x36, 0x32, 0x09, 0x39, 0x30, 0x30, 0x0a, 0x36,
  0x36, 0x31, 0x36, 0x33, 0x09, 0x39, 0x39, 0x39, 0x0a, 0x36, 0x36, 0x31,
  0x36, 0x34, 0x09, 0x31, 0x30, 0x30, 0x30, 0x0a, 0x36, 0x36, 0x31, 0x36,
  0x35, 0x09, 0x31, 0x31, 0x31, 0x31, 0x0a, 0x36, 0x36, 0x31, 0x36, 0x36,
  0x09, 0x31, 0x32, 0x33, 0x34, 0x0a, 0x36, 0x36, 0x32, 0x31, 0x31, 0x09,
  0x31, 0x34, 0x39, 0x32, 0x0a, 0x36, 0x36, 0x32, 0x31, 0x32, 0x09, 0x31,
  0x35, 0x30, 0x30, 0x0a, 0x36, 0x36, 0x32, 0x31, 0x33, 0x09, 0x31, 0x36,
  0x30, 0x30, 0x0a, 0x36, 0x36, 0x32, 0x31, 0x34, 0x09, 0x31, 0x37, 0x30,
  0x30, 0x0a, 0x36, 0x36, 0x32, 0x31, 0x35, 0x09, 0x31, 0x37, 0x37, 0x36,
  0x0a, 0x36, 0x36, 0x32, 0x31, 0x36, 0x09, 0x31, 0x38, 0x30, 0x30, 0x0a,
  0x36, 0x36, 0x32, 0x32, 0x31, 0x09, 0x31, 0x38, 0x31, 0x32, 0x0a, 0x36,
  0x36, 0x32, 0x32, 0x32, 0x09, 0x31, 0x39, 0x30, 0x30, 0x0a, 0x36, 0x36,
  0x32, 0x32, 0x33, 0x09, 0x31, 0x39, 0x31, 0x30, 0x0a, 0x36, 0x36, 0x32,
  0x32, 0x34, 0x09, 0x31, 0x39, 0x32, 0x30, 0x0a, 0x36, 0x36, 0x32, 0x32,
  0x35, 0x09, 0x31, 0x39, 0x32, 0x35, 0x0a, 0x36, 0x36, 0x32, 0x32, 0x36,
  0x09, 0x31, 0x39, 0x33, 0x30, 0x0a, 0x36, 0x36, 0x32, 0x33, 0x31, 0x09,
  0x31, 0x39, 0x33, 0x35, 0x0a, 0x36, 0x36, 0x32, 0x33, 0x32, 0x09, 0x31,
  0x39, 0x34, 0x30, 0x0a, 0x36, 0x36, 0x32, 0x33, 0x33, 0x09, 0x31, 0x39,
  0x34, 0x35, 0x0a, 0x36, 0x36, 0x32, 0x33, 0x34, 0x09, 0x31, 0x39, 0x35,
  0x30, 0x0a, 0x36, 0x36, 0x32, 0x33, 0x35, 0x09, 0x31, 0x39, 0x35, 0x35,
  0x0a, 0x36, 0x36, 0x32, 0x33, 0x36, 0x09, 0x31, 0x39, 0x36, 0x30, 0x0a,
  0x36, 0x36, 0x32, 0x34, 0x31, 0x09, 0x31, 0x39, 0x36, 0x35, 0x0a, 0x36,
  0x36, 0x32, 0x34, 0x32, 0x09, 0x31, 0x39, 0x37, 0x30, 0x0a, 0x36, 0x36,
  0x32, 0x34, 0x33, 0x09, 0x31, 0x39, 0x37, 0x35, 0x0a, 0x36, 0x36, 0x32,
  0x34, 0x34, 0x09, 0x31, 0x39, 0x38, 0x30, 0x0a, 0x36, 0x36, 0x32, 0x34,
  0x35, 0x09, 0x31, 0x39, 0x38, 0x35, 0x0a, 0x36, 0x36, 0x32, 0x34, 0x36,
  0x09, 0x31, 0x39, 0x39, 0x30, 0x0a, 0x36, 0x36, 0x32, 0x35, 0x31, 0x09,
  0x31, 0x39, 0x39, 0x31, 0x0a, 0x36, 0x36, 0x32, 0x35, 0x32, 0x09, 0x31,
  0x39, 0x39, 0x32, 0x0a, 0x36, 0x36, 0x32, 0x35, 0x33, 0x09, 0x31, 0x39,
  0x39, 0x33, 0x0a, 0x36, 0x36, 0x32, 0x35, 0x34, 0x09, 0x31, 0x39, 0x39,
  0x34, 0x0a, 0x36, 0x36, 0x32, 0x35, 0x35, 0x09, 0x31, 0x39, 0x39, 0x35,
  0x0a, 0x36, 0x36, 0x32, 0x35, 0x36, 0x09, 0x31, 0x39, 0x39, 0x36, 0x0a,
  0x36, 0x36, 0x32, 0x36, 0x31, 0x09, 0x31, 0x39, 0x39, 0x37, 0x0a, 0x36,
  0x36, 0x32, 0x36, 0x32, 0x09, 0x32, 0x30, 0x30, 0x30, 0x0a, 0x36, 0x36,
  0x32, 0x36, 0x33, 0x09, 0x32, 0x30, 0x30, 0x31, 0x0a, 0x36, 0x36, 0x32,
  0x36, 0x34, 0x09, 0x32, 0x30, 0x32, 0x30, 0x0a, 0x36, 0x36, 0x32, 0x36,
  0x35, 0x09, 0x32, 0x32, 0x32, 0x32, 0x0a, 0x36, 0x36, 0x32, 0x36, 0x36,
  0x09, 0x32, 0x33, 0x34, 0x35, 0x0a, 0x36, 0x36, 0x33, 0x31, 0x31, 0x09,
  0x32, 0x34, 0x36, 0x38, 0x0a, 0x36, 0x36, 0x33, 0x31, 0x32, 0x09, 0x33,
  0x30, 0x30, 0x30, 0x0a, 0x36, 0x36, 0x33, 0x31, 0x33, 0x09, 0x33, 0x33,
  0x33, 0x33, 0x0a, 0x36, 0x36, 0x33, 0x31, 0x34, 0x09, 0x33, 0x34, 0x35,
  0x36, 0x0a, 0x36, 0x36, 0x33, 0x31, 0x35, 0x09, 0x34, 0x30, 0x30, 0x30,
  0x0a, 0x36, 0x36, 0x33, 0x31, 0x36, 0x09, 0x34, 0x33, 0x32, 0x31, 0x0a,
  0x36, 0x36, 0x33, 0x32, 0x31, 0x09, 0x34, 0x34, 0x34, 0x34, 0x0a, 0x36,
  0x36, 0x33, 0x32, 0x32, 0x09, 0x34, 0x35, 0x36, 0x37, 0x0a, 0x36, 0x36,
  0x33, 0x32, 0x33, 0x09, 0x35, 0x30, 0x30, 0x30, 0x0a, 0x36, 0x36, 0x33,
  0x32, 0x34, 0x09, 0x35, 0x35, 0x35, 0x35, 0x0a, 0x36, 0x36, 0x33, 0x32,
  0x35, 0x09, 0x35, 0x36, 0x37, 0x38, 0x0a, 0x36, 0x36, 0x33, 0x32, 0x36,
  0x09, 0x36, 0x30, 0x30, 0x30, 0x0a, 0x36, 0x36, 0x33, 0x33, 0x31, 0x09,
  0x36, 0x36, 0x36, 0x36, 0x0a, 0x36, 0x36, 0x33, 0x33, 0x32, 0x09, 0x36,
  0x37, 0x38, 0x39, 0x0a, 0x36, 0x36, 0x33, 0x33, 0x33, 0x09, 0x37, 0x30,
  0x30, 0x30, 0x0a, 0x36, 0x36, 0x33, 0x33, 0x34, 0x09, 0x37, 0x37, 0x37,
  0x37, 0x0a, 0x36, 0x36, 0x33, 0x33, 0x35, 0x09, 0x38, 0x30, 0x30, 0x30,
  0x0a, 0x36, 0x36, 0x33, 0x33, 0x36, 0x09, 0x38, 0x38, 0x38, 0x38, 0x0a,
  0x36, 0x36, 0x33, 0x34, 0x31, 0x09, 0x39, 0x30, 0x30, 0x30, 0x0a, 0x36,
  0x36, 0x33, 0x34, 0x32, 0x09, 0x39, 0x38, 0x37, 0x36, 0x0a, 0x36, 0x36,
  0x33, 0x34, 0x33, 0x09, 0x39, 0x39, 0x39, 0x39, 0x0a, 0x36, 0x36, 0x33,
  0x34, 0x34, 0x09, 0x31, 0x30, 0x30, 0x74, 0x68, 0x0a, 0x36, 0x36, 0x33,
  0x34, 0x35, 0x09, 0x31, 0x30, 0x31, 0x73, 0x74, 0x0a, 0x36, 0x36, 0x33,
  0x34, 0x36, 0x09, 0x31, 0x30, 0x74, 0x68, 0x0a, 0x36, 0x36, 0x33, 0x35,
  0x31, 0x09, 0x31, 0x31, 0x74, 0x68, 0x0a, 0x36, 0x36, 0x33, 0x35, 0x32,
  0x09, 0x31, 0x32, 0x74, 0x68, 0x0a, 0x36, 0x36, 0x33, 0x35, 0x33, 0x09,
  0x31, 0x33, 0x74, 0x68, 0x0a, 0x36, 0x36, 0x33, 0x35, 0x34, 0x09, 0x31,
  0x34, 0x74, 0x68, 0x0a, 0x36, 0x36, 0x33, 0x35, 0x35, 0x09, 0x31, 0x35,
  0x74, 0x68, 0x0a, 0x36, 0x36, 0x33, 0x35, 0x36, 0x09, 0x31, 0x36, 0x74,
  0x68, 0x0a, 0x36, 0x36, 0x33, 0x36, 0x31, 0x09, 0x31, 0x37, 0x74, 0x68,
  0x0a, 0x36, 0x36, 0x33, 0x36, 0x32, 0x09, 0x31, 0x38, 0x74, 0x68, 0x0a,
  0x36, 0x36, 0x33, 0x36, 0x33, 0x09, 0x31, 0x39, 0x74, 0x68, 0x0a, 0x36,
  0x36, 0x33, 0x36, 0x34, 0x09, 0x31, 0x73, 0x74, 0x0a, 0x36, 0x36, 0x33,
  0x36, 0x35, 0x09, 0x32, 0x30, 0x74, 0x68, 0x0a, 0x36, 0x36, 0x33, 0x36,
  0x36, 0x09, 0x32, 0x31, 0x73, 0x74, 0x0a, 0x36, 0x36, 0x34, 0x31, 0x31,
  0x09, 0x32, 0x32, 0x6e, 0x64, 0x0a, 0x36, 0x36, 0x34, 0x31, 0x32, 0x09,
  0x32, 0x33, 0x72, 0x64, 0x0a, 0x36, 0x36, 0x34, 0x31, 0x33, 0x09, 0x32,
  0x34, 0x74, 0x68, 0x0a, 0x36, 0x36, 0x34, 0x31, 0x34, 0x09, 0x32, 0x35,
  0x74, 0x68, 0x0a, 0x36, 0x36, 0x34, 0x31, 0x35, 0x09, 0x32, 0x36, 0x74,
  0x68, 0x0a, 0x36, 0x36, 0x34, 0x31, 0x36, 0x09, 0x32, 0x37, 0x74, 0x68,
  0x0a, 0x36, 0x36, 0x34, 0x32, 0x31, 0x09, 0x32, 0x38, 0x74, 0x68, 0x0a,
  0x36, 0x36, 0x34, 0x32, 0x32, 0x09, 0x32, 0x39, 0x74, 0x68, 0x0a, 0x36,
  0x36, 0x34, 0x32, 0x33, 0x09, 0x32, 0x6e, 0x64, 0x0a, 0x36, 0x36, 0x34,
  0x32, 0x34, 0x09, 0x33, 0x30, 0x74, 0x68, 0x0a, 0x36, 0x36, 0x34, 0x32,
  0x35, 0x09, 0x33, 0x31, 0x73, 0x74, 0x0a, 0x36, 0x36, 0x34, 0x32, 0x36,
  0x09, 0x33, 0x32, 0x6e, 0x64, 0x0a, 0x36, 0x36, 0x34, 0x33, 0x31, 0x09,
  0x33, 0x33, 0x72, 0x64, 0x0a, 0x36, 0x36, 0x34, 0x33, 0x32, 0x09, 0x33,
  0x34, 0x74, 0x68, 0x0a, 0x36, 0x36, 0x34, 0x33, 0x33, 0x09, 0x33, 0x35,
  0x74, 0x68, 0x0a, 0x36, 0x36, 0x34, 0x33, 0x34, 0x09, 0x33, 0x36, 0x74,
  0x68, 0x0a, 0x36, 0x36, 0x34, 0x33, 0x35, 0x09, 0x33, 0x37, 0x74, 0x68,
  0x0a, 0x36, 0x36, 0x34, 0x33, 0x36, 0x09, 0x33, 0x38, 0x74, 0x68, 0x0a,
  0x36, 0x36, 0x34, 0x34, 0x31, 0x09, 0x33, 0x39, 0x74, 0x68, 0x0a, 0x36,
  0x36, 0x34, 0x34, 0x32, 0x09, 0x33, 0x72, 0x64, 0x0a, 0x36, 0x36, 0x34,
  0x34, 0x33, 0x09, 0x34, 0x30, 0x74, 0x68, 0x0a, 0x36, 0x36, 0x34, 0x34,
  0x34, 0x09, 0x34, 0x31, 0x73, 0x74, 0x0a, 0x36, 0x36, 0x34, 0x34, 0x35,
  0x09, 0x34, 0x32, 0x6e, 0x64, 0x0a, 0x36, 0x36, 0x34, 0x34, 0x36, 0x09,
  0x34, 0x33, 0x72, 0x64, 0x0a, 0x36, 0x36, 0x34, 0x35, 0x31, 0x09, 0x34,
  0x34, 0x74, 0x68, 0x0a, 0x36, 0x36, 0x34, 0x35, 0x32, 0x09, 0x34, 0x35,
  0x74, 0x68, 0x0a, 0x36, 0x36, 0x34, 0x35, 0x33, 0x09, 0x34, 0x36, 0x74,
  0x68, 0x0a, 0x36, 0x36, 0x34, 0x35, 0x34, 0x09, 0x34, 0x37, 0x74, 0x68,
  0x0a, 0x36, 0x36, 0x34, 0x35, 0x35, 0x09, 0x34, 0x38, 0x74, 0x68, 0x0a,
  0x36, 0x36, 0x34, 0x35, 0x36, 0x09, 0x34, 0x39, 0x74, 0x68, 0x0a, 0x36,
  0x36, 0x34, 0x36, 0x31, 0x09, 0x34, 0x74, 0x68, 0x0a, 0x36, 0x36, 0x34,
  0x36, 0x32, 0x09, 0x35, 0x30, 0x74, 0x68, 0x0a, 0x36, 0x36, 0x34, 0x36,
  0x33, 0x09, 0x35, 0x31, 0x73, 0x74, 0x0a, 0x36, 0x36, 0x34, 0x36, 0x34,
  0x09, 0x35, 0x32, 0x6e, 0x64, 0x0a, 0x36, 0x36, 0x34, 0x36, 0x35, 0x09,
  0x35, 0x33, 0x72, 0x64, 0x0a, 0x36, 0x36, 0x34, 0x36, 0x36, 0x09, 0x35,
  0x34, 0x74, 0x68, 0x0a, 0x36, 0x36, 0x35, 0x31, 0x31, 0x09, 0x35, 0x35,
  0x74, 0x68, 0x0a, 0x36, 0x36, 0x35, 0x31, 0x32, 0x09, 0x35, 0x36, 0x74,
  0x68, 0x0a, 0x36, 0x36, 0x35, 0x31, 0x33, 0x09, 0x35, 0x37, 0x74, 0x68,
  0x0a, 0x36, 0x36, 0x35, 0x31, 0x34, 0x09, 0x35, 0x38, 0x74, 0x68, 0x0a,
  0x36, 0x36, 0x35, 0x31, 0x35, 0x09, 0x35, 0x39, 0x74, 0x68, 0x0a, 0x36,
  0x36, 0x35, 0x31, 0x36, 0x09, 0x35, 0x74, 0x68, 0x0a, 0x36, 0x36, 0x35,
  0x32, 0x31, 0x09, 0x36, 0x30, 0x74, 0x68, 0x0a, 0x36, 0x36, 0x35, 0x32,
  0x32, 0x09, 0x36, 0x31, 0x73, 0x74, 0x0a, 0x36, 0x36, 0x35, 0x32, 0x33,
  0x09, 0x36, 0x32, 0x6e, 0x64, 0x0a, 0x36, 0x36, 0x35, 0x32, 0x34, 0x09,
  0x36, 0x33, 0x72, 0x64, 0x0a, 0x36, 0x36, 0x35, 0x32, 0x35, 0x09, 0x36,
  0x35, 0x74, 0x68, 0x0a, 0x36, 0x36, 0x35, 0x32, 0x36, 0x09, 0x36, 0x36,
  0x74, 0x68, 0x0a, 0x36, 0x36, 0x35, 0x33, 0x31, 0x09, 0x36, 0x37, 0x74,
  0x68, 0x0a, 0x36, 0x36, 0x35, 0x33, 0x32, 0x09, 0x36, 0x38, 0x74, 0x68,
  0x0a, 0x36, 0x36, 0x35, 0x33, 0x33, 0x09, 0x36, 0x39, 0x74, 0x68, 0x0a,
  0x36, 0x36, 0x35, 0x33, 0x34, 0x09, 0x36, 0x74, 0x68, 0x0a, 0x36, 0x36,
  0x35, 0x33, 0x35, 0x09, 0x37, 0x30, 0x74, 0x68, 0x0a, 0x36, 0x36, 0x35,
  0x33, 0x36, 0x09, 0x37, 0x31, 0x73, 0x74, 0x0a, 0x36, 0x36, 0x35, 0x34,
  0x31, 0x09, 0x37, 0x32, 0x6e, 0x64, 0x0a, 0x36, 0x36, 0x35, 0x34, 0x32,
  0x09, 0x37, 0x33, 0x72, 0x64, 0x0a, 0x36, 0x36, 0x35, 0x34, 0x33, 0x09,
  0x37, 0x34, 0x74, 0x68, 0x0a, 0x36, 0x36, 0x35, 0x34, 0x34, 0x09, 0x37,
  0x35, 0x74, 0x68, 0x0a, 0x36, 0x36, 0x35, 0x34, 0x35, 0x09, 0x37, 0x36,
  0x74, 0x68, 0x0a, 0x36, 0x36, 0x35, 0x34, 0x36, 0x09, 0x37, 0x37, 0x74,
  0x68, 0x0a, 0x36, 0x36, 0x35, 0x35, 0x31, 0x09, 0x37, 0x38, 0x74, 0x68,
  0x0a, 0x36, 0x36, 0x35, 0x35, 0x32, 0x09, 0x37, 0x39, 0x74, 0x68, 0x0a,
  0x36, 0x36, 0x35, 0x35, 0x33, 0x09, 0x37, 0x74, 0x68, 0x0a, 0x36, 0x36,
  0x35, 0x35, 0x34, 0x09, 0x38, 0x30, 0x74, 0x68, 0x0a, 0x36, 0x36, 0x35,
  0x35, 0x35, 0x09, 0x38, 0x31, 0x73, 0x74, 0x0a, 0x36, 0x36, 0x35, 0x35,
  0x36, 0x09, 0x38, 0x32, 0x6e, 0x64, 0x0a, 0x36, 0x36, 0x35, 0x36, 0x31,
  0x09, 0x38, 0x33, 0x72, 0x64, 0x0a, 0x36, 0x36, 0x35, 0x36, 0x32, 0x09,
  0x38, 0x34, 0x74, 0x68, 0x0a, 0x36, 0x36, 0x35, 0x36, 0x33, 0x09, 0x38,
  0x35, 0x74, 0x68, 0x0a, 0x36, 0x36, 0x35, 0x36, 0x34, 0x09, 0x38, 0x36,
  0x74, 0x68, 0x0a, 0x36, 0x36, 0x35, 0x36, 0x35, 0x09, 0x38, 0x37, 0x74,
  0x68, 0x0a, 0x36, 0x36, 0x35, 0x36, 0x36, 0x09, 0x38, 0x38, 0x74, 0x68,
  0x0a, 0x36, 0x36, 0x36, 0x31, 0x31, 0x09, 0x38, 0x39, 0x74, 0x68, 0x0a,
  0x36, 0x36, 0x36, 0x31, 0x32, 0x09, 0x38, 0x74, 0x68, 0x0a, 0x36, 0x36,
  0x36, 0x31, 0x33, 0x09, 0x39, 0x30, 0x74, 0x68, 0x0a, 0x36, 0x36, 0x36,
  0x31, 0x34, 0x09, 0x39, 0x31, 0x73, 0x74, 0x0a, 0x36, 0x36, 0x36, 0x31,
  0x35, 0x09, 0x39, 0x32, 0x6e, 0x64, 0x0a, 0x36, 0x36, 0x36, 0x31, 0x36,
  0x09, 0x39, 0x33, 0x72, 0x64, 0x0a, 0x36, 0x36, 0x36, 0x32, 0x31, 0x09,
  0x39, 0x34, 0x74, 0x68, 0x0a, 0x36, 0x36, 0x36, 0x32, 0x32, 0x09, 0x39,
  0x35, 0x74, 0x68, 0x0a, 0x36, 0x36, 0x36, 0x32, 0x33, 0x09, 0x39, 0x36,
  0x74, 0x68, 0x0a, 0x36, 0x36, 0x36, 0x32, 0x34, 0x09, 0x39, 0x37, 0x74,
  0x68, 0x0a, 0x36, 0x36, 0x36, 0x32, 0x35, 0x09, 0x39, 0x38, 0x74, 0x68,
  0x0a, 0x36, 0x36, 0x36, 0x32, 0x36, 0x09, 0x39, 0x39, 0x74, 0x68, 0x0a,
  0x36, 0x36, 0x36, 0x33, 0x31, 0x09, 0x39, 0x74, 0x68, 0x0a, 0x36, 0x36,
  0x36, 0x33, 0x32, 0x09, 0x21, 0x0a, 0x36, 0x36, 0x36, 0x33, 0x33, 0x09,
  0x21, 0x21, 0x0a, 0x36, 0x36, 0x36, 0x33, 0x34, 0x09, 0x22, 0x0a, 0x36,
  0x36, 0x36, 0x33, 0x35, 0x09, 0x23, 0x0a, 0x36, 0x36, 0x36, 0x33, 0x36,
  0x09, 0x23, 0x23, 0x0a, 0x36, 0x36, 0x36, 0x34, 0x31, 0x09, 0x24, 0x0a,
  0x36, 0x36, 0x36, 0x34, 0x32, 0x09, 0x24, 0x24, 0x0a, 0x36, 0x36, 0x36,
  0x34, 0x33, 0x09, 0x25, 0x0a, 0x36, 0x36, 0x36, 0x34, 0x34, 0x09, 0x25,
  0x25, 0x0a, 0x36, 0x36, 0x36, 0x34, 0x35, 0x09, 0x26, 0x0a, 0x36, 0x36,
  0x36, 0x34, 0x36, 0x09, 0x28, 0x0a, 0x36, 0x36, 0x36, 0x35, 0x31, 0x09,
  0x28, 0x29, 0x0a, 0x36, 0x36, 0x36, 0x35, 0x32, 0x09, 0x29, 0x0a, 0x36,
  0x36, 0x36, 0x35, 0x33, 0x09, 0x2a, 0x0a, 0x36, 0x36, 0x36, 0x35, 0x34,
  0x09, 0x2a, 0x2a, 0x0a, 0x36, 0x36, 0x36, 0x35, 0x35, 0x09, 0x2b, 0x0a,
  0x36, 0x36, 0x36, 0x35, 0x36, 0x09, 0x2d, 0x0a, 0x36, 0x36, 0x36, 0x36,
  0x31, 0x09, 0x3a, 0x0a, 0x36, 0x36, 0x36, 0x36, 0x32, 0x09, 0x3b, 0x0a,
  0x36, 0x36, 0x36, 0x36, 0x33, 0x09, 0x3d, 0x0a, 0x36, 0x36, 0x36, 0x36,
  0x34, 0x09, 0x3f, 0x0a, 0x36, 0x36, 0x36, 0x36, 0x35, 0x09, 0x3f, 0x3f,
  0x0a, 0x36, 0x36, 0x36, 0x36, 0x36, 0x09, 0x40, 0x0a
};
unsigned int diceware_wordlist_txt_len = 87393;
